{
    "Name": "Poppy (Joja)",
    "Product": "Poppy (Joja)",
    "SeedName": "Poppy (Joja) Seeds",
	
    "SeedDescription": "Plant in fall for beautiful red poppies for Remembrance Day. Takes 7 days to mature.",
	
    "Type": "Flower",

    "Seasons": ["fall", ],
    "Phases": [ 1, 2, 2, 2 ],
    "RegrowthPhase": -1,
    "HarvestWithScythe": false,
    "TrellisCrop": false,
    "Colors": [
        "255, 34, 22, 1",
    ],
	
    "Bonus": {
        "MinimumPerHarvest": 1,
        "MaximumPerHarvest": 1,
        "MaxIncreasePerFarmLevel": 0,
        "ExtraChance": 0.0,
    },
		
	"SeedPurchaseFrom": "Joja",

    "SeedPurchasePrice": 120,
	"SeedSellPrice": 40,

}
