{
	"Format": "2.0.0",
	
	"ConfigSchema": {
		"Abigail": { "AllowValues": "true, false", "Default": "true" },
		"Alex": { "AllowValues": "true, false", "Default": "true" },
		"AnsweringMachine": { "AllowValues": "true, false", "Default": "true" },
		"Bear": { "AllowValues": "true, false", "Default": "true" },
		"Birdie": { "AllowValues": "true, false", "Default": "true" },
		"Bouncer": { "AllowValues": "true, false", "Default": "true" },
		"Caroline": { "AllowValues": "true, false", "Default": "true" },
		"Clint": { "AllowValues": "true, false", "Default": "true" },
		"Demetrius": { "AllowValues": "true, false", "Default": "true" },
		"Dwarf": { "AllowValues": "true, false", "Default": "true" },
		"Elliott": { "AllowValues": "true, false", "Default": "true" },
		"Emily": { "AllowValues": "true, false", "Default": "true" },
		"Evelyn": { "AllowValues": "true, false", "Default": "true" },
		"Fizz": { "AllowValues": "true, false", "Default": "true" },
		"George": { "AllowValues": "true, false", "Default": "true" },
		"Gil": { "AllowValues": "true, false", "Default": "true" },
		"Governor": { "AllowValues": "true, false", "Default": "true" },
		"Grandpa": { "AllowValues": "true, false", "Default": "true" },
		"Gunther": { "AllowValues": "true, false", "Default": "true" },
		"Gus": { "AllowValues": "true, false", "Default": "true" },
		"Haley": { "AllowValues": "true, false", "Default": "true" },
		"Harvey": { "AllowValues": "true, false", "Default": "true" },
		"Henchman": { "AllowValues": "true, false", "Default": "true" },
		"Jas": { "AllowValues": "true, false", "Default": "true" },
		"Jodi": { "AllowValues": "true, false", "Default": "true" },
		"Kent": { "AllowValues": "true, false", "Default": "true" },
		"Krobus": { "AllowValues": "true, false", "Default": "true" },
		"Leah": { "AllowValues": "true, false", "Default": "true" },
		"Lewis": { "AllowValues": "true, false", "Default": "true" },
		"Linus": { "AllowValues": "true, false", "Default": "true" },
		"Marlon": { "AllowValues": "true, false", "Default": "true" },
		"Marnie": { "AllowValues": "true, false", "Default": "true" },
		"Maru": { "AllowValues": "true, false", "Default": "true" },
		"Morris": { "AllowValues": "true, false", "Default": "true" },
		"MrQi": { "AllowValues": "true, false", "Default": "true" },
		"Pam": { "AllowValues": "true, false", "Default": "true" },
		"ParrotBoy": { "AllowValues": "true, false", "Default": "true" },
		"Penny": { "AllowValues": "true, false", "Default": "true" },
		"Pierre": { "AllowValues": "true, false", "Default": "true" },
		"Robin": { "AllowValues": "true, false", "Default": "true" },
		"SafariGuy": { "AllowValues": "true, false", "Default": "true" },
		"Sam": { "AllowValues": "true, false", "Default": "true" },
		"Sandy": { "AllowValues": "true, false", "Default": "true" },
		"Sebastian": { "AllowValues": "true, false", "Default": "true" },
		"Shane": { "AllowValues": "true, false", "Default": "true" },
		"Vincent": { "AllowValues": "true, false", "Default": "true" },
		"Willy": { "AllowValues": "true, false", "Default": "true" },
		"Wizard": { "AllowValues": "true, false", "Default": "true" },
	},
	
	"Changes": [
		{
			// Abigail
			"Action": "EditImage",
			"Target": "Portraits/Abigail",
			"FromFile": "assets/Abigail.png",
			"When": {
				"Abigail": "true"
			}
		},
		
		{
			// Abigail Beach
			"Action": "EditImage",
			"Target": "Portraits/Abigail_Beach",
			"FromFile": "assets/Abigail_Beach.png",
			"When": {
				"Abigail": "true"
			}
		},

		{
			// Abigail Winter
			"Action": "EditImage",
			"Target": "Portraits/Abigail_Winter",
			"FromFile": "assets/Abigail_Winter.png",
			"When": {
				"Abigail": "true"
			}
		},
		
		{
			// Alex
			"Action": "EditImage",
			"Target": "Portraits/Alex",
			"FromFile": "assets/Alex.png",
			"When": {
				"Alex": "true"
			}
		},
		
		{
			// Alex Beach
			"Action": "EditImage",
			"Target": "Portraits/Alex_Beach",
			"FromFile": "assets/Alex_Beach.png",
			"When": {
				"Alex": "true"
			}
		},

		{
			// Alex Winter
			"Action": "EditImage",
			"Target": "Portraits/Alex_Winter",
			"FromFile": "assets/Alex_Winter.png",
			"When": {
				"Alex": "true"
			}
		},
		
		{
			// Answering Machine
			"Action": "EditImage",
			"Target": "Portraits/AnsweringMachine",
			"FromFile": "assets/AnsweringMachine.png",
			"When": {
				"AnsweringMachine": "true"
			}
		},
		
		{
			// Bear
			"Action": "EditImage",
			"Target": "Portraits/Bear",
			"FromFile": "assets/Bear.png",
			"When": {
				"Bear": "true"
			}
		},
		
		{
			// Birdie
			"Action": "EditImage",
			"Target": "Portraits/Birdie",
			"FromFile": "assets/Birdie.png",
			"When": {
				"Birdie": "true"
			}
		},
		
		{
			// Bouncer
			"Action": "EditImage",
			"Target": "Portraits/Bouncer",
			"FromFile": "assets/Bouncer.png",
			"When": {
				"Bouncer": "true"
			}
		},
		
		{
			// Caroline
			"Action": "EditImage",
			"Target": "Portraits/Caroline",
			"FromFile": "assets/Caroline.png",
			"When": {
				"Caroline": "true"
			}
		},
		
		{
			// Caroline Beach
			"Action": "EditImage",
			"Target": "Portraits/Caroline_Beach",
			"FromFile": "assets/Caroline_Beach.png",
			"When": {
				"Caroline": "true"
			}
		},

		{
			// Caroline Winter
			"Action": "EditImage",
			"Target": "Portraits/Caroline_Winter",
			"FromFile": "assets/Caroline_Winter.png",
			"When": {
				"Caroline": "true"
			}
		},
		
		{
			// Clint
			"Action": "EditImage",
			"Target": "Portraits/Clint",
			"FromFile": "assets/Clint.png",
			"When": {
				"Clint": "true"
			}
		},
		
		{
			// Clint Beach
			"Action": "EditImage",
			"Target": "Portraits/Clint_Beach",
			"FromFile": "assets/Clint_Beach.png",
			"When": {
				"Clint": "true"
			}
		},

		{
			// Clint Winter
			"Action": "EditImage",
			"Target": "Portraits/Clint_Winter",
			"FromFile": "assets/Clint_Winter.png",
			"When": {
				"Clint": "true"
			}
		},
		
		{
			// Demetrius
			"Action": "EditImage",
			"Target": "Portraits/Demetrius",
			"FromFile": "assets/Demetrius.png",
			"When": {
				"Demetrius": "true"
			}
		},

		{
			// Demetrius Winter
			"Action": "EditImage",
			"Target": "Portraits/Demetrius_Winter",
			"FromFile": "assets/Demetrius_Winter.png",
			"When": {
				"Demetrius": "true"
			}
		},
		
		{
			// Dwarf
			"Action": "EditImage",
			"Target": "Portraits/Dwarf",
			"FromFile": "assets/Dwarf.png",
			"When": {
				"Dwarf": "true"
			}
		},
		
		{
			// Elliott
			"Action": "EditImage",
			"Target": "Portraits/Elliott",
			"FromFile": "assets/Elliott.png",
			"When": {
				"Elliott": "true"
			}
		},
		
		{
			// Elliott Beach
			"Action": "EditImage",
			"Target": "Portraits/Elliott_Beach",
			"FromFile": "assets/Elliott_Beach.png",
			"When": {
				"Elliott": "true"
			}
		},

		{
			// Elliott Winter
			"Action": "EditImage",
			"Target": "Portraits/Elliott_Winter",
			"FromFile": "assets/Elliott_Winter.png",
			"When": {
				"Elliott": "true"
			}
		},
		
		{
			// Emily
			"Action": "EditImage",
			"Target": "Portraits/Emily",
			"FromFile": "assets/Emily.png",
			"When": {
				"Emily": "true"
			}
		},
		
		{
			// Emily Beach
			"Action": "EditImage",
			"Target": "Portraits/Emily_Beach",
			"FromFile": "assets/Emily_Beach.png",
			"When": {
				"Emily": "true"
			}
		},

		{
			// Emily Winter
			"Action": "EditImage",
			"Target": "Portraits/Emily_Winter",
			"FromFile": "assets/Emily_Winter.png",
			"When": {
				"Emily": "true"
			}
		},
		
		{
			// Evelyn
			"Action": "EditImage",
			"Target": "Portraits/Evelyn",
			"FromFile": "assets/Evelyn.png",
			"When": {
				"Evelyn": "true"
			}
		},

		{
			// Evelyn Winter
			"Action": "EditImage",
			"Target": "Portraits/Evelyn_Winter",
			"FromFile": "assets/Evelyn_Winter.png",
			"When": {
				"Evelyn": "true"
			}
		},

		{
			// Fizz
			"Action": "EditImage",
			"Target": "Portraits/Fizz",
			"FromFile": "assets/Fizz.png",
			"When": {
				"Fizz": "true"
			}
		},
		
		{
			// George
			"Action": "EditImage",
			"Target": "Portraits/George",
			"FromFile": "assets/George.png",
			"When": {
				"George": "true"
			}
		},

		{
			// George Winter
			"Action": "EditImage",
			"Target": "Portraits/George_Winter",
			"FromFile": "assets/George_Winter.png",
			"When": {
				"George": "true"
			}
		},
		
		{
			// Gil
			"Action": "EditImage",
			"Target": "Portraits/Gil",
			"FromFile": "assets/Gil.png",
			"When": {
				"Gil": "true"
			}
		},
		
		{
			// Governor
			"Action": "EditImage",
			"Target": "Portraits/Governor",
			"FromFile": "assets/Governor.png",
			"When": {
				"Governor": "true"
			}
		},
		
		{
			// Grandpa
			"Action": "EditImage",
			"Target": "Portraits/Grandpa",
			"FromFile": "assets/Grandpa.png",
			"When": {
				"Grandpa": "true"
			}
		},
		
		{
			// Gunther
			"Action": "EditImage",
			"Target": "Portraits/Gunther",
			"FromFile": "assets/Gunther.png",
			"When": {
				"Gunther": "true"
			}
		},
		
		{
			// Gus
			"Action": "EditImage",
			"Target": "Portraits/Gus",
			"FromFile": "assets/Gus.png",
			"When": {
				"Gus": "true"
			}
		},

		{
			// Gus Winter
			"Action": "EditImage",
			"Target": "Portraits/Gus_Winter",
			"FromFile": "assets/Gus_Winter.png",
			"When": {
				"Gus": "true"
			}
		},
		
		{
			// Haley
			"Action": "EditImage",
			"Target": "Portraits/Haley",
			"FromFile": "assets/Haley.png",
			"When": {
				"Haley": "true"
			}
		},
		
		{
			// Haley Beach
			"Action": "EditImage",
			"Target": "Portraits/Haley_Beach",
			"FromFile": "assets/Haley_Beach.png",
			"When": {
				"Haley": "true"
			}
		},

		{
			// Haley Winter
			"Action": "EditImage",
			"Target": "Portraits/Haley_Winter",
			"FromFile": "assets/Haley_Winter.png",
			"When": {
				"Haley": "true"
			}
		},
		
		{
			// Harvey
			"Action": "EditImage",
			"Target": "Portraits/Harvey",
			"FromFile": "assets/Harvey.png",
			"When": {
				"Harvey": "true"
			}
		},
		
		{
			// Harvey Beach
			"Action": "EditImage",
			"Target": "Portraits/Harvey_Beach",
			"FromFile": "assets/Harvey_Beach.png",
			"When": {
				"Harvey": "true"
			}
		},

		{
			// Harvey Winter
			"Action": "EditImage",
			"Target": "Portraits/Harvey_Winter",
			"FromFile": "assets/Harvey_Winter.png",
			"When": {
				"Harvey": "true"
			}
		},
		
		{
			// Henchman
			"Action": "EditImage",
			"Target": "Portraits/Henchman",
			"FromFile": "assets/Henchman.png",
			"When": {
				"Henchman": "true"
			}
		},
		
		{
			// Jas
			"Action": "EditImage",
			"Target": "Portraits/Jas",
			"FromFile": "assets/Jas.png",
			"When": {
				"Jas": "true"
			}
		},

		{
			// Jas Winter
			"Action": "EditImage",
			"Target": "Portraits/Jas_Winter",
			"FromFile": "assets/Jas_Winter.png",
			"When": {
				"Jas": "true"
			}
		},
		
		{
			// Jodi
			"Action": "EditImage",
			"Target": "Portraits/Jodi",
			"FromFile": "assets/Jodi.png",
			"When": {
				"Jodi": "true"
			}
		},
		
		{
			// Jodi Beach
			"Action": "EditImage",
			"Target": "Portraits/Jodi_Beach",
			"FromFile": "assets/Jodi_Beach.png",
			"When": {
				"Jodi": "true"
			}
		},

		{
			// Jodi Winter
			"Action": "EditImage",
			"Target": "Portraits/Jodi_Winter",
			"FromFile": "assets/Jodi_Winter.png",
			"When": {
				"Jodi": "true"
			}
		},
		
		{
			// Kent
			"Action": "EditImage",
			"Target": "Portraits/Kent",
			"FromFile": "assets/Kent.png",
			"When": {
				"Kent": "true"
			}
		},

		{
			// Kent Winter
			"Action": "EditImage",
			"Target": "Portraits/Kent_Winter",
			"FromFile": "assets/Kent_Winter.png",
			"When": {
				"Kent": "true"
			}
		},
		
		{
			// Krobus
			"Action": "EditImage",
			"Target": "Portraits/Krobus",
			"FromFile": "assets/Krobus.png",
			"When": {
				"Krobus": "true"
			}
		},
		
		{
			// Krobus Trenchcoat
			"Action": "EditImage",
			"Target": "Portraits/Krobus_Trenchcoat",
			"FromFile": "assets/Krobus_Trenchcoat.png",
			"When": {
				"Krobus": "true"
			}
		},
		
		{
			// Leah
			"Action": "EditImage",
			"Target": "Portraits/Leah",
			"FromFile": "assets/Leah.png",
			"When": {
				"Leah": "true"
			}
		},
		
		{
			// Leah Beach
			"Action": "EditImage",
			"Target": "Portraits/Leah_Beach",
			"FromFile": "assets/Leah_Beach.png",
			"When": {
				"Leah": "true"
			}
		},

		{
			// Leah Winter
			"Action": "EditImage",
			"Target": "Portraits/Leah_Winter",
			"FromFile": "assets/Leah_Winter.png",
			"When": {
				"Leah": "true"
			}
		},
		
		{
			// Lewis
			"Action": "EditImage",
			"Target": "Portraits/Lewis",
			"FromFile": "assets/Lewis.png",
			"When": {
				"Lewis": "true"
			}
		},

		{
			// Lewis Winter
			"Action": "EditImage",
			"Target": "Portraits/Lewis_Winter",
			"FromFile": "assets/Lewis_Winter.png",
			"When": {
				"Lewis": "true"
			}
		},
		
		{
			// Linus
			"Action": "EditImage",
			"Target": "Portraits/Linus",
			"FromFile": "assets/Linus.png",
			"When": {
				"Linus": "true"
			}
		},

		{
			// Linus Winter
			"Action": "EditImage",
			"Target": "Portraits/Linus_Winter",
			"FromFile": "assets/Linus_Winter.png",
			"When": {
				"Linus": "true"
			}
		},
		
		{
			// Marlon
			"Action": "EditImage",
			"Target": "Portraits/Marlon",
			"FromFile": "assets/Marlon.png",
			"When": {
				"Marlon": "true"
			}
		},
		
		{
			// Marnie
			"Action": "EditImage",
			"Target": "Portraits/Marnie",
			"FromFile": "assets/Marnie.png",
			"When": {
				"Marnie": "true"
			}
		},
		
		{
			// Marnie Beach
			"Action": "EditImage",
			"Target": "Portraits/Marnie_Beach",
			"FromFile": "assets/Marnie_Beach.png",
			"When": {
				"Marnie": "true"
			}
		},

		{
			// Marnie Winter
			"Action": "EditImage",
			"Target": "Portraits/Marnie_Winter",
			"FromFile": "assets/Marnie_Winter.png",
			"When": {
				"Marnie": "true"
			}
		},
		
		{
			// Maru
			"Action": "EditImage",
			"Target": "Portraits/Maru",
			"FromFile": "assets/Maru.png",
			"When": {
				"Maru": "true"
			}
		},
		
		{
			// Maru Beach
			"Action": "EditImage",
			"Target": "Portraits/Maru_Beach",
			"FromFile": "assets/Maru_Beach.png",
			"When": {
				"Maru": "true"
			}
		},
		
		{
			// Maru Hospital
			"Action": "EditImage",
			"Target": "Portraits/Maru_Hospital",
			"FromFile": "assets/Maru_Hospital.png",
			"When": {
				"Maru": "true"
			}
		},

		{
			// Maru Winter
			"Action": "EditImage",
			"Target": "Portraits/Maru_Winter",
			"FromFile": "assets/Maru_Winter.png",
			"When": {
				"Maru": "true"
			}
		},
		
		{
			// Morris
			"Action": "EditImage",
			"Target": "Portraits/Morris",
			"FromFile": "assets/Morris.png",
			"When": {
				"Morris": "true"
			}
		},
		
		{
			// Mr. Qi
			"Action": "EditImage",
			"Target": "Portraits/MrQi",
			"FromFile": "assets/MrQi.png",
			"When": {
				"MrQi": "true"
			}
		},
		
		{
			// Pam
			"Action": "EditImage",
			"Target": "Portraits/Pam",
			"FromFile": "assets/Pam.png",
			"When": {
				"Pam": "true"
			}
		},
		
		{
			// Pam Beach
			"Action": "EditImage",
			"Target": "Portraits/Pam_Beach",
			"FromFile": "assets/Pam_Beach.png",
			"When": {
				"Pam": "true"
			}
		},

		{
			// Pam Winter
			"Action": "EditImage",
			"Target": "Portraits/Pam_Winter",
			"FromFile": "assets/Pam_Winter.png",
			"When": {
				"Pam": "true"
			}
		},
		
		{
			// Parrot Boy
			"Action": "EditImage",
			"Target": "Portraits/ParrotBoy",
			"FromFile": "assets/ParrotBoy.png",
			"When": {
				"ParrotBoy": "true"
			}
		},

		{
			// Parrot Boy Winter
			"Action": "EditImage",
			"Target": "Portraits/ParrotBoy_Winter",
			"FromFile": "assets/ParrotBoy_Winter.png",
			"When": {
				"ParrotBoy": "true"
			}
		},
		
		{
			// Penny
			"Action": "EditImage",
			"Target": "Portraits/Penny",
			"FromFile": "assets/Penny.png",
			"When": {
				"Penny": "true"
			}
		},
		
		{
			// Penny Beach
			"Action": "EditImage",
			"Target": "Portraits/Penny_Beach",
			"FromFile": "assets/Penny_Beach.png",
			"When": {
				"Penny": "true"
			}
		},

		{
			// Penny Winter
			"Action": "EditImage",
			"Target": "Portraits/Penny_Winter",
			"FromFile": "assets/Penny_Winter.png",
			"When": {
				"Penny": "true"
			}
		},
		
		{
			// Pierre
			"Action": "EditImage",
			"Target": "Portraits/Pierre",
			"FromFile": "assets/Pierre.png",
			"When": {
				"Pierre": "true"
			}
		},
		
		{
			// Pierre Beach
			"Action": "EditImage",
			"Target": "Portraits/Pierre_Beach",
			"FromFile": "assets/Pierre_Beach.png",
			"When": {
				"Pierre": "true"
			}
		},

		{
			// Pierre Winter
			"Action": "EditImage",
			"Target": "Portraits/Pierre_Winter",
			"FromFile": "assets/Pierre_Winter.png",
			"When": {
				"Pierre": "true"
			}
		},
		
		{
			// Robin
			"Action": "EditImage",
			"Target": "Portraits/Robin",
			"FromFile": "assets/Robin.png",
			"When": {
				"Robin": "true"
			}
		},
		
		{
			// Robin Beach
			"Action": "EditImage",
			"Target": "Portraits/Robin_Beach",
			"FromFile": "assets/Robin_Beach.png",
			"When": {
				"Robin": "true"
			}
		},

		{
			// Robin Winter
			"Action": "EditImage",
			"Target": "Portraits/Robin_Winter",
			"FromFile": "assets/Robin_Winter.png",
			"When": {
				"Robin": "true"
			}
		},
		
		{
			// Safari Guy
			"Action": "EditImage",
			"Target": "Portraits/SafariGuy",
			"FromFile": "assets/SafariGuy.png",
			"When": {
				"SafariGuy": "true"
			}
		},
		
		{
			// Sam
			"Action": "EditImage",
			"Target": "Portraits/Sam",
			"FromFile": "assets/Sam.png",
			"When": {
				"Sam": "true"
			}
		},
		
		{
			// Sam Beach
			"Action": "EditImage",
			"Target": "Portraits/Sam_Beach",
			"FromFile": "assets/Sam_Beach.png",
			"When": {
				"Sam": "true"
			}
		},

		{
			// Sam Winter
			"Action": "EditImage",
			"Target": "Portraits/Sam_Winter",
			"FromFile": "assets/Sam_Winter.png",
			"When": {
				"Sam": "true"
			}
		},
		
		{
			// Sandy
			"Action": "EditImage",
			"Target": "Portraits/Sandy",
			"FromFile": "assets/Sandy.png",
			"When": {
				"Sandy": "true"
			}
		},
		
		{
			// Sebastian
			"Action": "EditImage",
			"Target": "Portraits/Sebastian",
			"FromFile": "assets/Sebastian.png",
			"When": {
				"Sebastian": "true"
			}
		},
		
		{
			// Sebastian Beach
			"Action": "EditImage",
			"Target": "Portraits/Sebastian_Beach",
			"FromFile": "assets/Sebastian_Beach.png",
			"When": {
				"Sebastian": "true"
			}
		},

		{
			// Sebastian Winter
			"Action": "EditImage",
			"Target": "Portraits/Sebastian_Winter",
			"FromFile": "assets/Sebastian_Winter.png",
			"When": {
				"Sebastian": "true"
			}
		},
		
		{
			// Shane
			"Action": "EditImage",
			"Target": "Portraits/Shane",
			"FromFile": "assets/Shane.png",
			"When": {
				"Shane": "true"
			}
		},
		
		{
			// Shane Beach
			"Action": "EditImage",
			"Target": "Portraits/Shane_Beach",
			"FromFile": "assets/Shane_Beach.png",
			"When": {
				"Shane": "true"
			}
		},

		{
			// Shane Winter
			"Action": "EditImage",
			"Target": "Portraits/Shane_Winter",
			"FromFile": "assets/Shane_Winter.png",
			"When": {
				"Shane": "true"
			}
		},
		
		{
			// Vincent
			"Action": "EditImage",
			"Target": "Portraits/Vincent",
			"FromFile": "assets/Vincent.png",
			"When": {
				"Vincent": "true"
			}
		},

		{
			// Vincent Winter
			"Action": "EditImage",
			"Target": "Portraits/Vincent_Winter",
			"FromFile": "assets/Vincent_Winter.png",
			"When": {
				"Vincent": "true"
			}
		},
		
		{
			// Willy
			"Action": "EditImage",
			"Target": "Portraits/Willy",
			"FromFile": "assets/Willy.png",
			"When": {
				"Willy": "true"
			}
		},

		{
			// Willy Winter
			"Action": "EditImage",
			"Target": "Portraits/Willy_Winter",
			"FromFile": "assets/Willy_Winter.png",
			"When": {
				"Willy": "true"
			}
		},
		
		{
			// Wizard
			"Action": "EditImage",
			"Target": "Portraits/Wizard",
			"FromFile": "assets/Wizard.png",
			"When": {
				"Wizard": "true"
			}
		},
	]
}