﻿[
	{
		// === Full configuration example ===

		// Optional; Default is true if missing
		"Enabled": true,

		// Optional: Default will be 'ModDirectoryName/StartSeason_ShakeOff'
		"Id": "[BBM] Bush Bloom Example/spring_0",

		// Required; Value can be the item ID or Name, but must exist
		"ShakeOff": 0,

		// Required; Value must be 'spring', 'summer', 'fall', or 'winter'
		"StartSeason": "spring",

		// Required; Value must be from 1 to 28
		"StartDay": 1,

		// Optional; Default is StartSeason value if missing
		"EndSeason": "winter",

		// Optional; Default is StartDay value if missing
		"EndDay": 28,

		// Optional; Default is first year
		"StartYear": 1,

		// Optional: Default is no year
		"EndYear": 2,

		// Optional; Default is built-in texture if missing
		"Texture": "assets/berry.png",

		// Optional; Default is 0.2 if missing; Values between 0.0 and 1.0 (inclusive)
		//           determine the overall probability. A value greater than 1.0 will
		//           guarantee that item will bloom, regardless of any existing bloom
		//           or other possible schedules unless they are also greater than 1.0.
		"Chance": 0.2,

		// Optional; Default is all locations if missing or empty
		"Locations": [ "Forest", "Mountain" ],

		// Optional: Default is no locations if missing or empty
		"ExcludeLocations": [ "Town" ],

		// Optional; Default is all weather if missing or empty
		"Weather": [ "Rain", "GreenRain", "Sun", "Wind" ],

		// Optional: Default is no weather if missing or empty
		"ExcludeWeather": [ "Storm", "Festival", "Wedding" ],

		// Optional: Default is no weather if missing or empty
		"DestroyWeather": [ "Snow" ],

		// Optional: Restrict blooming to only bushes with the given tile locations.
		//           Most effective when combined with a specific "Locations" setting
		//           in order to bloom a *very* specific set of bushes.
		"Tiles": [
			{ "X": 10, "Y": 20 },
			{ "X": 23, "Y": 32 }
		]
	}
]