{
  "Name": "Wheat (Joja)",
  "Description": "Wheat grown from JojaCo seeds. May be milled to produce wheat flour.",
  "Category": "Vegetable",
  "CategoryTextOverride": "Joja Vegetable",
  
  "Edibility": -300,
  "EdibleIsDrink": false,
  "EdibleBuffs": {
    "Farming": 0,
    "Fishing": 0,
    "Mining": 0,
    "Luck": 0,
	"Foraging": 0,
	"MaxStamina": 0,
    "MagnetRadius": 0,
	"Speed": 0,
	"Defense": 0,
	"Attack": 0,
    "Duration": 0,
  },
  
  "Price": 20,
  
  "IsColored": false,
  "Recipe": null,
  
  "GiftTastes": 
		{
		"Love": [  ],
		"Like": [ "Demetrius", "Morris", ],
		"Dislike": [ "Abigail", "Alex", "Caroline", "Clint", "Dwarf", "Elliott", "Emily", "Evelyn", "George", "Gus", "Haley", "Harvey", "Jas", "Jodi", "Kent", "Krobus", "Leah", "Leo", "Lewis", "Linus", "Marnie", "Maru", "Pam", "Penny", "Robin", "Sam", "Sandy", "Sebastian", "Shane", "Vincent", "Willy", "Wizard", ],
		"Hate": [  "Pierre", ],	
		},
  
  
  "ContextTags": 
        [
        "color_yellow",
        "dye_medium",
		"season_spring",
		"season_summer",
		"season_fall",
        ],

}