{
	"Changes": [
		//Essential pack crops
		{
			"Action": "EditData",
			"Target": "Data/GiantCrops",
			//"When": {"Enable Essential Pack": true},
			"Entries": {
				"Cornucopia_GiantWatermelon": {
					"FromItemId": "Cornucopia_Watermelon",
					"HarvestItems": [
						{
							"Chance": 1.0,
							"ItemId": "Cornucopia_Watermelon",
							"Quality": 0,
							"MinStack": 5,
							"MaxStack": 7,
						},
						{
							"Chance": 1.0,
							"ItemId": "Cornucopia_Watermelon",
							"Quality": 1,
							"MinStack": 5,
							"MaxStack": 7,
						},
						{
							"Chance": 1.0,
							"ItemId": "Cornucopia_Watermelon",
							"Quality": 2,
							"MinStack": 5,
							"MaxStack": 7,
						},
						{
							"Chance": 0.5,
							"ItemId": "Cornucopia_Watermelon",
							"Quality": 4,
							"MinStack": 1,
							"MaxStack": 2,
						}
					],
					"Texture": "Cornucopia.MoreCrops/GiantCrops",
					"TexturePosition": {
							"X": 48,
							"Y": 0
						},
					"TileSize": {
							"X": 3,
							"Y": 3
						},
					"Chance": 0.01,
				},
				"Cornucopia_LargeWatermelon": {
					"FromItemId": "Cornucopia_Watermelon",
					"HarvestItems": [
						{
							"Chance": 1.0,
							"ItemId": "Cornucopia_Watermelon",
							"Quality": 0,
							"MinStack": 2,
							"MaxStack": 4,
						},
						{
							"Chance": 1.0,
							"ItemId": "Cornucopia_Watermelon",
							"Quality": 1,
							"MinStack": 2,
							"MaxStack": 4,
						},
						{
							"Chance": 1.0,
							"ItemId": "Cornucopia_Watermelon",
							"Quality": 2,
							"MinStack": 1,
							"MaxStack": 3,
						},
						{
							"Chance": 0.25,
							"ItemId": "Cornucopia_Watermelon",
							"Quality": 4,
							"MinStack": 1,
							"MaxStack": 1,
						}
					],
					"Texture": "Cornucopia.MoreCrops/GiantCrops",
					"TexturePosition": {
							"X": 0,
							"Y": 64
						},
					"TileSize": {
							"X": 2,
							"Y": 2
						},
					"Chance": 0.015,
				}
			}
        },
				//Extended pack crops
		{
			"Action": "EditData",
			"Target": "Data/GiantCrops",
			"When": {"Enable Extended Crops Pack": true},
			"Entries": {
				"Cornucopia_GiantDaikon": {
					"FromItemId": "Cornucopia_Daikon",
					"HarvestItems": [
						{
							"Chance": 1.0,
							"ItemId": "Cornucopia_Daikon",
							"Quality": 0,
							"MinStack": 15,
							"MaxStack": 21,
						}
					],
					"Texture": "Cornucopia.MoreCrops/GiantCrops",
					"TexturePosition": {
							"X": 96,
							"Y": 0
						},
					"TileSize": {
							"X": 3,
							"Y": 3
						},
					"Chance": 0.01,
				},
			}
		}
	]
}