{
	"Changes": [
		{
			"Action": "EditData",
			"Target": "spacechase0.SpaceCore/CropExtensionData",
			"Entries": {
				"Cornucopia_CanolaFlowerSeeds": {
					"YieldOverrides": {
						"5": { //number of phase which you harvest to get this (0=seed)
							"IgnoreDefaultDrops": false,
							"Drops": [
								{
									"Id": "Canola Flower seeds",
									"ItemId": "(O)Cornucopia_CanolaFlowerSeeds",
									"PerItemCondition": "RANDOM 0.5",
								},
								{
									"Id": "Canola Flower seeds 2",
									"ItemId": "(O)Cornucopia_CanolaFlowerSeeds",
									"PerItemCondition": "RANDOM 0.5",
								},
							]
						}
					}
				},
				"Cornucopia_BellPepperSeeds": {
					"YieldOverrides": {
						"5": { //number of phase which you harvest to get this (0=seed)
							//"NewPhase": 4,
							"RegrowDays": 4,
							"IgnoreDefaultDrops": false,
							"Drops": [
								{
									"Id": "Bell Pepper yellow",
									"ItemId": "(O)Cornucopia_BellPepperYellow",
									"PerItemCondition": "RANDOM 0.1",
								},
								{
									"Id": "Bell Pepper orange",
									"ItemId": "(O)Cornucopia_BellPepperOrange",
									"PerItemCondition": "RANDOM 0.1",
								},
								{
									"Id": "Bell Pepper green",
									"ItemId": "(O)Cornucopia_BellPepperGreen",
									"PerItemCondition": "RANDOM 0.1",
								},
							]
						}
					}
				},
				"Cornucopia_BambooSeeds": {
					"YieldOverrides": {
						"6": { //number of phase which you harvest to get this (0=seed)
							"IgnoreDefaultDrops": false,
							"Drops": [
								{
									"Id": "Bamboo seeds",
									"ItemId": "(O)Cornucopia_BambooSeeds",
									"PerItemCondition": "RANDOM 0.5",
								},
							]
						}
					}
				},
				"Cornucopia_CilantroSeeds": {
					"YieldOverrides": {
						"4": { //number of phase which you harvest to get this (0=seed)
							"IgnoreDefaultDrops": false,
							"Drops": [
								{
									"Id": "Cilantro seeds",
									"ItemId": "(O)Cornucopia_CilantroSeeds",
									"PerItemCondition": "RANDOM 0.7",
								},
							]
						}
					}
				},
			}
		}
	]
}