{
	"Changes": [
		{
			"Action": "EditData",
			"Target": "Data/Shops",
			"TargetField": [
				"Sandy",
				"Items"
			],
			"Entries": {
				"Cornucopia_SugarcaneSeeds": {
					"Id": "Cornucopia_SugarcaneSeeds",
					"ItemId": "Cornucopia_SugarcaneSeeds",
					"IgnoreShopPriceModifiers": true
				}
			},
			"MoveEntries": [
				{
					"Id": "Cornucopia_SugarcaneSeeds",
					"AfterId": "(O)494"
				}
			]
		},
		{
			"Action": "EditData",
			"Target": "Data/Shops",
			"TargetField": [
				"Sandy",
				"Items"
			],
			"When": {
				"Enable Extended Crops Pack": true
			},
			"Entries": {
				"Cornucopia_AgaveSeeds": {
					"Id": "Cornucopia_AgaveSeeds",
					"ItemId": "Cornucopia_AgaveSeeds",
					"IgnoreShopPriceModifiers": true
				},
				"Cornucopia_BlueAgaveSeeds": {
					"Id": "Cornucopia_BlueAgaveSeeds",
					"ItemId": "Cornucopia_BlueAgaveSeeds",
					"IgnoreShopPriceModifiers": true
				},
				"Cornucopia_BambooSeeds": {
					"Id": "Cornucopia_BambooSeeds",
					"ItemId": "Cornucopia_BambooSeeds",
					"IgnoreShopPriceModifiers": true
				},
			},
			"MoveEntries": [
				{
					"Id": "Cornucopia_BlueAgaveSeeds",
					"AfterId": "(O)494"
				},
				{
					"Id": "Cornucopia_AgaveSeeds",
					"AfterId": "(O)494"
				},
				{
					"Id": "Cornucopia_BambooSeeds",
					"AfterId": "(O)494"
				},
			]
		},
		{
			"Action": "EditData",
			"Target": "Data/Shops",
			"TargetField": [
				"Sandy",
				"Items"
			],
			"When": {
				"Enable Extended Trees Pack": true
			},
			"Entries": {
				"Cornucopia_BreadfruitSapling": {
					"Id": "Cornucopia_BreadfruitSapling",
					"ItemId": "Cornucopia_BreadfruitSapling",
					"IgnoreShopPriceModifiers": true,
					"PriceModifiers": [
						{
							"Modification": "Multiply",
							"Amount": 2.0
						}
					]
				},
				"Cornucopia_DragonFruitSapling": {
					"Id": "Cornucopia_DragonFruitSapling",
					"ItemId": "Cornucopia_DragonFruitSapling",
					"IgnoreShopPriceModifiers": true,
					"PriceModifiers": [
						{
							"Modification": "Multiply",
							"Amount": 2.0
						}
					]
				},
				"Cornucopia_LycheeSapling": {
					"Id": "Cornucopia_LycheeSapling",
					"ItemId": "Cornucopia_LycheeSapling",
					"IgnoreShopPriceModifiers": true,
					"PriceModifiers": [
						{
							"Modification": "Multiply",
							"Amount": 2.0
						}
					]
				}
			},
			"MoveEntries": [
				{
					"Id": "Cornucopia_BreadfruitSapling",
					"BeforeId": "(BC)196"
				},
				{
					"Id": "Cornucopia_DragonFruitSapling",
					"BeforeId": "(BC)196"
				},
				{
					"Id": "Cornucopia_LycheeSapling",
					"BeforeId": "(BC)196"
				}
			]
		},
		{
			"Action": "EditData",
			"Target": "Data/Shops",
			"TargetField": [
				"Sandy",
				"Items"
			],
			"When": {
				"Enable Herbs Pack": true
			},
			"Entries": {
				"Cornucopia_AloeSeeds": {
					"Id": "Cornucopia_AloeSeeds",
					"ItemId": "Cornucopia_AloeSeeds",
					"IgnoreShopPriceModifiers": true
				},
				"Cornucopia_CuminSeeds": {
					"Id": "Cornucopia_CuminSeeds",
					"ItemId": "Cornucopia_CuminSeeds",
					"IgnoreShopPriceModifiers": true
				},
				"Cornucopia_LemongrassSeeds": {
					"Id": "Cornucopia_LemongrassSeeds",
					"ItemId": "Cornucopia_LemongrassSeeds",
					"IgnoreShopPriceModifiers": true
				}
			},
			"MoveEntries": [
				{
					"Id": "Cornucopia_AloeSeeds",
					"AfterId": "(O)494"
				},
				{
					"Id": "Cornucopia_CuminSeeds",
					"AfterId": "(O)494"
				},
				{
					"Id": "Cornucopia_LemongrassSeeds",
					"AfterId": "(O)494"
				}
			]
		}
	]
}