{
	"Changes": [
		{
			"Action": "EditData",
			"Target": "Data/Shops",
			//priority field because SVE overwrites Joja after Cornucopia loads
			"Priority": "Default+2",
			"TargetField": [
				"Joja",
				"Items"
			],
			"Entries": {
				"Cornucopia.MoreCrops_CropSeedsSpringCommon": {
					"Id": "Cornucopia.MoreCrops_CropSeedsSpringCommon",
					"ItemId": "ALL_ITEMS (O)",
					"Condition": "SEASON spring, YEAR 1 1",
					"PerItemCondition": "ITEM_CONTEXT_TAG Target cornucopia_shop_pierre, ITEM_CONTEXT_TAG Target cornucopia_rarity_common, ITEM_CONTEXT_TAG Target cornucopia_season_spring, ITEM_CONTEXT_TAG Target modid_cornucopia.morecrops",
					//"IgnoreShopPriceModifiers": true
				}
			}
		},
		{
			"Action": "EditData",
			"Target": "Data/Shops",
			"Priority": "Default+2",
			"TargetField": [
				"Joja",
				"Items"
			],
			"Entries": {
				"Cornucopia.MoreCrops_CropSeedsSummerCommon": {
					"Id": "Cornucopia.MoreCrops_CropSeedsSummerCommon",
					"ItemId": "ALL_ITEMS (O)",
					"Condition": "SEASON summer, YEAR 1 1",
					"PerItemCondition": "ITEM_CONTEXT_TAG Target cornucopia_shop_pierre, ITEM_CONTEXT_TAG Target cornucopia_rarity_common, ITEM_CONTEXT_TAG Target cornucopia_season_summer, ITEM_CONTEXT_TAG Target modid_cornucopia.morecrops",
					//"IgnoreShopPriceModifiers": true
				}
			}
		},
		{
			"Action": "EditData",
			"Target": "Data/Shops",
			"Priority": "Default+2",
			"TargetField": [
				"Joja",
				"Items"
			],
			"Entries": {
				"Cornucopia.MoreCrops_CropSeedsFallCommon": {
					"Id": "Cornucopia.MoreCrops_CropSeedsFallCommon",
					"ItemId": "ALL_ITEMS (O)",
					"Condition": "SEASON fall, YEAR 1 1",
					"PerItemCondition": "ITEM_CONTEXT_TAG Target cornucopia_shop_pierre, ITEM_CONTEXT_TAG Target cornucopia_rarity_common, ITEM_CONTEXT_TAG Target cornucopia_season_fall, ITEM_CONTEXT_TAG Target modid_cornucopia.morecrops",
					//"IgnoreShopPriceModifiers": true
				}
			}
		},
		{
			"Action": "EditData",
			"Target": "Data/Shops",
			"Priority": "Default+2",
			"TargetField": [
				"Joja",
				"Items"
			],
			"Entries": {
				"Cornucopia.MoreCrops_CropSeedsWinterCommon": {
					"Id": "Cornucopia.MoreCrops_CropSeedsWinterCommon",
					"ItemId": "ALL_ITEMS (O)",
					"Condition": "SEASON winter, YEAR 1 1",
					"PerItemCondition": "ITEM_CONTEXT_TAG Target cornucopia_shop_pierre, ITEM_CONTEXT_TAG Target cornucopia_rarity_common, ITEM_CONTEXT_TAG Target cornucopia_season_winter, ITEM_CONTEXT_TAG Target modid_cornucopia.morecrops",
					//"IgnoreShopPriceModifiers": true
				}
			}
		},
		{
			"Action": "EditData",
			"Target": "Data/Shops",
			"Priority": "Default+2",
			"TargetField": [
				"Joja",
				"Items"
			],
			"Entries": {
				"Cornucopia.MoreCrops_CropSeedsSpringRare": {
					"Id": "Cornucopia.MoreCrops_CropSeedsSpringRare",
					"ItemId": "ALL_ITEMS (O)",
					"Condition": "SEASON spring, YEAR 2",
					"PerItemCondition": "ITEM_CONTEXT_TAG Target cornucopia_shop_pierre, ITEM_CONTEXT_TAG Target cornucopia_season_spring, ITEM_CONTEXT_TAG Target modid_cornucopia.morecrops",
					//"IgnoreShopPriceModifiers": true
				}
			}
		},
		{
			"Action": "EditData",
			"Target": "Data/Shops",
			"Priority": "Default+2",
			"TargetField": [
				"Joja",
				"Items"
			],
			"Entries": {
				"Cornucopia.MoreCrops_CropSeedsSummerRare": {
					"Id": "Cornucopia.MoreCrops_CropSeedsSummerRare",
					"ItemId": "ALL_ITEMS (O)",
					"Condition": "SEASON summer, YEAR 2",
					"PerItemCondition": "ITEM_CONTEXT_TAG Target cornucopia_shop_pierre, ITEM_CONTEXT_TAG Target cornucopia_season_summer, ITEM_CONTEXT_TAG Target modid_cornucopia.morecrops",
					//"IgnoreShopPriceModifiers": true
				}
			}
		},
		{
			"Action": "EditData",
			"Target": "Data/Shops",
			"Priority": "Default+2",
			"TargetField": [
				"Joja",
				"Items"
			],
			"Entries": {
				"Cornucopia.MoreCrops_CropSeedsFallRare": {
					"Id": "Cornucopia.MoreCrops_CropSeedsFallRare",
					"ItemId": "ALL_ITEMS (O)",
					"Condition": "SEASON fall, YEAR 2",
					"PerItemCondition": "ITEM_CONTEXT_TAG Target cornucopia_shop_pierre, ITEM_CONTEXT_TAG Target cornucopia_season_fall, ITEM_CONTEXT_TAG Target modid_cornucopia.morecrops",
					//"IgnoreShopPriceModifiers": true
				}
			}
		},
		{
			"Action": "EditData",
			"Target": "Data/Shops",
			"Priority": "Default+2",
			"TargetField": [
				"Joja",
				"Items"
			],
			"Entries": {
				"Cornucopia.MoreCrops_CropSeedsWinterRare": {
					"Id": "Cornucopia.MoreCrops_CropSeedsWinterRare",
					"ItemId": "ALL_ITEMS (O)",
					"Condition": "SEASON winter, YEAR 2",
					"PerItemCondition": "ITEM_CONTEXT_TAG Target cornucopia_shop_pierre, ITEM_CONTEXT_TAG Target cornucopia_season_winter, ITEM_CONTEXT_TAG Target modid_cornucopia.morecrops",
					//"IgnoreShopPriceModifiers": true
				}
			}
		}
	]
}