{
	"Changes": [
		{
			"Action": "EditData",
			"Target": "Data/Shops",
			"TargetField": [
				"Traveler",
				"Items"
			],
			"Entries": {
				"Cornucopia.MoreCrops_ArtisanGoods": {
					"Id": "Cornucopia.MoreCrops_ArtisanGoods",
					"ItemId": "RANDOM_ITEMS (O)",
					"Condition": "SYNCED_RANDOM day cornucopia_artisangoods 0.25",
					"PerItemCondition": "ITEM_CONTEXT_TAG Target cornucopia_artisangood, !ITEM_CONTEXT_TAG Target traveling_cart_banned",
					"AvailableStock": "{{Random: 1, 1, 1, 1, 5}}",
					"AvailableStockLimit": "Player",
					"MaxItems": 1,
					"UseObjectDataPrice": true,
					"IgnoreShopPriceModifiers": false,
					"PriceModifiers": [
						{
							"Id": "RandomPrice",
							"Condition": null,
							"Modification": 4,
							"Amount": 0.0,
							"RandomAmount": [
								100.0,
								200.0,
								300.0,
								400.0,
								500.0,
								600.0,
								700.0,
								800.0,
								900.0,
								1000.0
							]
						},
						{
							"Id": "RandomMultipleOfBasePrice",
							"Condition": null,
							"Modification": 2,
							"Amount": 0.0,
							"RandomAmount": [
								3.0,
								4.0,
								5.0
							]
						}
					],
					"PriceModifierMode": 2
				},
				"Cornucopia.MoreCrops_CommonSeeds": {
					"Id": "Cornucopia.MoreCrops_CommonSeeds",
					"ItemId": "RANDOM_ITEMS (O)",
					"Condition": "SYNCED_RANDOM day cornucopia_common_seeds 0.6",
					"PerItemCondition": "ITEM_CONTEXT_TAG Target cornucopia_crop_seed, ITEM_CONTEXT_TAG Target cornucopia_rarity_common, !ITEM_CONTEXT_TAG Target cornucopia_pack_herbs, !ITEM_CONTEXT_TAG Target traveling_cart_banned",
					"AvailableStock": "{{Random: 1, 1, 5}}",
					"AvailableStockLimit": "Player",
					"MaxItems": 1,
					"UseObjectDataPrice": true,
					"IgnoreShopPriceModifiers": false,
					"PriceModifiers": [
						{
							"Id": "RandomPrice",
							"Condition": null,
							"Modification": 4,
							"Amount": 0.0,
							"RandomAmount": [
								100.0,
								200.0,
								300.0,
								400.0,
								500.0,
								600.0,
								700.0,
								800.0,
								900.0,
								1000.0
							]
						},
						{
							"Id": "RandomMultipleOfBasePrice",
							"Condition": null,
							"Modification": 2,
							"Amount": 0.0,
							"RandomAmount": [
								3.0,
								4.0,
								5.0
							]
						}
					],
					"PriceModifierMode": 2
				},
				"Cornucopia.MoreCrops_RareSeeds": {
					"Id": "Cornucopia.MoreCrops_RareSeeds",
					"ItemId": "RANDOM_ITEMS (O)",
					"Condition": "SYNCED_RANDOM day cornucopia_rare_seeds 0.4",
					"PerItemCondition": "ITEM_CONTEXT_TAG Target cornucopia_crop_seed, ITEM_CONTEXT_TAG Target cornucopia_rarity_rare, !ITEM_CONTEXT_TAG Target cornucopia_pack_herbs, !ITEM_CONTEXT_TAG Target traveling_cart_banned",
					"AvailableStock": "{{Random: 1, 1, 1, 1, 5}}",
					"AvailableStockLimit": "Player",
					"MaxItems": 1,
					"UseObjectDataPrice": true,
					"IgnoreShopPriceModifiers": false,
					"PriceModifiers": [
						{
							"Id": "RandomPrice",
							"Condition": null,
							"Modification": 4,
							"Amount": 0.0,
							"RandomAmount": [
								100.0,
								200.0,
								300.0,
								400.0,
								500.0,
								600.0,
								700.0,
								800.0,
								900.0,
								1000.0
							]
						},
						{
							"Id": "RandomMultipleOfBasePrice",
							"Condition": null,
							"Modification": 2,
							"Amount": 0.0,
							"RandomAmount": [
								3.0,
								4.0,
								5.0
							]
						}
					],
					"PriceModifierMode": 2
				},
				"Cornucopia.MoreCrops_Produce1": {
					"Id": "Cornucopia.MoreCrops_Produce1",
					"ItemId": "RANDOM_ITEMS (O)",
					"Condition": "SYNCED_RANDOM day cornucopia_produce1 0.7",
					"PerItemCondition": "ANY \"ITEM_CONTEXT_TAG Target cornucopia_crop_produce\" \"ITEM_CONTEXT_TAG Target cornucopia_bush_produce\" \"ITEM_CONTEXT_TAG Target cornucopia_fruittree_produce\", !ITEM_CONTEXT_TAG Target cornucopia_rarity_exclusive, !ITEM_CONTEXT_TAG Target traveling_cart_banned",
					"AvailableStock": "{{Random: 1, 1, 1, 1, 5}}",
					"AvailableStockLimit": "Player",
					"MaxItems": "1",
					"UseObjectDataPrice": true,
					"IgnoreShopPriceModifiers": false,
					"PriceModifiers": [
						{
							"Id": "RandomPrice",
							"Condition": null,
							"Modification": 4,
							"Amount": 0.0,
							"RandomAmount": [
								100.0,
								200.0,
								300.0,
								400.0,
								500.0,
								600.0,
								700.0,
								800.0,
								900.0,
								1000.0
							]
						},
						{
							"Id": "RandomMultipleOfBasePrice",
							"Condition": null,
							"Modification": 2,
							"Amount": 0.0,
							"RandomAmount": [
								3.0,
								4.0,
								5.0
							]
						}
					],
					"PriceModifierMode": 2
				},
				"Cornucopia.MoreCrops_Produce2": {
					"Id": "Cornucopia.MoreCrops_Produce2",
					"ItemId": "RANDOM_ITEMS (O)",
					"Condition": "SYNCED_RANDOM day cornucopia_produce2 0.3",
					"PerItemCondition": "ANY \"ITEM_CONTEXT_TAG Target cornucopia_crop_produce\" \"ITEM_CONTEXT_TAG Target cornucopia_bush_produce\" \"ITEM_CONTEXT_TAG Target cornucopia_fruittree_produce\", !ITEM_CONTEXT_TAG Target cornucopia_rarity_exclusive, !ITEM_CONTEXT_TAG Target traveling_cart_banned",
					"AvailableStock": "{{Random: 1, 1, 1, 1, 5}}",
					"AvailableStockLimit": "Player",
					"MaxItems": "1",
					"UseObjectDataPrice": true,
					"IgnoreShopPriceModifiers": false,
					"PriceModifiers": [
						{
							"Id": "RandomPrice",
							"Condition": null,
							"Modification": 4,
							"Amount": 0.0,
							"RandomAmount": [
								100.0,
								200.0,
								300.0,
								400.0,
								500.0,
								600.0,
								700.0,
								800.0,
								900.0,
								1000.0
							]
						},
						{
							"Id": "RandomMultipleOfBasePrice",
							"Condition": null,
							"Modification": 2,
							"Amount": 0.0,
							"RandomAmount": [
								3.0,
								4.0,
								5.0
							]
						}
					],
					"PriceModifierMode": 2
				},
				"Cornucopia.MoreCrops_Produce3": {
					"Id": "Cornucopia.MoreCrops_Produce3",
					"ItemId": "RANDOM_ITEMS (O)",
					"Condition": "SYNCED_RANDOM day cornucopia_produce3 0.2",
					"PerItemCondition": "ANY \"ITEM_CONTEXT_TAG Target cornucopia_crop_produce\" \"ITEM_CONTEXT_TAG Target cornucopia_bush_produce\" \"ITEM_CONTEXT_TAG Target cornucopia_fruittree_produce\", !ITEM_CONTEXT_TAG Target cornucopia_rarity_exclusive, !ITEM_CONTEXT_TAG Target traveling_cart_banned",
					"AvailableStock": "{{Random: 1, 1, 1, 1, 5}}",
					"AvailableStockLimit": "Player",
					"MaxItems": "1",
					"UseObjectDataPrice": true,
					"IgnoreShopPriceModifiers": false,
					"PriceModifiers": [
						{
							"Id": "RandomPrice",
							"Condition": null,
							"Modification": 4,
							"Amount": 0.0,
							"RandomAmount": [
								100.0,
								200.0,
								300.0,
								400.0,
								500.0,
								600.0,
								700.0,
								800.0,
								900.0,
								1000.0
							]
						},
						{
							"Id": "RandomMultipleOfBasePrice",
							"Condition": null,
							"Modification": 2,
							"Amount": 0.0,
							"RandomAmount": [
								3.0,
								4.0,
								5.0
							]
						}
					],
					"PriceModifierMode": 2
				},
				"Cornucopia.MoreCrops_HerbSeeds": {
					"Id": "Cornucopia.MoreCrops_HerbSeeds",
					"ItemId": "RANDOM_ITEMS (O)",
					"Condition": "{{Enable Herbs Pack}}, SYNCED_RANDOM day cornucopia_herb_seeds 0.3",
					"PerItemCondition": "ITEM_CONTEXT_TAG Target cornucopia_crop_seed, ITEM_CONTEXT_TAG Target cornucopia_pack_herbs, !ITEM_CONTEXT_TAG Target traveling_cart_banned",
					"AvailableStock": "{{Random: 1, 1, 1, 1, 5}}",
					"AvailableStockLimit": "Player",
					"MaxItems": 1,
					"UseObjectDataPrice": true,
					"IgnoreShopPriceModifiers": false,
					"PriceModifiers": [
						{
							"Id": "RandomPrice",
							"Condition": null,
							"Modification": 4,
							"Amount": 0.0,
							"RandomAmount": [
								100.0,
								200.0,
								300.0,
								400.0,
								500.0,
								600.0,
								700.0,
								800.0,
								900.0,
								1000.0
							]
						},
						{
							"Id": "RandomMultipleOfBasePrice",
							"Condition": null,
							"Modification": 2,
							"Amount": 0.0,
							"RandomAmount": [
								3.0,
								4.0,
								5.0
							]
						}
					],
					"PriceModifierMode": 2
				},
				"Cornucopia.MoreCrops_BushSeeds": {
					"Id": "Cornucopia.MoreCrops_BushSeeds",
					"ItemId": "RANDOM_ITEMS (O)",
					"Condition": "SYNCED_RANDOM day cornucopia_bush_seeds 0.3",
					"PerItemCondition": "ITEM_CONTEXT_TAG Target cornucopia_bush_seed, !ITEM_CONTEXT_TAG Target cornucopia_rarity_exclusive, !ITEM_CONTEXT_TAG Target traveling_cart_banned",
					"AvailableStock": 1,
					"AvailableStockLimit": "Player",
					"MaxItems": 1,
					"UseObjectDataPrice": true,
					"IgnoreShopPriceModifiers": false,
					"PriceModifiers": [
						{
							"Id": "RandomPrice",
							"Condition": null,
							"Modification": 4,
							"Amount": 0.0,
							"RandomAmount": [
								100.0,
								200.0,
								300.0,
								400.0,
								500.0,
								600.0,
								700.0,
								800.0,
								900.0,
								1000.0
							]
						},
						{
							"Id": "RandomMultipleOfBasePrice",
							"Condition": null,
							"Modification": 2,
							"Amount": 0.0,
							"RandomAmount": [
								3.0,
								4.0,
								5.0
							]
						}
					],
					"PriceModifierMode": 2
				},
				"Cornucopia.MoreCrops_FruitTreeSapling": {
					"Id": "Cornucopia.MoreCrops_FruitTreeSapling",
					"ItemId": "RANDOM_ITEMS (O)",
					"Condition": "SYNCED_RANDOM day cornucopia_tree_sapling 0.4",
					"PerItemCondition": "ITEM_CONTEXT_TAG Target cornucopia_fruittree_sapling, !ITEM_CONTEXT_TAG Target cornucopia_rarity_exclusive, !ITEM_CONTEXT_TAG Target traveling_cart_banned",
					"AvailableStock": 1,
					"AvailableStockLimit": "Player",
					"MaxItems": 1,
					"UseObjectDataPrice": true,
					"IgnoreShopPriceModifiers": false,
					"PriceModifiers": [
						{
							"Id": "RandomPrice",
							"Condition": null,
							"Modification": 4,
							"Amount": 0.0,
							"RandomAmount": [
								100.0,
								200.0,
								300.0,
								400.0,
								500.0,
								600.0,
								700.0,
								800.0,
								900.0,
								1000.0
							]
						},
						{
							"Id": "RandomMultipleOfBasePrice",
							"Condition": null,
							"Modification": 2,
							"Amount": 0.0,
							"RandomAmount": [
								3.0,
								4.0,
								5.0
							]
						}
					],
					"PriceModifierMode": 2
				},
				"Cornucopia.MoreCrops_KiwiSeeds": {
					"Id": "Cornucopia.MoreCrops_KiwiSeeds",
					"ItemId": "Cornucopia_KiwiSeeds",
					"Condition": "SYNCED_RANDOM day cornucopia_kiwi_seeds 0.15",
					"PriceModifiers": [
						{
							"Modification": "Multiply",
							"RandomAmount": [
								1.3,
								2,
								3
							]
						}
					],
					"AvailableStock": 1,
					"AvailableStockLimit": "Player"
				},
				"Cornucopia.MoreCrops_ExclusiveEssential": {
					"Id": "Cornucopia.MoreCrops_ExclusiveEssential",
					"ItemId": "{{Random: Cornucopia_Soybeans, Cornucopia_PeppercornSeeds, Cornucopia_VanillaSeeds}}",
					"Condition": "!{{Enable Extended Crops Pack}}, SYNCED_RANDOM day cornucopia_exclusive_seeds 0.6",
					"Price": "{{Random: 1200, 1500, 1900, 2000, 2100, 2200, 2400, 3500}}",
					"AvailableStock": 1,
					"AvailableStockLimit": "Player"
				},
				"Cornucopia.MoreCrops_ExclusiveExtended": {
					"Id": "Cornucopia.MoreCrops_ExclusiveExtended",
					"ItemId": "{{Random: Cornucopia_Soybeans, Cornucopia_PeppercornSeeds, Cornucopia_VanillaSeeds, Cornucopia_GinsengSeeds}}",
					"Condition": "{{Enable Extended Crops Pack}}, SYNCED_RANDOM day cornucopia_exclusive_seeds 0.8",
					"Price": "{{Random: 1200, 1500, 1900, 2000, 2100, 2200, 2400, 3500}}",
					"AvailableStock": 1,
					"AvailableStockLimit": "Player"
				}
			}
		}
	]
}