{
  "Changes": [
	//Herbs seeds & saplings
    {
      "Action": "EditData",
	  "Target": "Data/Shops",
      "TargetField": [ "AnimalShop", "Items" ],
      "When": {
        "Enable Herbs Pack": true
      },
      "Entries": {
		"Cornucopia_CatnipSeeds": {
			"Id": "Cornucopia_CatnipSeeds",
			"ItemId": "Cornucopia_CatnipSeeds",
			//"Condition": "SEASON spring",
			//"Price": 60,
			"IgnoreShopPriceModifiers": true
		},
		"Cornucopia_MelaleucaLeavesSapling": {
			"Id": "Cornucopia_MelaleucaLeavesSapling",
			"ItemId": "Cornucopia_MelaleucaLeavesSapling",
			//"Condition": "YEAR 2",
			//"Price": 2000,
			"IgnoreShopPriceModifiers": true,
			"PriceModifiers": [
				{
					"Modification": "Multiply",
					"Amount": 2.0
				}
			]
		}
      },
	  "MoveEntries": [
			{ "Id": "Cornucopia_CatnipSeeds", "AfterID": "(O)178" },
			{ "Id": "Cornucopia_MelaleucaLeavesSapling", "BeforeId": "(BC)104" }
		]
    },
  ]
}