[
	{
		"ProducerName": "Keg",
		"InputIdentifier": "Sweet Joja Berry",
		"InputStack": 1,
		"MinutesUntilReady": 3200,
		"OutputIdentifier": "Joja Cola",
		"KeepInputQuality": true,
		"OutputQuality": 0,
		"OutputStack": 10,
		"DelayedSounds": [ { "bubbles": 50 } ],
	},
	
	{
		"ProducerName": "Charcoal Kiln",
		"InputIdentifier": "Corn (Joja)",
		"InputStack": 2,
		"MinutesUntilReady": 180,
		"OutputIdentifier": "Coal",
		"KeepInputQuality": false,
		"OutputQuality": 0,
		"OutputStack": 1,
	},
	
	{
		"ProducerName": "Oil Maker",
		"InputIdentifier": "Corn (Joja)",
		"InputStack": 1,
		"MinutesUntilReady": 320,
		"OutputIdentifier": "Oil",
		"KeepInputQuality": false,
		"OutputQuality": 0,
		"OutputStack": 1,
	},
	
	
	{
        "ProducerName": "Seed Maker",
        "InputIdentifier": "Broccoflower (Joja)",
        "InputStack": 1,
		"keepInputQuality": false,
        "MinutesUntilReady": 20,
        "OutputIdentifier": "Mixed Seeds",
		"OutputQuality": 0,
		"OutputStack": 1,
	},
	
	{
        "ProducerName": "Seed Maker",
        "InputIdentifier": "Cauliflower (Joja)",
        "InputStack": 1,
		"keepInputQuality": false,
        "MinutesUntilReady": 20,
        "OutputIdentifier": "Mixed Seeds",
		"OutputQuality": 0,
		"OutputStack": 1,
	},
	
	{
        "ProducerName": "Seed Maker",
        "InputIdentifier": "Corn (Joja)",
        "InputStack": 1,
		"keepInputQuality": false,
        "MinutesUntilReady": 20,
        "OutputIdentifier": "Mixed Seeds",
		"OutputQuality": 0,
		"OutputStack": 1,
	},
	
	{
        "ProducerName": "Seed Maker",
        "InputIdentifier": "Cranberries (Joja)",
        "InputStack": 1,
		"keepInputQuality": false,
        "MinutesUntilReady": 20,
        "OutputIdentifier": "Mixed Seeds",
		"OutputQuality": 0,
		"OutputStack": 1,
	},
	
	{
        "ProducerName": "Seed Maker",
        "InputIdentifier": "Melon (Joja)",
        "InputStack": 1,
		"keepInputQuality": false,
        "MinutesUntilReady": 20,
        "OutputIdentifier": "Mixed Seeds",
		"OutputQuality": 0,
		"OutputStack": 1,
	},
	
	{
        "ProducerName": "Seed Maker",
        "InputIdentifier": "Parsnip (Joja)",
        "InputStack": 1,
		"keepInputQuality": false,
        "MinutesUntilReady": 20,
        "OutputIdentifier": "Mixed Seeds",
		"OutputQuality": 0,
		"OutputStack": 1,
	},
	
	{
        "ProducerName": "Seed Maker",
        "InputIdentifier": "Poppy (Joja)",
        "InputStack": 1,
		"keepInputQuality": false,
        "MinutesUntilReady": 20,
        "OutputIdentifier": "Mixed Seeds",
		"OutputQuality": 0,
		"OutputStack": 1,
	},
	
	{
        "ProducerName": "Seed Maker",
        "InputIdentifier": "Potato (Joja)",
        "InputStack": 1,
		"keepInputQuality": false,
        "MinutesUntilReady": 20,
        "OutputIdentifier": "Mixed Seeds",
		"OutputQuality": 0,
		"OutputStack": 1,
	},
	
	{
        "ProducerName": "Seed Maker",
        "InputIdentifier": "Pumpkin (Joja)",
        "InputStack": 1,
		"keepInputQuality": false,
        "MinutesUntilReady": 20,
        "OutputIdentifier": "Mixed Seeds",
		"OutputQuality": 0,
		"OutputStack": 1,
	},
	
	{
        "ProducerName": "Seed Maker",
        "InputIdentifier": "Radish (Joja)",
        "InputStack": 1,
		"keepInputQuality": false,
        "MinutesUntilReady": 20,
        "OutputIdentifier": "Mixed Seeds",
		"OutputQuality": 0,
		"OutputStack": 1,
	},
	
	{
        "ProducerName": "Seed Maker",
        "InputIdentifier": "Sweet Joja Berry",
        "InputStack": 1,
		"keepInputQuality": false,
        "MinutesUntilReady": 20,
        "OutputIdentifier": "Mixed Seeds",
		"OutputQuality": 0,
		"OutputStack": 1,
	},
	
	{
        "ProducerName": "Seed Maker",
        "InputIdentifier": "Tomato (Joja)",
        "InputStack": 1,
		"keepInputQuality": false,
        "MinutesUntilReady": 20,
        "OutputIdentifier": "Mixed Seeds",
		"OutputQuality": 0,
		"OutputStack": 1,
	},
	
	{
        "ProducerName": "Seed Maker",
        "InputIdentifier": "Tulip (Joja)",
        "InputStack": 1,
		"keepInputQuality": false,
        "MinutesUntilReady": 20,
        "OutputIdentifier": "Mixed Seeds",
		"OutputQuality": 0,
		"OutputStack": 1,
	},
	
	{
        "ProducerName": "Seed Maker",
        "InputIdentifier": "Wheat (Joja)",
        "InputStack": 1,
		"keepInputQuality": false,
        "MinutesUntilReady": 20,
        "OutputIdentifier": "Mixed Seeds",
		"OutputQuality": 0,
		"OutputStack": 1,
	},
	
	{
        "ProducerName": "Seed Maker",
        "InputIdentifier": "Winterstar Fruit (Joja)",
        "InputStack": 1,
		"keepInputQuality": false,
        "MinutesUntilReady": 20,
        "OutputIdentifier": "Mixed Seeds",
		"OutputQuality": 0,
		"OutputStack": 1,
	},
	
	
]
