{
    "Name": "Pumpkin (Joja)",
    "Product": "Pumpkin (Joja)",
    "SeedName": "Pumpkin (Joja) Seeds",
	
    "SeedDescription": "Plant in fall. Takes 11 days to mature thanks to JojaCo bioengineering!",
	
    "Type": "Vegetable",

    "Seasons": ["fall",],
    "Phases": [ 1, 2, 3, 3, 2 ],
    "RegrowthPhase": -1,
    "HarvestWithScythe": false,
    "TrellisCrop": false,
    "Colors": null,
	
    "Bonus": {
        "MinimumPerHarvest": 1,
        "MaximumPerHarvest": 1,
        "MaxIncreasePerFarmLevel": 0,
        "ExtraChance": 0.0,
    },
		
	"SeedPurchaseFrom": "Joja",

    "SeedPurchasePrice": 120,
	"SeedSellPrice": 40,

}
