{
	"Format": "1.21.0",
	"ConfigSchema": {
		"Green Fall": {
			"AllowValues": "true, false",
			"Default": "true"
		},
		
		"Grass Type": {
			"AllowValues": "vanilla, medium, full, vanillaShort, mediumShort, fullShort",
			"Default": "medium"
		},
		
		"Water Type": {
			"AllowValues": "transparent, semi, opaque",
			"Default": "opaque"
		},
		
		"Flowering Bushes": {
			"AllowValues": "true, false",
			"Default": "true"
		},
		
		"Snow-covered Bushes": {
			"AllowValues": "true, false",
			"Default": "true"
		},
		
		"Summer Bushes Replacement": {
			"AllowValues": "true, false",
			"Default": "false"
		},
		
		"Terrain Flowers": {
			"AllowValues": "true, false",
			"Default": "true"
		},
		
		"Holiday Overlays": {
			"AllowValues": "true, false",
			"Default": "true"
		},
		
		"Iridium Oasis": {
			"AllowValues": "true, false",
			"Default": "false"
		},
		
		"Seasonal Maps": {
			"AllowValues": "true, false",
			"Default": "true"
		},
		
		"Forageable Trees": {
			"AllowValues": "true, false",
			"Default": "true"
		},
		
		"Decorative Trees": {
			"AllowValues": "true, false",
			"Default": "true"
		},
		
		"Bushes": {
			"AllowValues": "true, false",
			"Default": "true"
		},
		
		"Fruit Trees": {
			"AllowValues": "true, false",
			"Default": "true"
		},
		
		"Town Interiors": {
			"AllowValues": "true, false",
			"Default": "true"
		},
		
		"Walls and Floors": {
			"AllowValues": "true, false",
			"Default": "true"
		},
		
		"Furniture": {
			"AllowValues": "true, false",
			"Default": "true"
		},
		
		"Big Craftables": {
			"AllowValues": "true, false",
			"Default": "true"
		},
		
		"Shipping Bin": {
			"AllowValues": "true, false",
			"Default": "true"
		},
		
		"Artifact Spot": {
			"AllowValues": "true, false",
			"Default": "true"
		},
		
		"Hoed Dirt": {
			"AllowValues": "true, false",
			"Default": "true"
		},
		
		"Fertilizer": {
			"AllowValues": "true, false",
			"Default": "true"
		},
		
		"Craftable Paths": {
			"AllowValues": "true, false",
			"Default": "true"
		},
		
		"Fences": {
			"AllowValues": "true, false",
			"Default": "true"
		}
	},
	"Changes": [
		// Cursors
		{
			"LogName": "Cursors",
			"Action": "EditImage",
			"Target": "LooseSprites/Cursors",
			"FromFile": "assets/Cursors.png",
			"PatchMode": "Overlay"
		},
		
		{
			"LogName": "Artifact Spot",
			"Action": "EditImage",
			"Target": "LooseSprites/Cursors",
			"FromFile": "assets/artifactSpot.png",
			"PatchMode": "Overlay",
			"ToArea": {"X": 368, "Y": 32, "Width": 64, "Height": 16},
			"When": {"Artifact Spot": "true"}
		},
		
		{
			"LogName": "Shipping Bin Animation",
			"Action": "EditImage",
			"Target": "LooseSprites/Cursors",
			"FromFile": "assets/Cursors_shippingBin.png",
			"PatchMode": "Overlay",
			"ToArea": {"X": 128, "Y": 209, "Width": 512, "Height": 48},
			"When": {"Shipping Bin": "true"}
		},
		
		{
			"LogName": "Fall/Winter Water",
			"Action": "EditImage",
			"Target": "LooseSprites/Cursors",
			"FromFile": "assets/water_cold.png",
			"PatchMode": "Replace",
			"ToArea": {"X": 0, "Y": 2000, "Width": 640, "Height": 256},
			"When": {"Season": "fall, winter"}
		},
		
		{
			"LogName": "Cursors 2",
			"Action": "EditImage",
			"Target": "LooseSprites/Cursors2",
			"FromFile": "assets/Cursors2.png",
			"PatchMode": "Overlay"
		},
		
		
		// Maps
		{
			"LogName": "Outdoors",
			"Action": "EditImage",
			"Target": "Maps/{{season}}_outdoorsTileSheet, Maps/{{season}}_outdoorsTileSheet2, Maps/{{season}}_island_tilesheet_1, Maps/island_tilesheet_1, Maps/island_tilesheet_2",
			"FromFile": "assets/{{TargetWithoutPath}}.png",
			"PatchMode": "Overlay"
		},
		
		{
			"LogName": "Island Outdoors",
			"Action": "EditImage",
			"Target": "Maps/summer_outdoorsTileSheet, Maps/summer_outdoorsTileSheet2",
			"FromFile": "assets/{{TargetWithoutPath}}.png",
			"PatchMode": "Overlay"
		},
		
		{
			"LogName": "Outdoors Terrain Trees",
			"Action": "EditImage",
			"Target": "Maps/{{season}}_outdoorsTileSheet",
			"FromFile": "assets/{{season}}_outdoors_regTrees.png",
			"PatchMode": "Overlay",
			"When": {"Forageable Trees": "true"}
		},
		
		{
			"LogName": "Island Terrain Trees",
			"Action": "EditImage",
			"Target": "Maps/summer_outdoorsTileSheet",
			"FromFile": "assets/summer_outdoors_regTrees.png",
			"PatchMode": "Overlay",
			"When": {"Forageable Trees": "true"}
		},
		
		{
			"LogName": "Outdoors Decorative Trees",
			"Action": "EditImage",
			"Target": "Maps/{{season}}_outdoorsTileSheet",
			"FromFile": "assets/{{season}}_outdoors_decTrees.png",
			"PatchMode": "Overlay",
			"When": {"Decorative Trees": "true"}
		},
		
		{
			"LogName": "Island Decorative Trees",
			"Action": "EditImage",
			"Target": "Maps/summer_outdoorsTileSheet",
			"FromFile": "assets/summer_outdoors_decTrees.png",
			"PatchMode": "Overlay",
			"When": {"Decorative Trees": "true"}
		},
		
		{
			"LogName": "Outdoors Bushes",
			"Action": "EditImage",
			"Target": "Maps/{{season}}_outdoorsTileSheet",
			"FromFile": "assets/{{season}}_outdoors_bushes.png",
			"PatchMode": "Overlay",
			"When": {"Bushes": "true"}
		},
		
		{
			"LogName": "Island Bushes",
			"Action": "EditImage",
			"Target": "Maps/summer_outdoorsTileSheet",
			"FromFile": "assets/summer_outdoors_bushes.png",
			"PatchMode": "Overlay",
			"When": {"Bushes": "true"}
		},
		
		{
			"LogName": "Outdoors Green Fall",
			"Action": "EditImage",
			"Target": "Maps/fall_outdoorsTileSheet, Maps/fall_outdoorsTileSheet2, Maps/fall_island_tilesheet_1",
			"FromFile": "assets/{{TargetWithoutPath}}_green.png",
			"PatchMode": "Overlay",
			"When": {"Green Fall": "true"}
		},
		
		{
			"LogName": "Outdoors Green Fall Decorative Trees",
			"Action": "EditImage",
			"Target": "Maps/fall_outdoorsTileSheet",
			"FromFile": "assets/fall_outdoors_green_decTrees.png",
			"PatchMode": "Overlay",
			"When": {
				"Green Fall": "true",
				"Decorative Trees": "true"
			}
		},
		
		{
			"LogName": "Outdoors Green Fall Bushes",
			"Action": "EditImage",
			"Target": "Maps/fall_outdoorsTileSheet",
			"FromFile": "assets/fall_outdoors_green_bushes.png",
			"PatchMode": "Overlay",
			"When": {
				"Green Fall": "true",
				"Bushes": "true"
			}
		},
		
		{
			"LogName": "Outdoors Opaque Water",
			"Action": "EditImage",
			"Target": "Maps/{{season}}_outdoorsTileSheet",
			"FromFile": "assets/{{TargetWithoutPath}}_opaque.png",
			"PatchMode": "Overlay",
			"When": {"Water Type": "semi, opaque"}
		},
		
		{
			"LogName": "Outdoors Semi Water",
			"Action": "EditImage",
			"Target": "Maps/{{season}}_outdoorsTileSheet",
			"FromFile": "assets/{{TargetWithoutPath}}_semi.png",
			"PatchMode": "Overlay",
			"When": {"Water Type": "semi"}
		},
		
		{
			"LogName": "Island Opaque Water",
			"Action": "EditImage",
			"Target": "Maps/summer_outdoorsTileSheet",
			"FromFile": "assets/summer_outdoorsTileSheet_opaque.png",
			"PatchMode": "Overlay",
			"When": {"Water Type": "semi, opaque"}
		},
		
		{
			"LogName": "Island Semi Water",
			"Action": "EditImage",
			"Target": "Maps/summer_outdoorsTileSheet",
			"FromFile": "assets/summer_outdoorsTileSheet_semi.png",
			"PatchMode": "Overlay",
			"When": {"Water Type": "semi"}
		},
		
		{
			"LogName": "Outdoors Shipping Bin",
			"Action": "EditImage",
			"Target": "Maps/{{season}}_outdoorsTileSheet",
			"FromFile": "assets/{{season}}_shippingBin.png",
			"PatchMode": "Overlay",
			"ToArea": {"X": 192, "Y": 224, "Width": 32, "Height": 32},
			"When": {"Shipping Bin": "true"}
		},
		
		{
			"LogName": "Outdoors Shipping Bin Green Fall",
			"Action": "EditImage",
			"Target": "Maps/fall_outdoorsTileSheet",
			"FromFile": "assets/fall_shippingBin_green.png",
			"PatchMode": "Overlay",
			"ToArea": {"X": 192, "Y": 224, "Width": 32, "Height": 32},
			"When": {
				"Green Fall": "true",
				"Shipping Bin": "true"
			}
		},
		
		{
			"LogName": "Monster Grave",
			"Action": "EditImage",
			"Target": "Maps/{{season}}_monsterGraveTiles",
			"FromFile": "assets/{{season}}_monsterGraveTiles.png",
			"PatchMode": "Overlay"
		},
		
		{
			"LogName": "Monster Grave Green Fall",
			"Action": "EditImage",
			"Target": "Maps/fall_monsterGraveTiles",
			"FromFile": "assets/fall_monsterGraveTiles_green.png",
			"PatchMode": "Overlay",
			"When": {"Green Fall": "true"}
		},
		
		{
			"LogName": "Town",
			"Action": "EditImage",
			"Target": "Maps/{{season}}_town",
			"FromFile": "assets/{{season}}_town.png",
			"PatchMode": "Overlay"
		},
		
		{
			"LogName": "Town English",
			"Action": "EditImage",
			"Target": "Maps/{{season}}_town",
			"FromFile": "assets/{{season}}_town_en.png",
			"PatchMode": "Overlay",
			"When": {"Language": "en"}
		},
		
		{
			"LogName": "Town Decorative Trees",
			"Action": "EditImage",
			"Target": "Maps/{{season}}_town",
			"FromFile": "assets/{{season}}_town_decTrees.png",
			"PatchMode": "Overlay",
			"When": {"Decorative Trees": "true"}
		},
		
		{
			"LogName": "Town Bushes",
			"Action": "EditImage",
			"Target": "Maps/{{season}}_town",
			"FromFile": "assets/{{season}}_town_bushes.png",
			"PatchMode": "Overlay",
			"When": {"Bushes": "true"}
		},
		
		{
			"LogName": "Town Green Fall",
			"Action": "EditImage",
			"Target": "Maps/fall_town",
			"FromFile": "assets/fall_town_green.png",
			"PatchMode": "Overlay",
			"When": {"Green Fall": "true"}
		},
		
		{
			"LogName": "Town Green Fall Decorative Trees",
			"Action": "EditImage",
			"Target": "Maps/fall_town",
			"FromFile": "assets/fall_town_green_decTrees.png",
			"PatchMode": "Overlay",
			"When": {
				"Green Fall": "true",
				"Decorative Trees": "true"
			}
		},
		
		{
			"LogName": "Town Green Fall Bushes",
			"Action": "EditImage",
			"Target": "Maps/fall_town",
			"FromFile": "assets/fall_town_green_bushes.png",
			"PatchMode": "Overlay",
			"When": {
				"Green Fall": "true",
				"Bushes": "true"
			}
		},
		
		{
			"LogName": "Beach",
			"Action": "EditImage",
			"Target": "Maps/{{season}}_beach",
			"FromFile": "assets/{{season}}_beach.png",
			"PatchMode": "Overlay"
		},
		
		{
			"LogName": "Beach Opaque Water",
			"Action": "EditImage",
			"Target": "Maps/{{season}}_beach",
			"FromFile": "assets/{{season}}_beach_opaque.png",
			"PatchMode": "Overlay",
			"When": {"Water Type": "semi, opaque"}
		},
		
		{
			"LogName": "Interiors",
			"Action": "EditImage",
			"Target": "Maps/bathhouse_tiles, Maps/CarolineGreenhouseTiles, Maps/CarolineGreenhouseTiles_rainy, Maps/coopTiles, Maps/ElliottHouseTiles, Maps/MovieTheater_TileSheet, Maps/SewerTiles, Maps/submarine_tilesheet, Maps/townInterior, Maps/townInterior_2, Maps/WitchHutTiles",
			"FromFile": "assets/{{TargetWithoutPath}}.png",
			"PatchMode": "Overlay",
			"When": {"Town Interiors": "true"}
		},
		
		{
			"LogName": "Cursors Doors",
			"Action": "EditImage",
			"Target": "LooseSprites/Cursors",
			"FromFile": "assets/Cursors_doors.png",
			"PatchMode": "Overlay",
			"When": {"Town Interiors": "true"}
		},
		
		{
			"LogName": "Farmhouse",
			"Action": "EditImage",
			"Target": "Maps/farmhouse_tiles",
			"FromFile": "assets/farmhouse_tiles.png",
			"PatchMode": "Overlay",
			"When": {"Town Interiors": "true"}
		},
		
		{
			"LogName": "Walls and Floors",
			"Action": "EditImage",
			"Target": "Maps/walls_and_floors",
			"FromFile": "assets/walls_and_floors.png",
			"PatchMode": "Overlay",
			"When": {"Walls and Floors": "true"}
		},
		
		{
			"LogName": "Furniture",
			"Action": "EditImage",
			"Target": "Tilesheets/furniture, Tilesheets/furnitureFront",
			"FromFile": "assets/{{TargetWithoutPath}}.png",
			"PatchMode": "Overlay",
			"When": {"Furniture": "true"}
		},
		
		{
			"LogName": "Craftable Paths",
			"Action": "EditImage",
			"Target": "TerrainFeatures/Flooring, TerrainFeatures/Flooring_winter",
			"FromFile": "assets/{{TargetWithoutPath}}.png",
			"PatchMode": "Overlay",
			"When": {"Craftable Paths": "true"}
		},
		
		{
			"LogName": "Fences",
			"Action": "EditImage",
			"Target": "LooseSprites/Fence1, LooseSprites/Fence2, LooseSprites/Fence3, LooseSprites/Fence5",
			"FromFile": "assets/{{TargetWithoutPath}}.png",
			"PatchMode": "Overlay",
			"When": {"Fences": "true"}
		},
		
		{
			"LogName": "Mines",
			"Action": "EditImage",
			"Target": "Mines/mine, Maps/Mines/mine, Maps/Mines/mine_desert, Maps/Mines/mine_desert_dark, Maps/Mines/mine_dino, Maps/Mines/mine_frost, Maps/Mines/mine_frost_dark, Maps/Mines/mine_lava, Maps/Mines/mine_lava_dark, Maps/Mines/mine_slime, Maps/Mines/volcano_caldera",
			"FromFile": "assets/{{TargetWithoutPath}}.png",
			"PatchMode": "Overlay"
		},
		
		{
			"LogName": "Mines Opaque Water",
			"Action": "EditImage",
			"Target": "Maps/Mines/mine, Maps/Mines/mine_frost, Maps/Mines/mine_lava",
			"FromFile": "assets/{{TargetWithoutPath}}_opaque.png",
			"PatchMode": "Overlay",
			"When": {"Water Type": "semi, opaque"}
		},
		
		{
			"LogName": "Desert",
			"Action": "EditImage",
			"Target": "Maps/DesertTiles, Maps/DesertTiles_Extended",
			"FromFile": "assets/{{TargetWithoutPath}}.png",
			"PatchMode": "Overlay"
		},
		
		{
			"LogName": "Desert Palm",
			"Action": "EditImage",
			"Target": "Maps/DesertTiles",
			"FromFile": "assets/DesertTiles_regTrees.png",
			"PatchMode": "Overlay",
			"When": {"Forageable Trees": "true"}
		},
		
		{
			"LogName": "Desert Casino",
			"Action": "EditImage",
			"Target": "Maps/DesertTiles",
			"FromFile": "assets/DesertTiles_casino.png",
			"PatchMode": "Overlay",
			"When": {"Town Interiors": "true"}
		},
		
		{
			"LogName": "Mutant Bug Lair",
			"Action": "EditImage",
			"Target": "Maps/bugLandTiles",
			"FromFile": "assets/bugLandTiles.png",
			"PatchMode": "Overlay"
		},
		
		{
			"LogName": "Iridium Oasis",
			"Action": "EditImage",
			"Target": "Maps/DesertTiles",
			"FromFile": "assets/DesertTiles_iridium.png",
			"PatchMode": "Overlay",
			"When": {"Iridium Oasis": "true"}
		},
		
		{
			"LogName": "Festivals",
			"Action": "EditImage",
			"Target": "Maps/Festivals",
			"FromFile": "assets/Festivals.png",
			"PatchMode": "Overlay"
		},
		
		{
			"LogName": "Festivals Games",
			"Action": "EditImage",
			"Target": "Maps/Festivals",
			"FromFile": "assets/Festivals_games.png",
			"PatchMode": "Overlay",
			"When": {"Town Interiors": "true"}
		},
		
		{
			"LogName": "Night Market",
			"Action": "EditImage",
			"Target": "Maps/night_market_tilesheet_objects",
			"FromFile": "assets/night_market_tilesheet_objects.png",
			"PatchMode": "Overlay"
		},
		
		{
			"LogName": "Witch Swamp",
			"Action": "EditImage",
			"Target": "Maps/witchSwampTiles",
			"FromFile": "assets/witchSwampTiles.png",
			"PatchMode": "Overlay"
		},
		
		{
			"LogName": "Heart Events",
			"Action": "EditImage",
			"Target": "Maps/ElliottSeaTiles, Maps/EmilyDreamscapeTiles, Maps/HarveyBalloonTiles, Maps/nightSceneMaru, Maps/samshowtiles, Maps/sebastianMountainTiles, Maps/stadium_tiles, LooseSprites/cowPhotos, LooseSprites/cowPhotosWinter",
			"FromFile": "assets/{{TargetWithoutPath}}.png",
			"PatchMode": "Overlay"
		},
		
		
		// Terrain Features		
		{
			"LogName": "Grass",
			"Action": "EditImage",
			"Target": "TerrainFeatures/grass",
			"FromFile": "assets/grass_{{grass type}}.png",
			"PatchMode": "Replace"
		},
		
		{
			"LogName": "Bushes",
			"Action": "EditImage",
			"Target": "TileSheets/bushes",
			"FromFile": "assets/bushes.png",
			"PatchMode": "Overlay",
			"When": {"Bushes": "true"}
		},
		
		{
			"LogName": "Bushes Green Fall",
			"Action": "EditImage",
			"Target": "TileSheets/bushes",
			"FromFile": "assets/bushes_green.png",
			"PatchMode": "Overlay",
			"When": {
				"Green Fall": "true",
				"Bushes": "true"
			}
		},
		
		{
			"LogName": "Flowering Bushes",
			"Action": "EditImage",
			"Target": "TileSheets/bushes",
			"FromFile": "assets/bushes_flowers.png",
			"PatchMode": "Overlay",
			"When": {
				"Flowering Bushes": "true",
				"Season": "spring, fall, winter"
			}
		},
		
		{
			"LogName": "Flowering Bushes Summer",
			"Action": "EditImage",
			"Target": "TileSheets/bushes",
			"FromFile": "assets/bushes_flowers_summer.png",
			"ToArea": {"X": 0, "Y": 128, "Width": 48, "Height": 48},
			"PatchMode": "Overlay",
			"When": {
				"Flowering Bushes": "true",
				"Season": "summer"
			}
		},
		
		{
			"LogName": "Outdoors Bushes Spring",
			"Action": "EditImage",
			"Target": "Maps/spring_outdoorsTileSheet",
			"FromFile": "assets/bushes_flowers.png",
			"FromArea": {"X": 0, "Y": 128, "Width": 48, "Height": 48},
			"ToArea": {"X": 208, "Y": 0, "Width": 48, "Height": 48},
			"PatchMode": "Overlay",
			"When": {"Flowering Bushes": "true"}
		},
		
		{
			"LogName": "Outdoors Bushes Summer",
			"Action": "EditImage",
			"Target": "Maps/summer_outdoorsTileSheet",
			"FromFile": "assets/bushes_flowers_summer.png",
			"ToArea": {"X": 208, "Y": 0, "Width": 48, "Height": 48},
			"PatchMode": "Overlay",
			"When": {"Flowering Bushes": "true"}
		},
		
		{
			"LogName": "Outdoors Bushes Fall",
			"Action": "EditImage",
			"Target": "Maps/fall_outdoorsTileSheet",
			"FromFile": "assets/bushes_flowers.png",
			"FromArea": {"X": 48, "Y": 128, "Width": 48, "Height": 48},
			"ToArea": {"X": 208, "Y": 0, "Width": 48, "Height": 48},
			"PatchMode": "Overlay",
			"When": {"Flowering Bushes": "true"}
		},
		
		{
			"LogName": "Outdoors Bushes Winter",
			"Action": "EditImage",
			"Target": "Maps/winter_outdoorsTileSheet",
			"FromFile": "assets/bushes_flowers.png",
			"FromArea": {"X": 0, "Y": 177, "Width": 48, "Height": 48},
			"ToArea": {"X": 208, "Y": 0, "Width": 48, "Height": 48},
			"PatchMode": "Overlay",
			"When": {"Flowering Bushes": "true"}
		},
		
		{
			"LogName": "Snow-covered Bushes",
			"Action": "EditImage",
			"Target": "TileSheets/bushes",
			"FromFile": "assets/bushes_snow.png",
			"PatchMode": "Overlay",
			"When": {"Snow-covered Bushes": "true"}
		},
		
		{
			"LogName": "Snow-covered Outdoor Rectangular",
			"Action": "EditImage",
			"Target": "Maps/winter_outdoorsTileSheet",
			"FromFile": "assets/bushes_snow.png",
			"FromArea": {"X": 0, "Y": 177, "Width": 48, "Height": 48},
			"ToArea": {"X": 208, "Y": 0, "Width": 48, "Height": 48},
			"PatchMode": "Overlay",
			"When": {"Snow-covered Bushes": "true"}
		},
		
		{
			"LogName": "Snow-covered Outdoor Berry",
			"Action": "EditImage",
			"Target": "Maps/winter_outdoorsTileSheet",
			"FromFile": "assets/bushes_snow.png",
			"FromArea": {"X": 64, "Y": 60, "Width": 32, "Height": 32},
			"ToArea": {"X": 208, "Y": 48, "Width": 32, "Height": 32},
			"PatchMode": "Overlay",
			"When": {"Snow-covered Bushes": "true"}
		},
		
		{
			"LogName": "Summer Succulent Replacement",
			"Action": "EditImage",
			"Target": "TileSheets/bushes",
			"FromFile": "assets/bushes_summerReplace.png",
			"ToArea": {"X": 64, "Y": 0, "Width": 32, "Height": 48},
			"PatchMode": "Replace",
			"When": {"Summer Bushes Replacement": "true"}
		},
		
		
		// Trees
		{
			"LogName": "Oak",
			"Action": "EditImage",
			"Target": "TerrainFeatures/tree1_{{season}}",
			"FromFile": "assets/tree1_{{season}}.png",
			"PatchMode": "Overlay",
			"When": {"Forageable Trees": "true"}
		},
		
		{
			"LogName": "Maple",
			"Action": "EditImage",
			"Target": "TerrainFeatures/tree2_{{season}}",
			"FromFile": "assets/tree2_{{season}}.png",
			"PatchMode": "Overlay",
			"When": {"Forageable Trees": "true"}
		},
		
		{
			"LogName": "Pine Summer",
			"Action": "EditImage",
			"Target": "TerrainFeatures/tree3_spring",
			"FromFile": "assets/tree3_summer.png",
			"PatchMode": "Overlay",
			"When": {
				"season": "summer",
				"Forageable Trees": "true"
			}
		},
		
		{
			"LogName": "Pine Other Seasons",
			"Action": "EditImage",
			"Target": "TerrainFeatures/tree3_{{season}}",
			"FromFile": "assets/tree3_{{season}}.png",
			"PatchMode": "Overlay",
			"When": {
				"season": "spring, fall, winter",
				"Forageable Trees": "true"
			}
		},
		
		{
			"LogName": "Mahogany",
			"Action": "EditImage",
			"Target": "TerrainFeatures/tree8_{{season}}",
			"FromFile": "assets/tree8_{{season}}.png",
			"PatchMode": "Overlay",
			"When": {"Forageable Trees": "true"}
		},
		
		{
			"LogName": "Mahogany Island",
			"Action": "EditImage",
			"Target": "TerrainFeatures/tree8_summer",
			"FromFile": "assets/tree8_summer.png",
			"PatchMode": "Overlay",
			"When": {"Forageable Trees": "true"}
		},
		
		{
			"LogName": "Fruit Trees",
			"Action": "EditImage",
			"Target": "TileSheets/fruitTrees",
			"FromFile": "assets/fruitTrees.png",
			"PatchMode": "Replace",
			"When": {"Fruit Trees": "true"}
		},
		
		{
			"LogName": "Palm",
			"Action": "EditImage",
			"Target": "TerrainFeatures/tree_palm, TerrainFeatures/tree_palm2",
			"FromFile": "assets/{{TargetWithoutPath}}.png",
			"PatchMode": "Overlay",
			"When": {"Forageable Trees": "true"}
		},
		
		{
			"LogName": "Mushroom Tree",
			"Action": "EditImage",
			"Target": "TerrainFeatures/mushroom_tree",
			"FromFile": "assets/mushroom_tree.png",
			"PatchMode": "Overlay",
			"When": {"Forageable Trees": "true"}
		},
		
		
		// Holiday Overlays
		{
			"LogName": "Outdoors Holiday",
			"Action": "EditImage",
			"Target": "Maps/{{season}}_outdoorsTileSheet",
			"FromFile": "assets/{{season}}_outdoorsTileSheet_holiday.png",
			"PatchMode": "Overlay",
			"When": {
				"Holiday Overlays": "true",
				"Season": "spring"
			}
		},
		
		{
			"LogName": "Town Holiday",
			"Action": "EditImage",
			"Target": "Maps/{{season}}_town",
			"FromFile": "assets/{{season}}_town_holiday.png",
			"PatchMode": "Overlay",
			"When": {"Holiday Overlays": "true"}
		},
		
		
		// Terrain Flowers
		{
			"LogName": "Outdoors Top",
			"Action": "EditImage",
			"Target": "Maps/{{season}}_outdoorsTileSheet",
			"FromFile": "assets/{{season}}_terrainFlowers.png",
			"FromArea": {"X": 0, "Y": 0, "Width": 16, "Height": 16},
			"ToArea": {"X": 112, "Y": 160, "Width": 16, "Height": 16},
			"PatchMode": "Replace",
			"When": {"Terrain Flowers": "true"}
		},
		
		{
			"LogName": "Outdoors Bottom",
			"Action": "EditImage",
			"Target": "Maps/{{season}}_outdoorsTileSheet",
			"FromFile": "assets/{{season}}_terrainFlowers.png",
			"FromArea": {"X": 0, "Y": 16, "Width": 16, "Height": 16},
			"ToArea": {"X": 112, "Y": 192, "Width": 16, "Height": 16},
			"PatchMode": "Replace",
			"When": {"Terrain Flowers": "true"}
		},
		
		{
			"LogName": "Outdoors Marnie Planter",
			"Action": "EditImage",
			"Target": "Maps/{{season}}_outdoorsTileSheet",
			"FromFile": "assets/{{season}}_terrainFlowers.png",
			"FromArea": {"X": 0, "Y": 32, "Width": 16, "Height": 32},
			"ToArea": {"X": 368, "Y": 64, "Width": 16, "Height": 32},
			"PatchMode": "Replace",
			"When": {
				"Terrain Flowers": "true",
				"Season": "spring, summer"
			}
		},
		
		{
			"LogName": "Outdoors Robin Flower (Summer)",
			"Action": "EditImage",
			"Target": "Maps/summer_outdoorsTileSheet",
			"FromFile": "assets/summer_terrainFlowers.png",
			"FromArea": {"X": 0, "Y": 64, "Width": 16, "Height": 16},
			"ToArea": {"X": 336, "Y": 544, "Width": 16, "Height": 16},
			"PatchMode": "Overlay",
			"When": {"Terrain Flowers": "true"}
		},
		
		{
			"LogName": "Town Clinic",
			"Action": "EditImage",
			"Target": "Maps/{{season}}_town",
			"FromFile": "assets/{{season}}_terrainFlowers.png",
			"FromArea": {"X": 16, "Y": 0, "Width": 16, "Height": 32},
			"ToArea": {"X": 368, "Y": 0, "Width": 16, "Height": 32},
			"PatchMode": "Replace",
			"When": {
				"Terrain Flowers": "true",
				"Season": "spring, fall"
			}
		},
		
		{
			"LogName": "Town Planters",
			"Action": "EditImage",
			"Target": "Maps/{{season}}_town",
			"FromFile": "assets/{{season}}_terrainFlowers.png",
			"FromArea": {"X": 32, "Y": 0, "Width": 48, "Height": 16},
			"ToArea": {"X": 336, "Y": 432, "Width": 48, "Height": 16},
			"PatchMode": "Replace",
			"When": {"Terrain Flowers": "true"}
		},
		
		{
			"LogName": "Town Square",
			"Action": "EditImage",
			"Target": "Maps/{{season}}_town",
			"FromFile": "assets/{{season}}_terrainFlowers.png",
			"FromArea": {"X": 80, "Y": 32, "Width": 48, "Height": 48},
			"ToArea": {"X": 368, "Y": 464, "Width": 48, "Height": 48},
			"PatchMode": "Replace",
			"When": {
				"Terrain Flowers": "true",
				"Season": "spring, summer"
			}
		},
		
		{
			"LogName": "Town CC Left",
			"Action": "EditImage",
			"Target": "Maps/{{season}}_town",
			"FromFile": "assets/{{season}}_terrainFlowers.png",
			"FromArea": {"X": 32, "Y": 16, "Width": 48, "Height": 32},
			"ToArea": {"X": 208, "Y": 768, "Width": 48, "Height": 32},
			"PatchMode": "Overlay",
			"When": {
				"Terrain Flowers": "true",
				"Season": "spring, summer"
			}
		},
		
		{
			"LogName": "Town CC Right",
			"Action": "EditImage",
			"Target": "Maps/{{season}}_town",
			"FromFile": "assets/{{season}}_terrainFlowers.png",
			"FromArea": {"X": 32, "Y": 48, "Width": 48, "Height": 32},
			"ToArea": {"X": 320, "Y": 768, "Width": 48, "Height": 32},
			"PatchMode": "Overlay",
			"When": {
				"Terrain Flowers": "true",
				"Season": "spring, summer"
			}
		},
		
		{
			"LogName": "Town Single Flower (Spring)",
			"Action": "EditImage",
			"Target": "Maps/spring_town",
			"FromFile": "assets/spring_terrainFlowers.png",
			"FromArea": {"X": 16, "Y": 32, "Width": 16, "Height": 16},
			"ToArea": {"X": 384, "Y": 16, "Width": 16, "Height": 16},
			"PatchMode": "Overlay",
			"When": {"Terrain Flowers": "true"}
		},
		
		{
			"LogName": "Town Community Upgrade (Spring)",
			"Action": "EditImage",
			"Target": "Maps/spring_town",
			"FromFile": "assets/spring_terrainFlowers.png",
			"FromArea": {"X": 16, "Y": 48, "Width": 16, "Height": 16},
			"ToArea": {"X": 464, "Y": 736, "Width": 16, "Height": 16},
			"PatchMode": "Overlay",
			"When": {"Terrain Flowers": "true"}
		},
		
		{
			"LogName": "Town Jodi Flowers (Summer)",
			"Action": "EditImage",
			"Target": "Maps/summer_town",
			"FromFile": "assets/summer_terrainFlowers.png",
			"FromArea": {"X": 16, "Y": 32, "Width": 16, "Height": 16},
			"ToArea": {"X": 16, "Y": 144, "Width": 16, "Height": 16},
			"PatchMode": "Overlay",
			"When": {"Terrain Flowers": "true"}
		},
		
		{
			"LogName": "Town Community Upgrade (Fall)",
			"Action": "EditImage",
			"Target": "Maps/fall_town",
			"FromFile": "assets/fall_terrainFlowers.png",
			"FromArea": {"X": 48, "Y": 16, "Width": 16, "Height": 32},
			"ToArea": {"X": 464, "Y": 736, "Width": 16, "Height": 32},
			"PatchMode": "Overlay",
			"When": {"Terrain Flowers": "true"}
		},
		
		{
			"LogName": "Desert Poppy",
			"Action": "EditImage",
			"Target": "Maps/DesertTiles",
			"FromFile": "assets/desert_poppy.png",
			"ToArea": {"X": 48, "Y": 112, "Width": 16, "Height": 16},
			"PatchMode": "Replace",
			"When": {
				"Terrain Flowers": "true",
				"HasMod |contains=FlashShifter.StardewValleyExpandedCP": "false"
			}
		},
		
		
		// Misc Items & Fixes
		{
			"LogName": "Misc English Tilesheets",
			"Action": "EditImage",
			"Target": "Maps/bathhouse_tiles, Maps/coopTiles, Maps/DesertTiles, Maps/Festivals, Maps/samshowtiles, Maps/townInterior",
			"FromFile": "assets/{{TargetWithoutPath}}_en.png",
			"PatchMode": "Overlay",
			"When": {"Language": "en"}
		},

		{
			"LogName": "Maps",
			"Action": "EditImage",
			"Target": "LooseSprites/map",
			"FromFile": "assets/map_{{season}}.png",
			"PatchMode": "Overlay",
			"When": {
				"HasMod |contains=FlashShifter.StardewValleyExpandedCP, Bouhm.NPCMapLocations": "false",
				"Seasonal Maps": "true"
			}
		},
		
		{
			"LogName": "Map Green Fall",
			"Action": "EditImage",
			"Target": "LooseSprites/map",
			"FromFile": "assets/map_fall_green.png",
			"PatchMode": "Overlay",
			"When": {
				"HasMod |contains=FlashShifter.StardewValleyExpandedCP, Bouhm.NPCMapLocations": "false",
				"Seasonal Maps": "true",
				"Green Fall": "true",
				"Season": "fall"
			}
		},
		
		{
			"LogName": "Seats Outdoors",
			"Action": "EditImage",
			"Target": "TileSheets/ChairTiles",
			"FromFile": "assets/{{TargetWithoutPath}}.png",
			"PatchMode": "Overlay"
		},
		
		{
			"LogName": "Seats Indoors",
			"Action": "EditImage",
			"Target": "TileSheets/ChairTiles",
			"FromFile": "assets/{{TargetWithoutPath}}_indoors.png",
			"PatchMode": "Overlay",
			"When": {"Town Interiors": "true"}
		},
		
		{
			"LogName": "Suspension Bridge",
			"Action": "EditImage",
			"Target": "LooseSprites/SuspensionBridge",
			"FromFile": "assets/SuspensionBridge.png",
			"PatchMode": "Overlay"
		},
		
		{
			"LogName": "Big Craftables",
			"Action": "EditImage",
			"Target": "TileSheets/Craftables",
			"FromFile": "assets/Craftables.png",
			"PatchMode": "Overlay",
			"When": {"Big Craftables": "true"}
		},
		
		{
			"LogName": "Coop Interior Objects",
			"Action": "EditImage",
			"Target": "TileSheets/Craftables",
			"FromFile": "assets/Craftables_coop.png",
			"PatchMode": "Overlay",
			"When": {"Town Interiors": "true"}
		},
		
		{
			"LogName": "Joja Roof",
			"Action": "EditImage",
			"Target": "LooseSprites/Cursors",
			"FromFile": "assets/joja_{{season}}.png",
			"ToArea": {"X": 424, "Y": 1275, "Width": 174, "Height": 24},
			"PatchMode": "Overlay",
			"When": {"Season": "spring, summer, fall"}
		},
		
		{
			"LogName": "Joja Roof Winter",
			"Action": "EditImage",
			"Target": "LooseSprites/Cursors",
			"FromFile": "assets/joja_winter.png",
			"ToArea": {"X": 66, "Y": 1678, "Width": 174, "Height": 24},
			"PatchMode": "Overlay",
			"When": {"Season": "winter"}
		},
		
		{
			"LogName": "Hoed Dirt",
			"Action": "EditImage",
			"Target": "TerrainFeatures/hoeDirt, TerrainFeatures/hoeDirtDark, TerrainFeatures/hoeDirtSnow",
			"FromFile": "assets/{{TargetWithoutPath}}.png",
			"PatchMode": "Overlay",
			"When": {"Hoed Dirt": "true"}
		},
		
		{
			"LogName": "Fertilizer",
			"Action": "EditImage",
			"Target": "LooseSprites/Cursors",
			"FromFile": "assets/fertilizer.png",
			"ToArea": {"X": 173, "Y": 466, "Width": 48, "Height": 32},
			"PatchMode": "Replace",
			"When": {"Fertilizer": "true"}
		},
		
		{
			"LogName": "Furniture Totem",
			"Action": "EditImage",
			"Target": "Tilesheets/furniture",
			"FromFile": "assets/furniture_totem.png",
			"ToArea": {"X": 240, "Y": 640, "Width": 16, "Height": 48},
			"PatchMode": "Replace",
			"When": {"Furniture": "true"}
		},
		
		{
			"LogName": "Temporary Sprites",
			"Action": "EditImage",
			"Target": "LooseSprites/temporary_sprites_1",
			"FromFile": "assets/temporary_sprites_1.png",
			"PatchMode": "Overlay"
		},
		
		{
			"LogName": "Spring Objects",
			"Action": "EditImage",
			"Target": "Maps/springobjects",
			"FromFile": "assets/springobjects.png",
			"PatchMode": "Overlay"
		},
		
		{
			"LogName": "Spinning Loom Wheel",
			"Action": "EditImage",
			"Target": "Maps/springobjects",
			"FromFile": "assets/springobjects_loom.png",
			"PatchMode": "Overlay",
			"ToArea": {"X": 48, "Y": 288, "Width": 16, "Height": 16},
			"When": {"Big Craftables": "true"}
		},
		
		{
			"LogName": "Spring Objects Craftable Paths",
			"Action": "EditImage",
			"Target": "Maps/springobjects",
			"FromFile": "assets/springobjects_flooring.png",
			"PatchMode": "Overlay",
			"When": {"Craftable Paths": "true"}
		},
		
		{
			"LogName": "Spring Objects Fences",
			"Action": "EditImage",
			"Target": "Maps/springobjects",
			"FromFile": "assets/springobjects_fences.png",
			"PatchMode": "Overlay",
			"When": {"Fences": "true"}
		},
		
		{
			"LogName": "Animations",
			"Action": "EditImage",
			"Target": "TileSheets/animations",
			"FromFile": "assets/animations.png",
			"ToArea": {"X": 0, "Y": 1472, "Width": 640, "Height": 128},
			"PatchMode": "Overlay"
		},
		
		{
			"LogName": "Craftable Bin",
			"Action": "EditImage",
			"Target": "Buildings/Shipping Bin",
			"FromFile": "assets/Shipping Bin.png",
			"PatchMode": "Overlay",
			"When": {"Shipping Bin": "true"}
		},
		
		{
			"LogName": "Marnie Luau",
			"Action": "EditImage",
			"Target": "Characters/Marnie",
			"FromFile": "assets/Marnie_luau.png",
			"ToArea": {"X": 16, "Y": 128, "Width": 48, "Height": 32},
			"PatchMode": "Overlay"
		},
		
		{
			"LogName": "Small Beach Farm",
			"Action": "EditImage",
			"Target": "Mods/Pathoschild.SmallBeachFarm/{{season}}_smallBeachFarm",
			"FromFile": "assets/{{TargetWithoutPath}}.png",
			"PatchMode": "Overlay",
			"When": {"HasMod |contains=Pathoschild.SmallBeachFarm": "true"}
		},
		
		{
			"LogName": "Small Beach Farm Green Fall",
			"Action": "EditImage",
			"Target": "Mods/Pathoschild.SmallBeachFarm/fall_smallBeachFarm",
			"FromFile": "assets/{{TargetWithoutPath}}_green.png",
			"PatchMode": "Overlay",
			"When": {
				"HasMod |contains=Pathoschild.SmallBeachFarm": "true",
				"Green Fall": "true"
			}
		}
	]
}