{
  "Name": "Pumpkin (Joja)",
  "Description": "A pumpkin grown from JojaCo seeds. While good eating, it is unsuitable for making Jack o'Lanterns.",
  "Category": "Vegetable",
  "CategoryTextOverride": "Joja Vegetable",
  
  "Edibility": 50,
  "EdibleIsDrink": false,
  "EdibleBuffs": {
    "Farming": 1,
    "Fishing": 0,
    "Mining": 0,
    "Luck": 0,
	"Foraging": 0,
	"MaxStamina": 0,
    "MagnetRadius": 0,
	"Speed": 0,
	"Defense": 0,
	"Attack": 0,
    "Duration": 300,
  },
  
  "Price": 290,
  
  "IsColored": false,
  "Recipe": null,
  
  "GiftTastes": 
		{
		"Love": [ "Krobus", "Willy",],
		"Like": [ "Abigail", "Maru", "Demetrius", "Morris", ],
		"Dislike": [ "Caroline", "Wizard", "Leah" ],
		"Hate": [  "Pierre", ],	
		},
  
  
  "ContextTags": 
        [
        "color_orange",
        "dye_medium",
		"season_fall",
        ],

}