{
    "Format": "2.0.0",
    	"Changes":[
	{
		"Action": "EditData",
		"Target": "Data/Furniture",
		"Entries":{

"ob7_window_basic_1": "ob7_window_basic_1/painting/1 3/1 3/1/500/-1/Basic Window/9/Tilesheets\\BF_{{season}}/false/collection_ob7Furniture",
"ob7_window_basic_2": "ob7_window_basic_2/painting/2 3/2 3/1/500/-1/Basic 2-tile Window/7/Tilesheets\\BF_{{season}}/false/collection_ob7Furniture",
"ob7_window_basic_3": "ob7_window_basic_3/painting/3 3/3 3/1/500/-1/Basic 3-tile Window/4/Tilesheets\\BF_{{season}}/false/collection_ob7Furniture",
"ob7_window_basic_4": "ob7_window_basic_4/painting/1 3/1 3/1/500/-1/Long Window/3/Tilesheets\\BF_{{season}}/false/collection_ob7Furniture",
"ob7_window_basic_5": "ob7_window_basic_5/painting/3 3/3 3/1/500/-1/Large Window/0/Tilesheets\\BF_{{season}}/false/collection_ob7Furniture",

"ob7_window_basic_1C": "ob7_window_basic_1C/painting/1 3/1 3/1/500/-1/Curtained Basic Window/9/Tilesheets\\BF_{{season}}_2/false/collection_ob7Furniture",
"ob7_window_basic_2C": "ob7_window_basic_2C/painting/2 3/2 3/1/500/-1/Curtained Basic 2-tile Window/7/Tilesheets\\BF_{{season}}_2/false/collection_ob7Furniture",
"ob7_window_basic_3C": "ob7_window_basic_3C/painting/3 3/3 3/1/500/-1/Curtained Basic 3-tile Window/4/Tilesheets\\BF_{{season}}_2/false/collection_ob7Furniture",
"ob7_window_basic_4C": "ob7_window_basic_4C/painting/1 3/1 3/1/500/-1/Curtained Long Window/3/Tilesheets\\BF_{{season}}_2/false/collection_ob7Furniture",
"ob7_window_basic_5C": "ob7_window_basic_5C/painting/3 3/3 3/1/500/-1/Curtained Large Window/0/Tilesheets\\BF_{{season}}_2/false/collection_ob7Furniture",

}
},

		{
			"Action": "Load",
			"Target": "Tilesheets/BF_{{season}}",
			"FromFile": "assets/BF_{{season}}.png"
		},
		{
			"Action": "EditImage",
			"Target": "Tilesheets/BF_{{season}}",
			"FromFile": "assets/BF_{{season}}_rain.png",
			"When": {"Weather": "Rain"},
		"Update": "OnTimeChange"
		},
		{
			"Action": "EditImage",
			"Target": "Tilesheets/BF_{{season}}",
			"FromFile": "assets/BF_{{season}}_rain.png",
			"When": {"Weather": "Storm"},
		"Update": "OnTimeChange"
		},

		{
			"Action": "Load",
			"Target": "Tilesheets/BF_{{season}}_2",
			"FromFile": "assets/BF_{{season}}_2.png"
		},
		{
			"Action": "EditImage",
			"Target": "Tilesheets/BF_{{season}}_2",
			"FromFile": "assets/BF_{{season}}_rain_2.png",
			"When": {"Weather": "Rain"},
		"Update": "OnTimeChange"
		},
		{
			"Action": "EditImage",
			"Target": "Tilesheets/BF_{{season}}_2",
			"FromFile": "assets/BF_{{season}}_rain_2.png",
			"When": {"Weather": "Storm"},
		"Update": "OnTimeChange"
		},
//spring light
		{
			"Action": "EditImage",
			"Target": "Tilesheets/BF_spring",
			"PatchMode": "Overlay",
			"FromFile": "assets/Light.png",
			"When": {"Weather": "Sun", "Time": "{{Range: 0600, 1900}}"},
		"Update": "OnTimeChange"
		},
		{
			"Action": "EditImage",
			"Target": "Tilesheets/BF_spring",
			"PatchMode": "Overlay",
			"FromFile": "assets/Light.png",
			"When": {"Weather": "Wind", "Time": "{{Range: 0600, 1900}}"},
		"Update": "OnTimeChange"
		},
		{
			"Action": "EditImage",
			"Target": "Tilesheets/BF_spring_2",
			"PatchMode": "Overlay",
			"FromFile": "assets/Light.png",
			"When": {"Weather": "Sun", "Time": "{{Range: 0600, 1900}}"},
		"Update": "OnTimeChange"
		},
		{
			"Action": "EditImage",
			"Target": "Tilesheets/BF_spring_2",
			"PatchMode": "Overlay",
			"FromFile": "assets/Light.png",
			"When": {"Weather": "Wind", "Time": "{{Range: 0600, 1900}}"},
		"Update": "OnTimeChange"
		},

//summer light
		{
			"Action": "EditImage",
			"Target": "Tilesheets/BF_summer",
			"PatchMode": "Overlay",
			"FromFile": "assets/Light.png",
			"When": {"Weather": "Sun", "Time": "{{Range: 0600, 1900}}"},
		"Update": "OnTimeChange"
		},
		{
			"Action": "EditImage",
			"Target": "Tilesheets/BF_summer",
			"PatchMode": "Overlay",
			"FromFile": "assets/Light.png",
			"When": {"Weather": "Wind", "Time": "{{Range: 0600, 1900}}"},
		"Update": "OnTimeChange"
		},
		{
			"Action": "EditImage",
			"Target": "Tilesheets/BF_summer_2",
			"PatchMode": "Overlay",
			"FromFile": "assets/Light.png",
			"When": {"Weather": "Sun", "Time": "{{Range: 0600, 1900}}"},
		"Update": "OnTimeChange"
		},
		{
			"Action": "EditImage",
			"Target": "Tilesheets/BF_summer_2",
			"PatchMode": "Overlay",
			"FromFile": "assets/Light.png",
			"When": {"Weather": "Wind", "Time": "{{Range: 0600, 1900}}"},
		"Update": "OnTimeChange"
		},
//fall light
		{
			"Action": "EditImage",
			"Target": "Tilesheets/BF_fall",
			"PatchMode": "Overlay",
			"FromFile": "assets/Light.png",
			"When": {"Weather": "Sun", "Time": "{{Range: 0600, 1900}}"},
		"Update": "OnTimeChange"
		},
		{
			"Action": "EditImage",
			"Target": "Tilesheets/BF_fall",
			"PatchMode": "Overlay",
			"FromFile": "assets/Light.png",
			"When": {"Weather": "Wind", "Time": "{{Range: 0600, 1900}}"},
		"Update": "OnTimeChange"
		},
		{
			"Action": "EditImage",
			"Target": "Tilesheets/BF_fall_2",
			"PatchMode": "Overlay",
			"FromFile": "assets/Light.png",
			"When": {"Weather": "Sun", "Time": "{{Range: 0600, 1900}}"},
		"Update": "OnTimeChange"
		},
		{
			"Action": "EditImage",
			"Target": "Tilesheets/BF_fall_2",
			"PatchMode": "Overlay",
			"FromFile": "assets/Light.png",
			"When": {"Weather": "Wind", "Time": "{{Range: 0600, 1900}}"},
		"Update": "OnTimeChange"
		},
//winter light

		{
			"Action": "EditImage",
			"Target": "Tilesheets/BF_winter",
			"PatchMode": "Overlay",
			"FromFile": "assets/Light_winter.png",
			"When": {"Weather": "Sun", "Time": "{{Range: 0600, 1900}}"},
		"Update": "OnTimeChange"
		},
		{
			"Action": "EditImage",
			"Target": "Tilesheets/BF_winter",
			"PatchMode": "Overlay",
			"FromFile": "assets/Light_winter.png",
			"When": {"Weather": "Snow", "Time": "{{Range: 0600, 1900}}"},
		"Update": "OnTimeChange"
		},

		{
			"Action": "EditImage",
			"Target": "Tilesheets/BF_winter",
			"PatchMode": "Overlay",
			"FromFile": "assets/Light_winter.png",
			"When": {"Weather": "Wind", "Time": "{{Range: 0600, 1900}}"},
		"Update": "OnTimeChange"
		},
		{
			"Action": "EditImage",
			"Target": "Tilesheets/BF_winter_2",
			"PatchMode": "Overlay",
			"FromFile": "assets/Light_winter.png",
			"When": {"Weather": "Sun", "Time": "{{Range: 0600, 1900}}"},
		"Update": "OnTimeChange"
		},
		{
			"Action": "EditImage",
			"Target": "Tilesheets/BF_winter_2",
			"PatchMode": "Overlay",
			"FromFile": "assets/Light_winter.png",
			"When": {"Weather": "Snow", "Time": "{{Range: 0600, 1900}}"},
		"Update": "OnTimeChange"
		},

		{
			"Action": "EditImage",
			"Target": "Tilesheets/BF_winter_2",
			"PatchMode": "Overlay",
			"FromFile": "assets/Light_winter.png",
			"When": {"Weather": "Wind", "Time": "{{Range: 0600, 1900}}"},
		"Update": "OnTimeChange"
		},
//end winter light
		{
			"Action": "EditImage",
			"Target": "Tilesheets/BF_{{season}}",
			"FromFile": "assets/BF_{{season}}_night.png",
			"When": {"Time": "{{Range: 1900, 2600}}"},
		"Update": "OnTimeChange"

	},
		{
			"Action": "EditImage",
			"Target": "Tilesheets/BF_{{season}}_2",
			"FromFile": "assets/BF_{{season}}_night_2.png",
			"When": {"Time": "{{Range: 1900, 2600}}"},
		"Update": "OnTimeChange"

	}
	]
}