{
 		"Format": "2.0.0",
		//Hey! What're you doing here?
		"ConfigSchema": {
			"Adventurer's Guild": {
				"AlLowValues": "true, false",
				"Default": "true",
				"Section": "Mountains"
				},
			"Adventurer's Guild Interior Type": {
				"AlLowValues": "Original, Compatibility",
				"Default": "Original",
				"Description": "Compatibility - Snaps the tables out of existence.",
				"Section": "Mountains"
				},
			"Alex's House": {
				"AlLowValues": "true, false",
				"Default": "true",
				"Section": "Town"
				},
			"Bath House": {
				"AlLowValues": "true, false",
				"Default": "true",
				"Section": "Mountains"
				},
			"Casino Interior": {
				"AlLowValues": "true, false",
				"Default": "true",
				"Section": "Desert"
				},
			"Clint's Smithy": {
				"AlLowValues": "true, false",
				"Default": "true",
				"Section": "Town"
				},
			"Elliott's Cabin": {
				"AlLowValues": "true, false",
				"Default": "true",
				"Section": "Beach"
				},
			"Gus' Saloon": {
				"AlLowValues": "true, false",
				"Default": "true",
				"Section": "Town"
				},
			"Haley's House": {
				"AlLowValues": "true, false",
				"Default": "true",
				"Section": "Town"
				},
			"Harvey's House": {
				"AlLowValues": "true, false",
				"Default": "true",
				"Section": "Town"
				},
			"Hospital Interior": {
				"AlLowValues": "true, false",
				"Default": "true",
				"Section": "Town"
				},
			"Hospital Interior Style": {
				"AlLowValues": "Default, Woody",
				"Default": "Default",
				"Description": "Woody - Original woody tone design.",
				"Section": "Town"
				},	
			"Hospital's Interior Type": {
				"AlLowValues": "Original, Compatibility",
				"Default": "Original",
				"Description": "Compatibility - Arranged the dividers to match the original layout.",
				"Section": "Town"
				},
			"Jodi's House": {
				"AlLowValues": "true, false",
				"Default": "true",
				"Section": "Town"
				},
			"JojaMart": {
				"AlLowValues": "true, false",
				"Default": "true",
				"Section": "Town"
				},
			"Leah's Cabin": {
				"AlLowValues": "true, false",
				"Default": "true",
				"Section": "Forest"
				},
			"Marnie's Ranch": {
				"AlLowValues": "true, false",
				"Default": "true",
				"Section": "Forest"
				},
			"Mayor's Manor": {
				"AlLowValues": "true, false",
				"Default": "true",
				"Section": "Town"
				},
			"Museum Interior": {
				"AlLowValues": "true, false",
				"Default": "true",
				"Section": "Town"
				},
			"Pam's House": {
				"AlLowValues": "true, false",
				"Default": "true",
				"Section": "Town"
				},
			"Pierre's House": {
				"AlLowValues": "true, false",
				"Default": "true",
				"Section": "Town"
				},
			"Robin's House": {
				"AlLowValues": "true, false",
				"Default": "true",
				"Section": "Mountains"
				},
			"Sandy's House": {
				"AlLowValues": "true, false",
				"Default": "true",
				"Section": "Desert"
				},
			"Willy's Shop": {
				"AlLowValues": "true, false",
				"Default": "true",
				"Section": "Beach"
				},
			"Wizard's Tower": {
				"AlLowValues": "true, false",
				"Default": "true",
				"Section": "Forest"
				},
		},
		
		//Custom Maps
	  
		"CustomLocations": [
		{
         "Name": "Custom_Marnie_Garage",
         "FromMapFile": "assets/Maps/MarnieGarage.tmx",
		},
		{
         "Name": "Custom_Sandy_Cellar",
         "FromMapFile": "assets/Maps/SandyCellar.tmx",
		},
		{
         "Name": "Custom_Willy_Room",
         "FromMapFile": "assets/Maps/WillyRoom.tmx",
		},
		{
         "Name": "Custom_Bath_Garden",
         "FromMapFile": "assets/Maps/BathGarden_spring.tmx",
		},
	],

		//Maps

		"Changes": 
	[
		{
			"LogName": "LUTI Alex's House",
			"Action": "Load",
			"Target": "Maps/JoshHouse",
			"FromFile": "assets/Maps/JoshHouse.tmx",
			"Priority": "Low",
			"When": {"Alex's House": "true"}
		},
		{
			"LogName": "LUTI Adventurers Guild",
      	 	"Action": "Load",
      	 	"Target": "Maps/AdventureGuild",
      	 	"FromFile": "assets/Maps/AdventureGuild.tmx",
			"Priority": "Low",
			"When": {"Adventurer's Guild Interior Type": "Original",
					"Adventurer's Guild": "true"}
		},
		{
			"LogName": "LUTI Alt Adventurers Guild",
      	 	"Action": "Load",
      	 	"Target": "Maps/AdventureGuild",
      	 	"FromFile": "assets/Optional/AltAdventureGuild.tmx",
			"Priority": "Low",
			"When": {"Adventurer's Guild Interior Type": "Compatibility",
					"Adventurer's Guild": "true"}
		},
		{
			"LogName": "LUTI BathHouse",
      	 	"Action": "Load",
      	 	"Target": "Maps/BathHouse_Pool",
      	 	"FromFile": "assets/Maps/BathHouse_Pool.tmx",
			"Priority": "Low",
			"When": {"Bath House": "true"}
		},
		{
			"LogName": "LUTI BathHouse Entry",
      	 	"Action": "Load",
      	 	"Target": "Maps/BathHouse_Entry",
      	 	"FromFile": "assets/Maps/BathHouse_Entry.tmx",
		    "Priority": "Low",
			"When": {"Bath House": "true"}
		},
		{
			"LogName": "LUTI BathHouse F-Locker",
      	 	"Action": "Load",
      	 	"Target": "Maps/BathHouse_WomensLocker",
      	 	"FromFile": "assets/Maps/BathHouse_WomensLocker.tmx",
		    "Priority": "Low",
			"When": {"Bath House": "true"}
		},
		{
			"LogName": "LUTI BathHouse M-Locker",
      	 	"Action": "Load",
      	 	"Target": "Maps/BathHouse_MensLocker",
      	 	"FromFile": "assets/Maps/BathHouse_MensLocker.tmx",
		  	"Priority": "Low",
			"When": {"Bath House": "true"}
		},
		{
			"LogName": "LUTI BathGarden Patch",
			"Action": "EditMap",
			"Target": "Maps/Custom_Bath_Garden",
			"FromFile": "assets/Maps/BathGarden_{{season}}.tmx",
		},
		{
			"LogName": "LUTI Casino",
      	 	"Action": "Load",
      	 	"Target": "Maps/Club",
      	 	"FromFile": "assets/Maps/Club.tmx",
			"Priority": "Low",
			"When": {"Casino Interior": "true"}
		},
		{
			"LogName": "LUTI Clint's Smithy",
			"Action": "Load",
			"Target": "Maps/Blacksmith",
			"FromFile": "assets/Maps/Blacksmith.tmx",
			"Priority": "Low",
			"When": {"Clint's Smithy": "true"}
		},
		{
			"LogName": "LUTI Elliott's Cabin",
			"Action": "Load",
			"Target": "Maps/ElliottHouse",
			"FromFile": "assets/Maps/ElliottHouse.tmx",
			"Priority": "Low",
			"When": {"Elliott's Cabin": "true"}
		},
		{
			"LogName": "LUTI Gus' Saloon",
			"Action": "Load",
			"Target": "Maps/Saloon",
			"FromFile": "assets/Maps/Saloon.tmx",
			"Priority": "Low",
			"When": {"Gus' Saloon": "true"}
		},
		{
			"LogName": "LUTI Haley's House",
      	 	"Action": "Load",
      	 	"Target": "Maps/HaleyHouse",
      	 	"FromFile": "assets/Maps/HaleyHouse.tmx",
			"Priority": "Low",
			"When": {"Haley's House": "true"}
		},
		{
		  	"LogName": "LUTI Harvey's House",
      	  	"Action": "Load",
      	  	"Target": "Maps/HarveyRoom",
      	  	"FromFile": "assets/Maps/HarveyRoom.tmx",
			"Priority": "Low",
			"When": {"Harvey's House": "true"}
		},
		{
		   	"LogName": "LUTI Hospital",
      	   	"Action": "Load",
      	  	"Target": "Maps/Hospital",
      	  	"FromFile": "assets/Maps/Hospital_{{Hospital Interior Style}}.tmx",
			"Priority": "Low",
			"When": {"Hospital's Interior Type": "Original",
					"Hospital Interior": "true"}
		},
		{
		   	"LogName": "LUTI Alt Hospital",
      	   	"Action": "Load",
      	  	"Target": "Maps/Hospital",
      	  	"FromFile": "assets/Optional/AltHospital_{{Hospital Interior Style}}.tmx",
			"Priority": "Low",
			"When": {"Hospital's Interior Type": "Compatibility",
					"Hospital Interior": "true"}
		},
		{
		  	"LogName": "LUTI Jodi's House",
      	  	"Action": "Load",
      	  	"Target": "Maps/SamHouse",
      	  	"FromFile": "assets/Maps/SamHouse.tmx",
			"Priority": "Low",
			"When": {"Jodi's House": "true"}
		},
		{
		  	"LogName": "LUTI JojaMart",
      	  	"Action": "Load",
      	  	"Target": "Maps/JojaMart",
      	  	"FromFile": "assets/Maps/JojaMart.tmx",
			"Priority": "Low",
			"When": {"JojaMart": "true"}
		},
		{
			"LogName": "LUTI Leah's Cabin",
      	 	"Action": "Load",
      	 	"Target": "Maps/LeahHouse",
      	 	"FromFile": "assets/Maps/LeahHouse.tmx",
			"Priority": "Low",
			"When": {"Leah's Cabin": "true"}
		},
		{
			"LogName": "LUTI Marnie's Ranch",
      	 	"Action": "Load",
      	 	"Target": "Maps/AnimalShop",
      	 	"FromFile": "assets/Maps/AnimalShop.tmx",
			"Priority": "Low",
			"When": {"Marnie's Ranch": "true"}
		},
		{
		   	"LogName": "LUTI Museum",
      	   	"Action": "Load",
      	  	"Target": "Maps/ArchaeologyHouse",
      	  	"FromFile": "assets/Maps/ArchaeologyHouse.tmx",
			"Priority": "Low",
			"When": {"Museum Interior": "true"}
		},
		{
		   	"LogName": "LUTI Mayor's Manor",
      	   	"Action": "Load",
      	  	"Target": "Maps/ManorHouse",
      	  	"FromFile": "assets/Maps/ManorHouse.tmx",
			"Priority": "Low",
			"When": {"Mayor's Manor": "true"}
		},
		{
			"LogName": "LUTI Pam's Trailer",
      	 	"Action": "Load",
      	 	"Target": "Maps/Trailer",
      	 	"FromFile": "assets/Maps/Trailer.tmx",
			"Priority": "Low",
			"When": {"Pam's House": "true"}
		},
		{
			"LogName": "LUTI Pierre's House",
      	 	"Action": "Load",
      	 	"Target": "Maps/SeedShop",
      	 	"FromFile": "assets/Maps/SeedShop.tmx",
			"Priority": "Low",
			"When": {"Pierre's House": "true"}
		},
		{
			"LogName": "LUTI Robin's House",
      	 	"Action": "Load",
      	 	"Target": "Maps/ScienceHouse",
      	 	"FromFile": "assets/Maps/ScienceHouse.tmx",
			"Priority": "Low",
			"When": {"Robin's House": "true"}
		},
		{
			"LogName": "LUTI Sandy's House",
      	 	"Action": "Load",
      	 	"Target": "Maps/SandyHouse",
      	 	"FromFile": "assets/Maps/SandyHouse.tmx",
			"Priority": "Low",
			"When": {"Sandy's House": "true"}
		},
		{
			"LogName": "LUTI Sebastians's Basement",
      	 	"Action": "Load",
      	 	"Target": "Maps/SebastianRoom",
      	 	"FromFile": "assets/Maps/SebastianRoom.tmx",
			"Priority": "Low",
			"When": {"Robin's House": "true"}
		},
		{
			"LogName": "LUTI Willy's Shop",
      	 	"Action": "Load",
      	 	"Target": "Maps/FishShop",
      	 	"FromFile": "assets/Maps/FishShop.tmx",
			"Priority": "Low",
			"When": {"Willy's Shop": "true"}
		},
		{
			"LogName": "LUTI Wizards's Tower",
      	 	"Action": "Load",
      	 	"Target": "Maps/WizardHouse",
      	 	"FromFile": "assets/Maps/WizardTower.tmx",
			"Priority": "Low",
			"When": {"Wizard's Tower": "true"}
		},
		{
			"LogName": "LUTI Wizards's Basement",
      	 	"Action": "Load",
      	 	"Target": "Maps/WizardHouseBasement",
      	 	"FromFile": "assets/Maps/WizardHouseBasement.tmx",
			"Priority": "Low",
			"When": {"Wizard's Tower": "true"}
		},
		{
			"LogName": "LUTI Witches Hut Patch",
      	 	"Action": "EditMap",
      	 	"Target": "Maps/WitchHut",
      	 	"FromFile": "assets/Maps/WitchPatch.tmx",
			"ToArea": 
			{
				"X": 11,
				"Y": 11,
				"Width": 1,
				"Height": 1
			},
			"When": {"Wizard's Tower": "true"},
			"PatchMode": "Overlay"
		},
		
		//Wow it's finally separated!
		
		{
			"LogName": "Custom MapStrings",
			"Action": "Include",
			"FromFile": "Data/MapStrings.json"
		},
		
		//Custom NPC Patches
		
		{//Jasper/Make Gunther&Marlon Real
			"Action": "EditMap",
			"Target": "Maps/ArchaeologyHouse",
			"FromFile": "assets/Patches/Jasper/Jasper_MuseumStairs.tmx",
			"ToArea": 
			{
				"X": 38,
				"Y": 0,
				"Width": 5,
				"Height": 5
			},
			"When": {
				"HasMod |contains=Lemurkat.NPCJasper": true,
				"Museum Interior": "true"}
		},
		{
			"Action": "EditMap",
			"Target": "Maps/ArchaeologyHouse",
			"FromFile": "assets/Patches/Jasper/MuseumDesk.tmx",
			"ToArea": 
			{
				"X": 3,
				"Y": 8,
				"Width": 3,
				"Height": 2
			},
			"When": {
				"HasMod": "Lemurkat.NPCJasper, Wolf.Gun",
				"Museum Interior": "true"}
		},
		{
			"Action": "EditMap",
			"Target": "Maps/AdventureGuild",
			"FromFile": "assets/Patches/Jasper/GuildDesk.tmx",
			"ToArea": 
			{
				"X": 5,
				"Y": 10,
				"Width": 2,
				"Height": 4
			},
			"When": {
				"HasMod": "Lemurkat.NPCJasper, Wolf.Marlon",
				"Adventurer's Guild": "true"}
		},
		{//Mike
			"Action": "EditMap",
			"Target": "Maps/Saloon",
			"FromFile": "assets/Patches/Mike/Mike_Saloon.tmx",
			"ToArea": 
			{
				"X": 39,
				"Y": 13,
				"Width": 7,
				"Height": 5
			},
			"When": {
				"HasMod |contains=SYS.Rooms.Mike": true,
				"Gus' Saloon": "true"},
		}
	]
}