{
    "Name": "Broccoflower (Joja)",
    "Product": "Broccoflower (Joja)",
    "SeedName": "Broccoflower (Joja) Seeds",
	
    "SeedDescription": "Plant in spring. Takes 10 days to mature into a brightly colored vegetable kids love!",
	
    "Type": "Vegetable",

    "Seasons": ["spring",],
    "Phases": [ 1, 2, 3, 3, 1 ],
    "RegrowthPhase": -1,
    "HarvestWithScythe": false,
    "TrellisCrop": false,
    "Colors": null,
	
    "Bonus": {
        "MinimumPerHarvest": 1,
        "MaximumPerHarvest": 1,
        "MaxIncreasePerFarmLevel": 0,
        "ExtraChance": 0.0,
    },
		
	"SeedPurchaseFrom": "Joja",

    "SeedPurchasePrice": 90,
	"SeedSellPrice": 25,

}
