{
	"Format": "1.15.0",
	
	"ConfigSchema": {
		"MainMenu": {
			"AllowValues": "truerandom,random,vanilla,realism,abzu,beach city,beach day,borealis,brooding,cali lifestyle,chamomile,comet,deciduous,degen hours,dour,dreamy,dusk,fallout,flushed,frosty,foreboding,galactic,lo fi,malibu,mandalorian,misty eyed,morning,nocturnal,nyx,palm frond,pouring,prometheus,rose tinted,sailor moon,screwball,soul,strawberry milk,sunday morning,sunset,sweet dreams,swimming trunks,tartarus,they came from above,witching hour",
			"Default": "random" 
		},
		"LoadMenu": {
			"AllowValues": "truerandom,random,vanilla,realism,abzu,beach city,beach day,borealis,brooding,cali lifestyle,chamomile,comet,deciduous,degen hours,dour,dreamy,dusk,fallout,flushed,frosty,foreboding,galactic,lo fi,malibu,mandalorian,misty eyed,morning,nocturnal,nyx,palm frond,pouring,prometheus,rose tinted,sailor moon,screwball,soul,strawberry milk,sunday morning,sunset,sweet dreams,swimming trunks,tartarus,they came from above,witching hour",
			"Default": "random"
		},
		"NightSky": {
			"AllowValues": "truerandom,random,vanilla,realism,abzu,beach city,beach day,borealis,brooding,cali lifestyle,chamomile,comet,deciduous,degen hours,dour,dreamy,dusk,fallout,flushed,frosty,foreboding,galactic,lo fi,malibu,mandalorian,misty eyed,morning,nocturnal,nyx,palm frond,pouring,prometheus,rose tinted,sailor moon,screwball,soul,strawberry milk,sunday morning,sunset,sweet dreams,swimming trunks,tartarus,they came from above,witching hour",
			"Default": "random"
		},
		"Raining": {
			"AllowValues": "truerandom,random,vanilla,realism,abzu,beach city,beach day,borealis,brooding,cali lifestyle,chamomile,comet,deciduous,degen hours,dour,dreamy,dusk,fallout,flushed,frosty,foreboding,galactic,lo fi,malibu,mandalorian,misty eyed,morning,nocturnal,nyx,palm frond,pouring,prometheus,rose tinted,sailor moon,screwball,soul,strawberry milk,sunday morning,sunset,sweet dreams,swimming trunks,tartarus,they came from above,witching hour",
			"Default": "random"
		},
		"Spring": {
			"AllowValues": "truerandom,random,vanilla,realism,abzu,beach city,beach day,borealis,brooding,cali lifestyle,chamomile,comet,deciduous,degen hours,dour,dreamy,dusk,fallout,flushed,frosty,foreboding,galactic,lo fi,malibu,mandalorian,misty eyed,morning,nocturnal,nyx,palm frond,pouring,prometheus,rose tinted,sailor moon,screwball,soul,strawberry milk,sunday morning,sunset,sweet dreams,swimming trunks,tartarus,they came from above,witching hour",
			"Default": "random"
		},
		"Summer": {
			"AllowValues": "truerandom,random,vanilla,realism,abzu,beach city,beach day,borealis,brooding,cali lifestyle,chamomile,comet,deciduous,degen hours,dour,dreamy,dusk,fallout,flushed,frosty,foreboding,galactic,lo fi,malibu,mandalorian,misty eyed,morning,nocturnal,nyx,palm frond,pouring,prometheus,rose tinted,sailor moon,screwball,soul,strawberry milk,sunday morning,sunset,sweet dreams,swimming trunks,tartarus,they came from above,witching hour",
			"Default": "random"
		},
		"Fall": {
			"AllowValues": "truerandom,random,vanilla,realism,abzu,beach city,beach day,borealis,brooding,cali lifestyle,chamomile,comet,deciduous,degen hours,dour,dreamy,dusk,fallout,flushed,frosty,foreboding,galactic,lo fi,malibu,mandalorian,misty eyed,morning,nocturnal,nyx,palm frond,pouring,prometheus,rose tinted,sailor moon,screwball,soul,strawberry milk,sunday morning,sunset,sweet dreams,swimming trunks,tartarus,they came from above,witching hour",
			"Default": "random"
		},
		"Winter": {
			"AllowValues": "truerandom,random,vanilla,realism,abzu,beach city,beach day,borealis,brooding,cali lifestyle,chamomile,comet,deciduous,degen hours,dour,dreamy,dusk,fallout,flushed,frosty,foreboding,galactic,lo fi,malibu,mandalorian,misty eyed,morning,nocturnal,nyx,palm frond,pouring,prometheus,rose tinted,sailor moon,screwball,soul,strawberry milk,sunday morning,sunset,sweet dreams,swimming trunks,tartarus,they came from above,witching hour",
			"Default": "random"
		},
		"Clouds": {
			"AllowValues": "truerandom,random,off,realism,vanilla,blue,cucumber,grey,hot pink,indigo,lavender,lilac,lime,mint,orange,peach,pink,strawberry,white,yellow",
			"Default": "random"
		},
		"Mountains": {
			"AllowValues": "truerandom,random,realism,vanilla,blue,purple,pastel,peach,grey,olive,ruby,orange,pink,plum,teal,toxic,indigo,eow vanilla",
			"Default": "random"
		},
		"FrontMountain": {
			"AllowValues": "random,realism,1,2,3,off",
			"Default": "random"
		},
		"BackMountain": {
			"AllowValues": "random,realism,1,2,3,off",
			"Default": "random"
		},
		"Trees": {
			"AllowValues": "truerandom,random,realism,pastel,spooky,vanilla,autumnal,cherry blossom,emerald,grey,light green,lilac,pale blue,peach,realistic,ruby,teal,vanillish,vibrant,eow vanilla spring,eow vanilla fall,eow vanilla winter,off",
			"Default": "random"
		},
		"TreesFall": {
			"AllowValues": "truerandom,random,realism,pastel,spooky,vanilla,autumnal,cherry blossom,emerald,grey,light green,lilac,pale blue,peach,realistic,ruby,teal,vanillish,vibrant,eow vanilla spring,eow vanilla fall,eow vanilla winter,off",
			"Default": "random"
		},
		"TreesWinter": {
			"AllowValues": "truerandom,random,realism,pastel,spooky,vanilla,autumnal,cherry blossom,emerald,grey,light green,lilac,pale blue,peach,realistic,ruby,teal,vanillish,vibrant,eow vanilla spring,eow vanilla fall,eow vanilla winter,off",
			"Default": "random"
		},
		"Sparkles": {
			"AllowValues": "truerandom,random,realism,blue,cyan,fireflies,gold,green,lime,mint,pink,purple,rose gold,yellow,white,off",
			"Default": "random"
		},
		"SparklesFall": {
			"AllowValues": "truerandom,random,realism,blue,cyan,fireflies,gold,green,lime,mint,pink,purple,rose gold,yellow,white,off",
			"Default": "random"
		},
		"SparklesWinter": {
			"AllowValues": "truerandom,random,realism,blue,cyan,fireflies,gold,green,lime,mint,pink,purple,rose gold,yellow,white,off",
			"Default": "random"
		},
		"Mist": {
			"AllowValues": "truerandom,random,realism,pastel,spooky,aqua mint pastel,aqua mint,aqua pastel,aqua,black,blood,blue pastel,blue,gold pastel,gold,grape pastel,grape,green mint pastel,green mint,green pastel,green,grey,hot pink pastel,hot pink,lavender pastel,lavender,lilac pastel,lilac,lime pastel,lime,mint pastel,mint,orange pastel,orange,peach pastel,peach,pink pastel,pink,purple pastel,purple,smog,strawberry pastel,strawberry,white,yellow pastel,yellow,off",
			"Default": "random"
		},
		"MistFall": {
			"AllowValues": "truerandom,random,realism,pastel,spooky,aqua mint pastel,aqua mint,aqua pastel,aqua,black,blood,blue pastel,blue,gold pastel,gold,grape pastel,grape,green mint pastel,green mint,green pastel,green,grey,hot pink pastel,hot pink,lavender pastel,lavender,lilac pastel,lilac,lime pastel,lime,mint pastel,mint,orange pastel,orange,peach pastel,peach,pink pastel,pink,purple pastel,purple,smog,strawberry pastel,strawberry,white,yellow pastel,yellow,off",
			"Default": "random"
		},
		"MistWinter": {
			"AllowValues": "truerandom,random,realism,pastel,spooky,aqua mint pastel,aqua mint,aqua pastel,aqua,black,blood,blue pastel,blue,gold pastel,gold,grape pastel,grape,green mint pastel,green mint,green pastel,green,grey,hot pink pastel,hot pink,lavender pastel,lavender,lilac pastel,lilac,lime pastel,lime,mint pastel,mint,orange pastel,orange,peach pastel,peach,pink pastel,pink,purple pastel,purple,smog,strawberry pastel,strawberry,white,yellow pastel,yellow,off",
			"Default": "random"
		}
	},
	
	"DynamicTokens": [
		// Choosing Front Mountain
		{
		 "Name": "FrontMountainFinal",
		 "Value": "{{FrontMountain}}"
		},
		{
		 "Name": "FrontMountainFinal",
		 "Value": "{{Random:1,2,3}}",
		 "When": {
			"FrontMountain |contains=random":true,
			"FrontMountain |contains=realism":false
		 }
		},
		{
		 "Name": "FrontMountainFinal",
		 "Value": "{{Random:1,2}}",
		 "When": {
			"FrontMountain |contains=random":false,
			"FrontMountain |contains=realism":true
		 }
		},
		// Choosing Back Mountain
		{
		 "Name": "BackMountainFinal",
		 "Value": "{{BackMountain}}"
		},
		{
		 "Name": "BackMountainFinal",
		 "Value": "{{Random:1,2,3}}",
		 "When": {
			"BackMountain |contains=random":true,
			"BackMountain |contains=realism":false
		 }
		},
		{
		 "Name": "BackMountainFinal",
		 "Value": "{{Random:1,2,3}}",
		 "When": {
			"BackMountain |contains=random":false,
			"BackMountain |contains=realism":true
		 }
		},
		// Main Menu Background
		{
		 "Name": "MainMenuFinal",
		 "Value": "{{MainMenu}}",
		},
		// Main Menu Background (Randomized)
		{
		 "Name": "MainMenuFinal",
		 "Value": "{{Random:beach day,brooding,cali lifestyle,chamomile,deciduous,degen hours,dour,dreamy,flushed,frosty,lo fi,misty eyed,morning,palm frond,pouring,prometheus,rose tinted,sailor moon,screwball,strawberry milk,sunday morning,sunset,swimming trunks}}",
		 "When": {
			"MainMenu |contains=random":true,
			"MainMenu |contains=realism":false,
			"MainMenu |contains=truerandom":false
		 }
		},
		// Main Menu Background (Realism)
		{
		 "Name": "MainMenuFinal",
		 "Value": "{{Random:beach day,brooding,chamomile,dreamy,dour,frosty,pouring,sunday morning,swimming trunks}}",
		 "When": {
			"MainMenu |contains=random":false,
			"MainMenu |contains=realism":true,
			"MainMenu |contains=truerandom":false
		 }
		},
		// Main Menu Background (Truly Randomized)
		{
		 "Name": "MainMenuFinal",
		 "Value": "{{Random:abzu,beach city,beach day,borealis,cali lifestyle,chamomile,comet,deciduous,degen hours,dour,dreamy,dusk,fallout,flushed,foreboding,galactic,lo fi,malibu,mandalorian,misty eyed,morning,nocturnal,nyx,palm frond,prometheus,rose tinted,sailor moon,screwball,soul,strawberry milk,sunday morning,sunset,sweet dreams,swimming trunks,tartarus,they came from above,witching hour}}",
		 "When": {
			"MainMenu |contains=random":false,
			"MainMenu |contains=realism":false,
			"MainMenu |contains=truerandom":true
		 }
		},
		// Load/Co-op Menu Background
		{
			"Name": "LoadMenuFinal",
			"Value": "{{LoadMenu}}"
		},
		// Load/Co-op Menu Background (Randomized)
		{
			"Name": "LoadMenuFinal",
			"Value": "{{Random:abzu,mandalorian,borealis,comet,soul,sweet dreams,nyx,nocturnal,witching hour,they came from above,malibu,dusk,galactic,beach city}}",
			"When":{
				"LoadMenu |contains=random":true,
				"LoadMenu |contains=realism":false,
				"LoadMenu |contains=truerandom":false
			}
		},
		// Load/Co-op Menu Background (Realism)
		{
			"Name": "LoadMenuFinal",
			"Value": "{{Random:dusk, mandalorian, prometheus, soul, sweet dreams}}",
			"When":{
				"LoadMenu |contains=random":false,
				"LoadMenu |contains=realism":true,
				"LoadMenu |contains=truerandom":false
			}
		},
		// Load/Co-op Menu Background (Truly Randomized)
		{
			"Name": "LoadMenuFinal",
			"Value": "{{Random:abzu,beach city,beach day,borealis,cali lifestyle,chamomile,comet,deciduous,degen hours,dour,dreamy,dusk,fallout,flushed,foreboding,galactic,lo fi,malibu,mandalorian,misty eyed,morning,nocturnal,nyx,palm frond,prometheus,rose tinted,sailor moon,screwball,soul,strawberry milk,sunday morning,sunset,sweet dreams,swimming trunks,tartarus,they came from above,witching hour}}",
			"When":{
				"LoadMenu |contains=random":false,
				"LoadMenu |contains=realism":false,
				"LoadMenu |contains=truerandom":true
			}
		},
		// Night Menu Background
		{
			"Name": "NightSkyFinal",
			"Value": "{{NightSky}}"
		},
		// Night Menu Background (Randomized)
		{
			"Name": "NightSkyFinal",
			"Value": "{{Random:abzu,borealis,comet,dusk,galactic,mandalorian,nocturnal,soul,sweet dreams,witching hour}}",
			"When":{
				"NightSky |contains=random":true,
				"NightSky |contains=realism":false,
				"NightSky |contains=truerandom":false
			}
		},
		// Night Menu Background (Realism)
		{
			"Name": "NightSkyFinal",
			"Value": "{{Random:abzu,comet,mandalorian,nyx,soul,sweet dreams,witching hour,tartarus}}",
			"When":{
				"NightSky |contains=random":false,
				"NightSky |contains=realism":true,
				"NightSky |contains=truerandom":false
			}
		},
		// Night Menu Background (Truly Randomized)
		{
			"Name": "NightSkyFinal",
			"Value": "{{Random:abzu,beach city,beach day,borealis,cali lifestyle,chamomile,comet,deciduous,degen hours,dour,dreamy,dusk,fallout,flushed,foreboding,galactic,lo fi,malibu,mandalorian,misty eyed,morning,nocturnal,nyx,palm frond,prometheus,rose tinted,sailor moon,screwball,soul,strawberry milk,sunday morning,sunset,sweet dreams,swimming trunks,tartarus,they came from above,witching hour}}",
			"When":{
				"NightSky |contains=random":false,
				"NightSky |contains=realism":false,
				"NightSky |contains=truerandom":true
			}
		},
		// Raining Menu Background
		{
			"Name": "RainingFinal",
			"Value": "{{Raining}}"
		},
		// Raining Menu Background (Randomized)
		{
			"Name": "RainingFinal",
			"Value": "{{Random:beach day,brooding,chamomile,dour,dreamy,fallout,frosty,pouring,sunday morning,sunset,swimming trunks}}",
			"When":{
				"Raining |contains=random":true,
				"Raining |contains=realism":false,
				"Raining |contains=truerandom":false
			}
		},
		// Raining Menu Background (Realism)
		{
			"Name": "RainingFinal",
			"Value": "{{Random:brooding,dour,fallout,frosty,pouring}}",
			"When":{
				"Raining |contains=random":false,
				"Raining |contains=realism":true,
				"Raining |contains=truerandom":false
			}
		},
		// Raining Menu Background (Truly Randomized)
		{
			"Name": "RainingFinal",
			"Value": "{{Random:abzu,beach city,beach day,borealis,cali lifestyle,chamomile,comet,deciduous,degen hours,dour,dreamy,dusk,fallout,flushed,foreboding,galactic,lo fi,malibu,mandalorian,misty eyed,morning,nocturnal,nyx,palm frond,prometheus,rose tinted,sailor moon,screwball,soul,strawberry milk,sunday morning,sunset,sweet dreams,swimming trunks,tartarus,they came from above,witching hour}}",
			"When":{
				"Raining |contains=random":false,
				"Raining |contains=realism":false,
				"Raining |contains=truerandom":true
			}
		},
		// Spring Menu Background
		{
			"Name": "SpringFinal",
			"Value": "{{Spring}}"
		},
		// Spring Menu Background (Randomized)
		{
			"Name": "SpringFinal",
			"Value": "{{Random:beach day,cali lifestyle,chamomile,dour,dreamy,frosty,misty eyed,morning,pouring,prometheus,sailor moon,screwball,strawberry milk,sunday morning,sunset,swimming trunks}}",
			"When":{
				"Spring |contains=random":true,
				"Spring |contains=realism":false,
				"Spring |contains=truerandom":false
			}
		},
		// Spring Menu Background (Realism)
		{
			"Name": "SpringFinal",
			"Value": "{{Random:chamomile,dreamy,dour,frosty,misty eyed,morning,pouring,sunday morning,swimming trunks}}",
			"When":{
				"Spring |contains=random":false,
				"Spring |contains=realism":true,
				"Spring |contains=truerandom":false
			}
		},
		// Spring Menu Background (Truly Randomized)
		{
			"Name": "SpringFinal",
			"Value": "{{Random:abzu,beach city,beach day,borealis,cali lifestyle,chamomile,comet,deciduous,degen hours,dour,dreamy,dusk,fallout,flushed,foreboding,galactic,lo fi,malibu,mandalorian,misty eyed,morning,nocturnal,nyx,palm frond,prometheus,rose tinted,sailor moon,screwball,soul,strawberry milk,sunday morning,sunset,sweet dreams,swimming trunks,tartarus,they came from above,witching hour}}",
			"When":{
				"Spring |contains=random":false,
				"Spring |contains=realism":false,
				"Spring |contains=truerandom":true
			}
		},
		// Summer Menu Background
		{
			"Name": "SummerFinal",
			"Value": "{{Summer}}"
		},
		// Summer Menu Background (Randomized)
		{
			"Name": "SummerFinal",
			"Value": "{{Random:beach city,beach day,cali lifestyle,chamomile,degen hours,dreamy,flushed,lo fi,malibu,misty eyed,palm frond,prometheus,rose tinted,sailor moon,screwball,strawberry milk,sunday morning,sunset,swimming trunks}}",
			"When":{
				"Summer |contains=random":true,
				"Summer |contains=realism":false,
				"Summer |contains=truerandom":false
			}
		},
		// Summer Menu Background (Realism)
		{
			"Name": "SummerFinal",
			"Value": "{{Random:beach day,cali lifestyle,chamomile,dreamy,flushed,lo fi,misty eyed,prometheus,strawberry milk,sunday morning,swimming trunks}}",
			"When":{
				"Summer |contains=random":false,
				"Summer |contains=realism":true,
				"Summer |contains=truerandom":false
			}
		},
		// Summer Menu Background (Truly Randomized)
		{
			"Name": "SummerFinal",
			"Value": "{{Random:abzu,beach city,beach day,borealis,cali lifestyle,chamomile,comet,deciduous,degen hours,dour,dreamy,dusk,fallout,flushed,foreboding,galactic,lo fi,malibu,mandalorian,misty eyed,morning,nocturnal,nyx,palm frond,prometheus,rose tinted,sailor moon,screwball,soul,strawberry milk,sunday morning,sunset,sweet dreams,swimming trunks,tartarus,they came from above,witching hour}}",
			"When":{
				"Summer |contains=random":false,
				"Summer |contains=realism":false,
				"Summer |contains=truerandom":true
			}
		},
		// Fall Menu Background
		{
			"Name": "FallFinal",
			"Value": "{{Fall}}"
		},
		// Fall Menu Background (Randomized)
		{
			"Name": "FallFinal",
			"Value": "{{Random:beach city,chamomile,deciduous,dreamy,flushed,lo fi,malibu,palm frond,prometheus,sailor moon,screwball,sunset}}",
			"When":{
				"Fall |contains=random":true,
				"Fall |contains=realism":false,
				"Fall |contains=truerandom":false
			}
		},
		// Fall Menu Background (Realism)
		{
			"Name": "FallFinal",
			"Value": "{{Random:beach city,deciduous,dreamy,dour,flushed,lo fi,malibu,misty eyed,prometheus,rose tinted,sailor moon,screwball,strawberry milk,sunset,swimming trunks}}",
			"When":{
				"Fall |contains=random":false,
				"Fall |contains=realism":true,
				"Fall |contains=truerandom":false
			}
		},
		// Fall Menu Background (Truly Randomized)
		{
			"Name": "FallFinal",
			"Value": "{{Random:abzu,beach city,beach day,borealis,cali lifestyle,chamomile,comet,deciduous,degen hours,dour,dreamy,dusk,fallout,flushed,foreboding,galactic,lo fi,malibu,mandalorian,misty eyed,morning,nocturnal,nyx,palm frond,prometheus,rose tinted,sailor moon,screwball,soul,strawberry milk,sunday morning,sunset,sweet dreams,swimming trunks,tartarus,they came from above,witching hour}}",
			"When":{
				"Fall |contains=random":false,
				"Fall |contains=realism":false,
				"Fall |contains=truerandom":true
			}
		},
		// Winter Menu Background
		{
			"Name": "WinterFinal",
			"Value": "{{Winter}}"
		},
		// Winter Menu Background (Randomized)
		{
			"Name": "WinterFinal",
			"Value": "{{Random:brooding,cali lifestyle,chamomile,dour,dreamy,frosty,misty eyed,morning,pouring,rose tinted,strawberry milk,sunday morning,sweet dreams,swimming trunks}}",
			"When":{
				"Winter |contains=random":true,
				"Winter |contains=realism":false,
				"Winter |contains=truerandom":false
			}
		},
		// Winter Menu Background (Realism)
		{
			"Name": "WinterFinal",
			"Value": "{{Random:abzu,brooding,chamomile,dreamy,dour,frosty,misty eyed,morning,nocturnal,nyx,pouring,prometheus,soul,sunday morning,sweet dreams,swimming trunks}}",
			"When":{
				"Winter |contains=random":false,
				"Winter |contains=realism":true,
				"Winter |contains=truerandom":false
			}
		},
		// Winter Menu Background (Truly Randomized)
		{
			"Name": "WinterFinal",
			"Value": "{{Random:abzu,beach city,beach day,borealis,cali lifestyle,chamomile,comet,deciduous,degen hours,dour,dreamy,dusk,fallout,flushed,foreboding,galactic,lo fi,malibu,mandalorian,misty eyed,morning,nocturnal,nyx,palm frond,prometheus,rose tinted,sailor moon,screwball,soul,strawberry milk,sunday morning,sunset,sweet dreams,swimming trunks,tartarus,they came from above,witching hour}}",
			"When":{
				"Winter |contains=random":false,
				"Winter |contains=realism":false,
				"Winter |contains=truerandom":true
			}
		},
		// Clouds Menu Background Elements
		{
			"Name": "CloudsFinal",
			"Value": "{{Clouds}}"
		},
		// Clouds Menu Background Elements (Randomized)
		{
			"Name": "CloudsFinal",
			"Value": "{{Random:blue,cucumber,hot pink,indigo,lavender,lilac,lime,mint,orange,peach,pink,strawberry,white,yellow}}",
			"When":{
				"Clouds |contains=random":true,
				"Clouds |contains=realism":false,
				"Clouds |contains=truerandom":false
			}
		},
		// Clouds Menu Background Elements (Realism)
		{
			"Name": "CloudsFinal",
			"Value": "{{Random:blue,grey,indigo,mint,white,white,white,white}}",
			"When":{
				"Clouds |contains=random":false,
				"Clouds |contains=realism":true,
				"Clouds |contains=truerandom":false
			}
		},
		// Clouds Menu Background Elements (Truly Randomized)
		{
			"Name": "CloudsFinal",
			"Value": "{{Random:off,vanilla,blue,cucumber,grey,hot pink,indigo,lavender,lilac,lime,mint,orange,peach,pink,strawberry,white,yellow}}",
			"When":{
				"Clouds |contains=random":false,
				"Clouds |contains=realism":false,
				"Clouds |contains=truerandom":true
			}
		},
		//******SPRING AND SUMMER*********
		
		// Tree Facade Menu Background Elements
		{
			"Name": "TreesFinal",
			"Value": "{{Trees}}"
		},
		// Tree Facade Menu Background Elements (Randomized)
		{
			"Name": "TreesFinal",
			"Value": "{{Random:vanilla,autumnal,cherry blossom,emerald,light green,lilac,pale blue,peach,realistic,ruby,teal,vanillish,vibrant}}",
			"When":{
				"Trees |contains=random":true,
				"Trees |contains=realism":false,
				"Trees |contains=pastel":false,
				"Trees |contains=spooky":false,
				"Trees |contains=truerandom":false
			}
		},
		// Tree Facade Menu Background Elements (Realism)
		{
			"Name": "TreesFinal",
			"Value": "{{Random:autumnal,emerald,light green,realistic,teal,vanillish,vibrant}}",
			"When":{
				"Trees |contains=random":false,
				"Trees |contains=realism":true,
				"Trees |contains=pastel":false,
				"Trees |contains=spooky":false,
				"Trees |contains=truerandom":false
			}
		},
		// Tree Facade Menu Background Elements (Pastel)
		{
			"Name": "TreesFinal",
			"Value": "{{Random:cherry blossom,lilac,pale blue}}",
			"When":{
				"Trees |contains=random":false,
				"Trees |contains=realism":false,
				"Trees |contains=pastel":true,
				"Trees |contains=spooky":false,
				"Trees |contains=truerandom":false
			}
		},
		// Tree Facade Menu Background Elements (Spooky)
		{
			"Name": "TreesFinal",
			"Value": "{{Random:grey,ruby,light green,teal}}",
			"When":{
				"Trees |contains=random":false,
				"Trees |contains=realism":false,
				"Trees |contains=pastel":false,
				"Trees |contains=spooky":true,
				"Trees |contains=truerandom":false
			}
		},
		// Tree Facade Menu Background Elements (Truly Randomized)
		{
			"Name": "TreesFinal",
			"Value": "{{Random:vanilla,autumnal,cherry blossom,emerald,grey,light green,lilac,pale blue,peach,realistic,ruby,teal,vanillish,vibrant,off}}",
			"When":{
				"Trees |contains=random":false,
				"Trees |contains=realism":false,
				"Trees |contains=pastel":false,
				"Trees |contains=spooky":false,
				"Trees |contains=truerandom":true
			}
		},
		// Tree Facade Mist Menu Background Elements
		{
			"Name": "MistFinal",
			"Value": "{{Mist}}"
		},
		// Tree Facade Mist Menu Background Elements (Randomized)
		{
			"Name": "MistFinal",
			"Value": "{{Random:aqua mint pastel,aqua mint,aqua pastel,aqua,blue pastel,blue,gold pastel,gold,grape pastel,grape,green mint pastel,green mint,green pastel,green,grey,hot pink pastel,hot pink,lavender pastel,lavender,lilac pastel,lilac,lime pastel,lime,mint pastel,mint,orange pastel,orange,peach pastel,peach,pink pastel,pink,purple pastel,purple,strawberry pastel,strawberry,white,yellow pastel,yellow}}",
			"When":{
				"Mist |contains=random":true,
				"Mist |contains=realism":false,
				"Mist |contains=spooky":false,
				"Mist |contains=truerandom":false
			}
		},
		// Tree Facade Mist Menu Background Elements (Realism)
		{
			"Name": "MistFinal",
			"Value": "{{Random:aqua mint pastel,aqua pastel,blue pastel,gold pastel,grape pastel,green mint pastel,green pastel,grey,lime pastel,mint pastel,purple pastel,smog,white,yellow pastel}}",
			"When":{
				"Mist |contains=random":false,
				"Mist |contains=realism":true,
				"Mist |contains=spooky":false,
				"Mist |contains=truerandom":false
			}
		},
		// Tree Facade Mist Menu Background Elements (Spooky)
		{
			"Name": "MistFinal",
			"Value": "{{Random:black,blood,green,lavender,lilac,lime,orange,purple,smog}}",
			"When":{
				"Mist |contains=random":false,
				"Mist |contains=realism":false,
				"Mist |contains=spooky":true,
				"Mist |contains=truerandom":false
			}
		},
		// Tree Facade Mist Menu Background Elements (Truly Randomized)
		{
			"Name": "MistFinal",
			"Value": "{{Random:aqua mint pastel,aqua mint,aqua pastel,aqua,black,blood,blue pastel,blue,gold pastel,gold,grape pastel,grape,green mint pastel,green mint,green pastel,green,grey,hot pink pastel,hot pink,lavender pastel,lavender,lilac pastel,lilac,lime pastel,lime,mint pastel,mint,orange pastel,orange,peach pastel,peach,pink pastel,pink,purple pastel,purple,smog,strawberry pastel,strawberry,white,yellow pastel,yellow,off}}",
			"When":{
				"Mist |contains=random":false,
				"Mist |contains=realism":false,
				"Mist |contains=spooky":false,
				"Mist |contains=truerandom":true
			}
		},
		// Tree Facade Sparkles Menu Background Elements
		{
			"Name": "SparklesFinal",
			"Value": "{{Sparkles}}"
		},
		// Tree Facade Sparkles Menu Background Elements (Randomized)
		{
			"Name": "SparklesFinal",
			"Value": "{{Random:blue,cyan,fireflies,gold,green,lime,mint,pink,purple,rose gold,yellow,white}}",
			"When":{
				"Sparkles |contains=random":true,
				"Sparkles |contains=realism":false,
				"Sparkles |contains=truerandom":false
			}
		},
		// Tree Facade Sparkles Menu Background Elements (Realism)
		{
			"Name": "SparklesFinal",
			"Value": "{{Random:blue,cyan,fireflies,gold,green,lime,mint,rose gold,white,yellow}}",
			"When":{
				"Sparkles |contains=random":false,
				"Sparkles |contains=realism":true,
				"Sparkles |contains=truerandom":false
			}
		},
		// Tree Facade Sparkles Menu Background Elements (Truly Randomized)
		{
			"Name": "SparklesFinal",
			"Value": "{{Random:off,blue,cyan,fireflies,gold,green,lime,mint,pink,purple,rose gold,yellow,white}}",
			"When":{
				"Sparkles |contains=random":false,
				"Sparkles |contains=realism":false,
				"Sparkles |contains=truerandom":true
			}
		},
		//******FALL*********
		
		// Tree Fall Facade Menu Background Elements
		{
			"Name": "TreesFallFinal",
			"Value": "{{TreesFall}}"
		},
		// Tree Fall Facade Menu Background Elements (Randomized)
		{
			"Name": "TreesFallFinal",
			"Value": "{{Random:vanilla,autumnal,cherry blossom,emerald,light green,lilac,pale blue,peach,realistic,ruby,teal,vanillish,vibrant}}",
			"When":{
				"TreesFall |contains=random":true,
				"TreesFall |contains=realism":false,
				"TreesFall |contains=pastel":false,
				"TreesFall |contains=spooky":false,
				"TreesFall |contains=truerandom":false
			}
		},
		// Tree Fall Facade Menu Background Elements (Realism)
		{
			"Name": "TreesFallFinal",
			"Value": "{{Random:autumnal,emerald,light green,realistic,teal,vanillish,vibrant}}",
			"When":{
				"TreesFall |contains=random":false,
				"TreesFall |contains=realism":true,
				"TreesFall |contains=pastel":false,
				"TreesFall |contains=spooky":false,
				"TreesFall |contains=truerandom":false
			}
		},
		// Tree Fall Facade Menu Background Elements (Pastel)
		{
			"Name": "TreesFallFinal",
			"Value": "{{Random:cherry blossom,lilac,pale blue}}",
			"When":{
				"TreesFall |contains=random":false,
				"TreesFall |contains=realism":false,
				"TreesFall |contains=pastel":true,
				"TreesFall |contains=spooky":false,
				"TreesFall |contains=truerandom":false
			}
		},
		// Tree Fall Facade Menu Background Elements (Spooky)
		{
			"Name": "TreesFallFinal",
			"Value": "{{Random:grey,ruby,light green,teal}}",
			"When":{
				"TreesFall |contains=random":false,
				"TreesFall |contains=realism":false,
				"TreesFall |contains=pastel":false,
				"TreesFall |contains=spooky":true,
				"TreesFall |contains=truerandom":false
			}
		},
		// Tree Fall Facade Menu Background Elements (Truly Randomized)
		{
			"Name": "TreesFallFinal",
			"Value": "{{Random:vanilla,autumnal,cherry blossom,emerald,grey,light green,lilac,pale blue,peach,realistic,ruby,teal,vanillish,vibrant,off}}",
			"When":{
				"TreesFall |contains=random":false,
				"TreesFall |contains=realism":false,
				"TreesFall |contains=pastel":false,
				"TreesFall |contains=spooky":false,
				"TreesFall |contains=truerandom":true
			}
		},
		// Tree Fall Facade Mist Menu Background Elements
		{
			"Name": "MistFallFinal",
			"Value": "{{MistFall}}"
		},
		// Tree Fall Facade Mist Menu Background Elements (Randomized)
		{
			"Name": "MistFallFinal",
			"Value": "{{Random:aqua mint pastel,aqua mint,aqua pastel,aqua,blue pastel,blue,gold pastel,gold,grape pastel,grape,green mint pastel,green mint,green pastel,green,grey,hot pink pastel,hot pink,lavender pastel,lavender,lilac pastel,lilac,lime pastel,lime,mint pastel,mint,orange pastel,orange,peach pastel,peach,pink pastel,pink,purple pastel,purple,strawberry pastel,strawberry,white,yellow pastel,yellow}}",
			"When":{
				"MistFall |contains=random":true,
				"MistFall |contains=realism":false,
				"MistFall |contains=spooky":false,
				"MistFall |contains=truerandom":false
			}
		},
		// Tree Fall Facade Mist Menu Background Elements (Realism)
		{
			"Name": "MistFallFinal",
			"Value": "{{Random:aqua mint pastel,aqua pastel,blue pastel,gold pastel,grape pastel,green mint pastel,green pastel,grey,lime pastel,mint pastel,purple pastel,smog,white,yellow pastel}}",
			"When":{
				"MistFall |contains=random":false,
				"MistFall |contains=realism":true,
				"MistFall |contains=spooky":false,
				"MistFall |contains=truerandom":false
			}
		},
		// Tree Fall Facade Mist Menu Background Elements (Spooky)
		{
			"Name": "MistFinal",
			"Value": "{{Random:black,blood,green,lavender,lilac,lime,orange,purple,smog}}",
			"When":{
				"MistFall |contains=random":false,
				"MistFall |contains=realism":false,
				"MistFall |contains=spooky":true,
				"MistFall |contains=truerandom":false
			}
		},
		// Tree Fall Facade Mist Menu Background Elements (Truly Randomized)
		{
			"Name": "MistFallFinal",
			"Value": "{{Random:aqua mint pastel,aqua mint,aqua pastel,aqua,black,blood,blue pastel,blue,gold pastel,gold,grape pastel,grape,green mint pastel,green mint,green pastel,green,grey,hot pink pastel,hot pink,lavender pastel,lavender,lilac pastel,lilac,lime pastel,lime,mint pastel,mint,orange pastel,orange,peach pastel,peach,pink pastel,pink,purple pastel,purple,smog,strawberry pastel,strawberry,white,yellow pastel,yellow,off}}",
			"When":{
				"MistFall |contains=random":false,
				"MistFall |contains=realism":false,
				"MistFall |contains=spooky":false,
				"MistFall |contains=truerandom":true
			}
		},
		// Tree Fall Facade Sparkles Menu Background Elements
		{
			"Name": "SparklesFallFinal",
			"Value": "{{SparklesFall}}"
		},
		// Tree Fall Facade Sparkles Menu Background Elements (Randomized)
		{
			"Name": "SparklesFallFinal",
			"Value": "{{Random:blue,cyan,fireflies,gold,green,lime,mint,pink,purple,rose gold,yellow,white}}",
			"When":{
				"SparklesFall |contains=random":true,
				"SparklesFall |contains=realism":false,
				"SparklesFall |contains=truerandom":false
			}
		},
		// Tree Fall Facade Sparkles Menu Background Elements (Realism)
		{
			"Name": "SparklesFallFinal",
			"Value": "{{Random:blue,cyan,fireflies,gold,green,lime,mint,rose gold,white,yellow}}",
			"When":{
				"SparklesFall |contains=random":false,
				"SparklesFall |contains=realism":true,
				"SparklesFall |contains=truerandom":false
			}
		},
		// Tree Fall Facade Sparkles Menu Background Elements (Truly Randomized)
		{
			"Name": "SparklesFallFinal",
			"Value": "{{Random:off,blue,cyan,fireflies,gold,green,lime,mint,pink,purple,rose gold,yellow,white}}",
			"When":{
				"SparklesFall |contains=random":false,
				"SparklesFall |contains=realism":false,
				"SparklesFall |contains=truerandom":true
			}
		},
		
		//******WINTER*********
		
		// Tree Winter Facade Menu Background Elements
		{
			"Name": "TreesWinterFinal",
			"Value": "{{TreesWinter}}"
		},
		// Tree Winter Facade Menu Background Elements (Randomized)
		{
			"Name": "TreesWinterFinal",
			"Value": "{{Random:vanilla,autumnal,cherry blossom,emerald,light green,lilac,pale blue,peach,realistic,ruby,teal,vanillish,vibrant}}",
			"When":{
				"TreesWinter |contains=random":true,
				"TreesWinter |contains=realism":false,
				"TreesWinter |contains=pastel":false,
				"TreesWinter |contains=spooky":false,
				"TreesWinter |contains=truerandom":false
			}
		},
		// Tree Winter Facade Menu Background Elements (Realism)
		{
			"Name": "TreesWinterFinal",
			"Value": "{{Random:autumnal,emerald,light green,realistic,teal,vanillish,vibrant}}",
			"When":{
				"TreesWinter |contains=random":false,
				"TreesWinter |contains=realism":true,
				"TreesWinter |contains=pastel":false,
				"TreesWinter |contains=spooky":false,
				"TreesWinter |contains=truerandom":false
			}
		},
		// Tree Winter Facade Menu Background Elements (Pastel)
		{
			"Name": "TreesWinterFinal",
			"Value": "{{Random:cherry blossom,lilac,pale blue}}",
			"When":{
				"TreesWinter |contains=random":false,
				"TreesWinter |contains=realism":false,
				"TreesWinter |contains=pastel":true,
				"TreesWinter |contains=spooky":false,
				"TreesWinter |contains=truerandom":false
			}
		},
		// Tree Winter Facade Menu Background Elements (Spooky)
		{
			"Name": "TreesWinterFinal",
			"Value": "{{Random:grey,ruby,light green,teal}}",
			"When":{
				"TreesWinter |contains=random":false,
				"TreesWinter |contains=realism":false,
				"TreesWinter |contains=pastel":false,
				"TreesWinter |contains=spooky":true,
				"TreesWinter |contains=truerandom":false
			}
		},
		// Tree Winter Facade Menu Background Elements (Truly Randomized)
		{
			"Name": "TreesWinterFinal",
			"Value": "{{Random:vanilla,autumnal,cherry blossom,emerald,grey,light green,lilac,pale blue,peach,realistic,ruby,teal,vanillish,vibrant,off}}",
			"When":{
				"TreesWinter |contains=random":false,
				"TreesWinter |contains=realism":false,
				"TreesWinter |contains=pastel":false,
				"TreesWinter |contains=spooky":false,
				"TreesWinter |contains=truerandom":true
			}
		},
		// Tree Winter Facade Mist Menu Background Elements
		{
			"Name": "MistWinterFinal",
			"Value": "{{MistWinter}}"
		},
		// Tree Winter Facade Mist Menu Background Elements (Randomized)
		{
			"Name": "MistWinterFinal",
			"Value": "{{Random:aqua mint pastel,aqua mint,aqua pastel,aqua,blue pastel,blue,gold pastel,gold,grape pastel,grape,green mint pastel,green mint,green pastel,green,grey,hot pink pastel,hot pink,lavender pastel,lavender,lilac pastel,lilac,lime pastel,lime,mint pastel,mint,orange pastel,orange,peach pastel,peach,pink pastel,pink,purple pastel,purple,strawberry pastel,strawberry,white,yellow pastel,yellow}}",
			"When":{
				"MistWinter |contains=random":true,
				"MistWinter |contains=realism":false,
				"MistWinter |contains=spooky":false,
				"MistWinter |contains=truerandom":false
			}
		},
		// Tree Winter Facade Mist Menu Background Elements (Realism)
		{
			"Name": "MistWinterFinal",
			"Value": "{{Random:aqua mint pastel,aqua pastel,blue pastel,gold pastel,grape pastel,green mint pastel,green pastel,grey,lime pastel,mint pastel,purple pastel,smog,white,yellow pastel}}",
			"When":{
				"MistWinter |contains=random":false,
				"MistWinter |contains=realism":true,
				"MistWinter |contains=spooky":false,
				"MistWinter |contains=truerandom":false
			}
		},
		// Tree Winter Facade Mist Menu Background Elements (Spooky)
		{
			"Name": "MistFinal",
			"Value": "{{Random:black,blood,green,lavender,lilac,lime,orange,purple,smog}}",
			"When":{
				"MistWinter |contains=random":false,
				"MistWinter |contains=realism":false,
				"MistWinter |contains=spooky":true,
				"MistWinter |contains=truerandom":false
			}
		},
		// Tree Winter Facade Mist Menu Background Elements (Truly Randomized)
		{
			"Name": "MistWinterFinal",
			"Value": "{{Random:aqua mint pastel,aqua mint,aqua pastel,aqua,black,blood,blue pastel,blue,gold pastel,gold,grape pastel,grape,green mint pastel,green mint,green pastel,green,grey,hot pink pastel,hot pink,lavender pastel,lavender,lilac pastel,lilac,lime pastel,lime,mint pastel,mint,orange pastel,orange,peach pastel,peach,pink pastel,pink,purple pastel,purple,smog,strawberry pastel,strawberry,white,yellow pastel,yellow,off}}",
			"When":{
				"MistWinter |contains=random":false,
				"MistWinter |contains=realism":false,
				"MistWinter |contains=spooky":false,
				"MistWinter |contains=truerandom":true
			}
		},
		// Tree Winter Facade Sparkles Menu Background Elements
		{
			"Name": "SparklesWinterFinal",
			"Value": "{{SparklesWinter}}"
		},
		// Tree Winter Facade Sparkles Menu Background Elements (Randomized)
		{
			"Name": "SparklesWinterFinal",
			"Value": "{{Random:blue,cyan,fireflies,gold,green,lime,mint,pink,purple,rose gold,yellow,white}}",
			"When":{
				"SparklesWinter |contains=random":true,
				"SparklesWinter |contains=realism":false,
				"SparklesWinter |contains=truerandom":false
			}
		},
		// Tree Winter Facade Sparkles Menu Background Elements (Realism)
		{
			"Name": "SparklesWinterFinal",
			"Value": "{{Random:blue,cyan,fireflies,gold,green,lime,mint,rose gold,white,yellow}}",
			"When":{
				"SparklesWinter |contains=random":false,
				"SparklesWinter |contains=realism":true,
				"SparklesWinter |contains=truerandom":false
			}
		},
		// Tree Winter Facade Sparkles Menu Background Elements (Truly Randomized)
		{
			"Name": "SparklesWinterFinal",
			"Value": "{{Random:off,blue,cyan,fireflies,gold,green,lime,mint,pink,purple,rose gold,yellow,white}}",
			"When":{
				"SparklesWinter |contains=random":false,
				"SparklesWinter |contains=realism":false,
				"SparklesWinter |contains=truerandom":true
			}
		}
	],

	"Changes": [
		// Main Menu Background
		{
			"LogName": "Main Menu Background",
			"Action": "EditImage",
			"Target": "LooseSprites/Cursors",
			"FromFile": "assets/sky/main menu/{{MainMenuFinal}}.png",
			"ToArea": { "X": 703, "Y": 1912, "Width": 1, "Height": 264 },
			"When":{
				"MainMenuFinal |contains=vanilla":false
			}
		},
		// Load/Co-op Menu Background
		{
			"LogName": "Load/Co-op Menu Background",
			"Action": "EditImage",
			"Target": "LooseSprites/Cursors",
			"FromFile": "assets/sky/main menu/{{LoadMenuFinal}}.png",
			"ToArea": { "X": 702, "Y": 1912, "Width": 1, "Height": 264 },
			"When":{
				"LoadMenuFinal |contains=vanilla":false
			}
		},
		// Night Menu Background
		{
			"LogName": "Night Menu Background",
			"Action": "EditImage",
			"Target": "LooseSprites/Cursors",
			"FromFile": "assets/sky/pause menu - raining/{{NightSkyFinal}}.png",
			"ToArea": { "X": 639, "Y": 858, "Width": 1, "Height": 184 },
			"FromArea": { "X": 0, "Y": 0, "Width": 1, "Height": 184 },
			"When":{
				"NightSkyFinal |contains=vanilla":false
			}
		},
		// Raining Menu Background
		{
			"LogName": "Raining Menu Background",
			"Action": "EditImage",
			"Target": "LooseSprites/Cursors",
			"FromFile": "assets/sky/pause menu - raining/{{RainingFinal}}.png",
			"ToArea": { "X": 640, "Y": 858, "Width": 1, "Height": 184 },
			"FromArea": { "X": 0, "Y": 0, "Width": 1, "Height": 184 },
			"When":{
				"SpringFinal |contains=vanilla":false
			}
		},
		// Spring Menu Background
		{
			"LogName": "Spring Menu Background",
			"Action": "EditImage",
			"Target": "LooseSprites/Cursors",
			"FromFile": "assets/sky/pause menu - seasons/{{SpringFinal}}.png",
			"ToArea": { "X": 639, "Y": 1051, "Width": 1, "Height": 400 },
			"FromArea": { "X": 0, "Y": 0, "Width": 1, "Height": 400 },
			"When":{
				"SpringFinal |contains=vanilla":false
			}
		},
		// Summer Menu Background
		{
			"LogName": "Summer Menu Background",
			"Action": "EditImage",
			"Target": "LooseSprites/Cursors",
			"FromFile": "assets/sky/pause menu - seasons/{{SummerFinal}}.png",
			"ToArea": { "X": 640, "Y": 1051, "Width": 1, "Height": 400 },
			"FromArea": { "X": 0, "Y": 0, "Width": 1, "Height": 400 },
			"When":{
				"SummerFinal |contains=vanilla":false
			}
		},
		// Fall Menu Background
		{
			"LogName": "Fall Menu Background",
			"Action": "EditImage",
			"Target": "LooseSprites/Cursors",
			"FromFile": "assets/sky/pause menu - seasons/{{FallFinal}}.png",
			"ToArea": { "X": 641, "Y": 1051, "Width": 1, "Height": 400 },
			"FromArea": { "X": 0, "Y": 0, "Width": 1, "Height": 400 },
			"When":{
				"FallFinal |contains=vanilla":false
			}
		},
		// Winter Menu Background
		{
			"LogName": "Spring Menu Background",
			"Action": "EditImage",
			"Target": "LooseSprites/Cursors",
			"FromFile": "assets/sky/pause menu - seasons/{{WinterFinal}}.png",
			"ToArea": { "X": 642, "Y": 1051, "Width": 1, "Height": 400 },
			"FromArea": { "X": 0, "Y": 0, "Width": 1, "Height": 400 },
			"When":{
				"WinterFinal |contains=vanilla":false
			}
		},
		// Clouds Menu Background Elements
		{
			"LogName": "Clouds Menu Background Elements",
			"Action": "EditImage",
			"Target": "Minigames/Clouds",
			"FromFile": "assets/clouds/{{CloudsFinal}}.png",
			"ToArea": { "X": 0, "Y": 0, "Width": 512, "Height": 539 },
			"When":{
				"CloudsFinal |contains=vanilla":false
			}
		},
		// Tree Facade Menu Background Elements
		{
			"LogName": "Tree Facade Menu Background Elements",
			"Action": "EditImage",
			"Target": "Minigames/Clouds",
			"FromFile": "assets/trees_facade/{{TreesFinal}}.png",
			"FromArea": { "X": 0, "Y": 2, "Width": 512, "Height": 153 },
			"ToArea": { "X": 0, "Y": 543, "Width": 512, "Height": 153 }
		},		
		// Tree Facade Mist Menu Background Elements
		{
			"LogName": "Tree Facade Mist Menu Background Elements",
			"Action": "EditImage",
			"Target": "Minigames/Clouds",
			"PatchMode": "Overlay",
			"FromFile": "assets/mist_facade/{{MistFinal}}.png",
			"FromArea": { "X": 0, "Y": 2, "Width": 512, "Height": 153 },
			"ToArea": { "X": 0, "Y": 543, "Width": 512, "Height": 153 }
		},		
		// Tree Facade Sparkles Menu Background Elements
		{
			"LogName": "Tree Facade Sparkles Menu Background Elements",
			"Action": "EditImage",
			"Target": "Minigames/Clouds",
			"PatchMode": "Overlay",
			"FromFile": "assets/sparkles_facade/{{SparklesFinal}}.png",
			"FromArea": { "X": 0, "Y": 2, "Width": 512, "Height": 153 },
			"ToArea": { "X": 0, "Y": 543, "Width": 512, "Height": 153 }
		},
		// Tree Fall Facade Menu Background Elements
		{
			"LogName": "Tree Fall Facade Menu Background Elements",
			"Action": "EditImage",
			"Target": "Minigames/Clouds",
			"FromFile": "assets/trees_facade/{{TreesFallFinal}}.png",
			"FromArea": { "X": 0, "Y": 2, "Width": 512, "Height": 153 },
			"ToArea": { "X": 0, "Y": 543, "Width": 512, "Height": 153 }
		},		
		// Tree Fall Facade Mist Menu Background Elements
		{
			"LogName": "Tree Fall Facade Mist Menu Background Elements",
			"Action": "EditImage",
			"Target": "Minigames/Clouds",
			"PatchMode": "Overlay",
			"FromFile": "assets/mist_facade/{{MistFallFinal}}.png",
			"FromArea": { "X": 0, "Y": 2, "Width": 512, "Height": 153 },
			"ToArea": { "X": 0, "Y": 543, "Width": 512, "Height": 153 }
		},		
		// Tree Fall Facade Sparkles Menu Background Elements
		{
			"LogName": "Tree Fall Facade Sparkles Menu Background Elements",
			"Action": "EditImage",
			"Target": "Minigames/Clouds",
			"PatchMode": "Overlay",
			"FromFile": "assets/sparkles_facade/{{SparklesFallFinal}}.png",
			"FromArea": { "X": 0, "Y": 2, "Width": 512, "Height": 153 },
			"ToArea": { "X": 0, "Y": 543, "Width": 512, "Height": 153 }
		},
		// Tree Winter Facade Menu Background Elements
		{
			"LogName": "Tree Winter Facade Menu Background Elements",
			"Action": "EditImage",
			"Target": "Minigames/Clouds",
			"FromFile": "assets/trees_facade/{{TreesWinterFinal}}.png",
			"FromArea": { "X": 0, "Y": 2, "Width": 512, "Height": 153 },
			"ToArea": { "X": 0, "Y": 543, "Width": 512, "Height": 153 }
		},		
		// Tree Winter Facade Mist Menu Background Elements
		{
			"LogName": "Tree Winter Facade Mist Menu Background Elements",
			"Action": "EditImage",
			"Target": "Minigames/Clouds",
			"PatchMode": "Overlay",
			"FromFile": "assets/mist_facade/{{MistWinterFinal}}.png",
			"FromArea": { "X": 0, "Y": 2, "Width": 512, "Height": 153 },
			"ToArea": { "X": 0, "Y": 543, "Width": 512, "Height": 153 }
		},		
		// Tree Winter Facade Sparkles Menu Background Elements
		{
			"LogName": "Tree Winter Facade Sparkles Menu Background Elements",
			"Action": "EditImage",
			"Target": "Minigames/Clouds",
			"PatchMode": "Overlay",
			"FromFile": "assets/sparkles_facade/{{SparklesWinterFinal}}.png",
			"FromArea": { "X": 0, "Y": 2, "Width": 512, "Height": 153 },
			"ToArea": { "X": 0, "Y": 543, "Width": 512, "Height": 153 }
		},
		// MOUNTAIN 1
		{
			"LogName": "Front Mountains (1) Menu Background Elements",
			"Action": "EditImage",
			"Target": "LooseSprites/Cursors",
			"FromFile": "assets/mountains/{{Mountains}}.png",
			"ToArea": { "X": 0, "Y": 737, "Width": 639, "Height": 149 },
			"FromArea": { "X": 0, "Y": 0, "Width": 639, "Height": 149 },
			"When":{
				"FrontMountainFinal":"1",
				"Mountains |contains=random":false,
				"Mountains |contains=realism":false,
				"Mountains |contains=truerandom":false
			}
		},
		{
			"LogName": "Back Mountains (1) Menu Background Elements",
			"Action": "EditImage",
			"Target": "LooseSprites/Cursors",
			"FromFile": "assets/mountains/{{Mountains}}.png",
			"ToArea": { "X": 0, "Y": 886, "Width": 639, "Height": 149 },
			"FromArea": { "X": 0, "Y": 0, "Width": 639, "Height": 149 },
			"When":{
				"BackMountainFinal":"1",
				"Mountains |contains=random":false,
				"Mountains |contains=realism":false,
				"Mountains |contains=truerandom":false
			}
		},
		// MOUNTAIN 1 (RANDOMIZED)
		{
			"LogName": "Front Mountains (1) Menu Background Elements (Randomized)",
			"Action": "EditImage",
			"Target": "LooseSprites/Cursors",
			"FromFile": "assets/mountains/{{Random:blue,purple,pastel,peach,olive,ruby,orange,pink,plum,teal,toxic,indigo |key=mountain}}.png",
			"ToArea": { "X": 0, "Y": 737, "Width": 639, "Height": 149 },
			"FromArea": { "X": 0, "Y": 0, "Width": 639, "Height": 149 },
			"When":{
				"FrontMountainFinal":"1",
				"Mountains |contains=random":true,
				"Mountains |contains=realism":false,
				"Mountains |contains=truerandom":false
			}
		},
		{
			"LogName": "Back Mountains (1) Menu Background Elements (Randomized)",
			"Action": "EditImage",
			"Target": "LooseSprites/Cursors",
			"FromFile": "assets/mountains/{{Random:blue,purple,pastel,peach,olive,ruby,orange,pink,plum,teal,toxic,indigo |key=mountain}}.png",
			"ToArea": { "X": 0, "Y": 886, "Width": 639, "Height": 149 },
			"FromArea": { "X": 0, "Y": 0, "Width": 639, "Height": 149 },
			"When":{
				"BackMountainFinal":"1",
				"Mountains |contains=random":true,
				"Mountains |contains=realism":false,
				"Mountains |contains=truerandom":false
			}
		},
		// MOUNTAIN 1 (REALISM)
		{
			"LogName": "Front Mountains (1) Menu Background Elements (Realism)",
			"Action": "EditImage",
			"Target": "LooseSprites/Cursors",
			"FromFile": "assets/mountains/{{Random:grey,olive,orange,pastel,peach,toxic}}.png",
			"ToArea": { "X": 0, "Y": 737, "Width": 639, "Height": 149 },
			"FromArea": { "X": 0, "Y": 0, "Width": 639, "Height": 149 },
			"When":{
				"FrontMountainFinal":"1",
				"Mountains |contains=random":false,
				"Mountains |contains=realism":true,
				"Mountains |contains=truerandom":false
			}
		},
		{
			"LogName": "Back Mountains (1) Menu Background Elements (Realism)",
			"Action": "EditImage",
			"Target": "LooseSprites/Cursors",
			"FromFile": "assets/mountains/{{Random:grey,olive,orange,pastel,peach,toxic}}.png",
			"ToArea": { "X": 0, "Y": 886, "Width": 639, "Height": 149 },
			"FromArea": { "X": 0, "Y": 0, "Width": 639, "Height": 149 },
			"When":{
				"BackMountainFinal":"1",
				"Mountains |contains=random":false,
				"Mountains |contains=realism":true,
				"Mountains |contains=truerandom":false
			}
		},
		// MOUNTAIN 1 (TRULY RANDOMIZED)
		{
			"LogName": "Front Mountains (1) Menu Background Elements (Truly Randomized)",
			"Action": "EditImage",
			"Target": "LooseSprites/Cursors",
			"FromFile": "assets/mountains/{{Random:blue,purple,pastel,peach,grey,olive,ruby,orange,pink,plum,teal,toxic,indigo,vanilla}}.png",
			"ToArea": { "X": 0, "Y": 737, "Width": 639, "Height": 149 },
			"FromArea": { "X": 0, "Y": 0, "Width": 639, "Height": 149 },
			"When":{
				"FrontMountainFinal":"1",
				"Mountains |contains=truerandom":true
			}
		},
		{
			"LogName": "Back Mountains (1) Menu Background Elements (Truly Randomized)",
			"Action": "EditImage",
			"Target": "LooseSprites/Cursors",
			"FromFile": "assets/mountains/{{Random:blue,purple,pastel,peach,grey,olive,ruby,orange,pink,plum,teal,toxic,indigo,vanilla}}.png",
			"ToArea": { "X": 0, "Y": 886, "Width": 639, "Height": 149 },
			"FromArea": { "X": 0, "Y": 0, "Width": 639, "Height": 149 },
			"When":{
				"BackMountainFinal":"1",
				"Mountains |contains=truerandom":true
			}
		},
		// MOUNTAIN 2
		{
			"LogName": "Front Mountains (2) Menu Background Elements",
			"Action": "EditImage",
			"Target": "LooseSprites/Cursors",
			"FromFile": "assets/mountains/{{Mountains}}.png",
			"ToArea": { "X": 0, "Y": 737, "Width": 639, "Height": 149 },
			"FromArea": { "X": 0, "Y": 149, "Width": 639, "Height": 149 },
			"When":{
				"FrontMountainFinal":"2",
				"Mountains |contains=random":false,
				"Mountains |contains=realism":false,
				"Mountains |contains=truerandom":false
			}
		},
		{
			"LogName": "Back Mountains (2) Menu Background Elements",
			"Action": "EditImage",
			"Target": "LooseSprites/Cursors",
			"FromFile": "assets/mountains/{{Mountains}}.png",
			"ToArea": { "X": 0, "Y": 886, "Width": 639, "Height": 149 },
			"FromArea": { "X": 0, "Y": 149, "Width": 639, "Height": 149 },
			"When":{
				"BackMountainFinal":"2",
				"Mountains |contains=random":false,
				"Mountains |contains=realism":false,
				"Mountains |contains=truerandom":false
			}
		},
		// MOUNTAIN 2 (RANDOMIZED)
		{
			"LogName": "Front Mountains (2) Menu Background Elements (Randomized)",
			"Action": "EditImage",
			"Target": "LooseSprites/Cursors",
			"FromFile": "assets/mountains/{{Random:blue,purple,pastel,peach,olive,ruby,orange,pink,plum,teal,toxic,indigo |key=mountain}}.png",
			"ToArea": { "X": 0, "Y": 737, "Width": 639, "Height": 149 },
			"FromArea": { "X": 0, "Y": 149, "Width": 639, "Height": 149 },
			"When":{
				"FrontMountainFinal":"2",
				"Mountains |contains=random":true,
				"Mountains |contains=realism":false,
				"Mountains |contains=truerandom":false
			}
		},
		{
			"LogName": "Back Mountains (2) Menu Background Elements (Randomized)",
			"Action": "EditImage",
			"Target": "LooseSprites/Cursors",
			"FromFile": "assets/mountains/{{Random:blue,purple,pastel,peach,olive,ruby,orange,pink,plum,teal,toxic,indigo |key=mountain}}.png",
			"ToArea": { "X": 0, "Y": 886, "Width": 639, "Height": 149 },
			"FromArea": { "X": 0, "Y": 149, "Width": 639, "Height": 149 },
			"When":{
				"BackMountainFinal":"2",
				"Mountains |contains=random":true,
				"Mountains |contains=realism":false,
				"Mountains |contains=truerandom":false
			}
		},
		// MOUNTAIN 2 (REALISM)
		{
			"LogName": "Front Mountains (2) Menu Background Elements (Realism)",
			"Action": "EditImage",
			"Target": "LooseSprites/Cursors",
			"FromFile": "assets/mountains/{{Random:grey,olive,orange,pastel,peach,toxic}}.png",
			"ToArea": { "X": 0, "Y": 737, "Width": 639, "Height": 149 },
			"FromArea": { "X": 0, "Y": 149, "Width": 639, "Height": 149 },
			"When":{
				"FrontMountainFinal":"2",
				"Mountains |contains=random":false,
				"Mountains |contains=realism":true,
				"Mountains |contains=truerandom":false
			}
		},
		{
			"LogName": "Back Mountains (2) Menu Background Elements (Realism)",
			"Action": "EditImage",
			"Target": "LooseSprites/Cursors",
			"FromFile": "assets/mountains/{{Random:grey,olive,orange,pastel,peach,toxic}}.png",
			"ToArea": { "X": 0, "Y": 886, "Width": 639, "Height": 149 },
			"FromArea": { "X": 0, "Y": 149, "Width": 639, "Height": 149 },
			"When":{
				"BackMountainFinal":"2",
				"Mountains |contains=random":false,
				"Mountains |contains=realism":true,
				"Mountains |contains=truerandom":false
			}
		},
		// MOUNTAIN 2 (TRULY RANDOMIZED)
		{
			"LogName": "Front Mountains (2) Menu Background Elements (Truly Randomized)",
			"Action": "EditImage",
			"Target": "LooseSprites/Cursors",
			"FromFile": "assets/mountains/{{Random:blue,purple,pastel,peach,grey,olive,ruby,orange,pink,plum,teal,toxic,indigo,vanilla}}.png",
			"ToArea": { "X": 0, "Y": 737, "Width": 639, "Height": 149 },
			"FromArea": { "X": 0, "Y": 149, "Width": 639, "Height": 149 },
			"When":{
				"FrontMountainFinal":"2",
				"Mountains |contains=truerandom":true
			}
		},
		{
			"LogName": "Back Mountains (2) Menu Background Elements (Truly Randomized)",
			"Action": "EditImage",
			"Target": "LooseSprites/Cursors",
			"FromFile": "assets/mountains/{{Random:blue,purple,pastel,peach,grey,olive,ruby,orange,pink,plum,teal,toxic,indigo,vanilla}}.png",
			"ToArea": { "X": 0, "Y": 886, "Width": 639, "Height": 149 },
			"FromArea": { "X": 0, "Y": 149, "Width": 639, "Height": 149 },
			"When":{
				"BackMountainFinal":"2",
				"Mountains |contains=truerandom":true
			}
		},
		// MOUNTAIN 3
		{
			"LogName": "Front Mountains (3) Menu Background Elements",
			"Action": "EditImage",
			"Target": "LooseSprites/Cursors",
			"FromFile": "assets/mountains/{{Mountains}}.png",
			"ToArea": { "X": 0, "Y": 737, "Width": 639, "Height": 148 },
			"FromArea": { "X": 0, "Y": 298, "Width": 639, "Height": 148 },
			"When":{
				"FrontMountainFinal":"3",
				"Mountains |contains=random":false,
				"Mountains |contains=realism":false,
				"Mountains |contains=truerandom":false
			}
		},
		{
			"LogName": "Back Mountains (3) Menu Background Elements",
			"Action": "EditImage",
			"Target": "LooseSprites/Cursors",
			"FromFile": "assets/mountains/{{Mountains}}.png",
			"ToArea": { "X": 0, "Y": 886, "Width": 639, "Height": 148 },
			"FromArea": { "X": 0, "Y": 298, "Width": 639, "Height": 148 },
			"When":{
				"BackMountainFinal":"3",
				"Mountains |contains=random":false,
				"Mountains |contains=realism":false,
				"Mountains |contains=truerandom":false
			}
		},
		// MOUNTAIN 3 (RANDOMIZED)
		{
			"LogName": "Front Mountains (3) Menu Background Elements (Randomized)",
			"Action": "EditImage",
			"Target": "LooseSprites/Cursors",
			"FromFile": "assets/mountains/{{Random:blue,purple,pastel,peach,olive,ruby,orange,pink,plum,teal,toxic,indigo |key=mountain}}.png",
			"ToArea": { "X": 0, "Y": 737, "Width": 639, "Height": 148 },
			"FromArea": { "X": 0, "Y": 298, "Width": 639, "Height": 148 },
			"When":{
				"FrontMountainFinal":"3",
				"Mountains |contains=random":true,
				"Mountains |contains=realism":false,
				"Mountains |contains=truerandom":false
			}
		},
		{
			"LogName": "Back Mountains (3) Menu Background Elements (Randomized)",
			"Action": "EditImage",
			"Target": "LooseSprites/Cursors",
			"FromFile": "assets/mountains/{{Random:blue,purple,pastel,peach,olive,ruby,orange,pink,plum,teal,toxic,indigo |key=mountain}}.png",
			"ToArea": { "X": 0, "Y": 886, "Width": 639, "Height": 148 },
			"FromArea": { "X": 0, "Y": 298, "Width": 639, "Height": 148 },
			"When":{
				"BackMountainFinal":"3",
				"Mountains |contains=random":true,
				"Mountains |contains=realism":false,
				"Mountains |contains=truerandom":false
			}
		},
		// MOUNTAIN 3 (REALISM)
		{
			"LogName": "Front Mountains (3) Menu Background Elements (Realism)",
			"Action": "EditImage",
			"Target": "LooseSprites/Cursors",
			"FromFile": "assets/mountains/{{Random:grey,olive,orange,pastel,peach,toxic}}.png",
			"ToArea": { "X": 0, "Y": 737, "Width": 639, "Height": 148 },
			"FromArea": { "X": 0, "Y": 298, "Width": 639, "Height": 148 },
			"When":{
				"FrontMountainFinal":"3",
				"Mountains |contains=random":false,
				"Mountains |contains=realism":true,
				"Mountains |contains=truerandom":false
			}
		},
		{
			"LogName": "Back Mountains (3) Menu Background Elements (Realism)",
			"Action": "EditImage",
			"Target": "LooseSprites/Cursors",
			"FromFile": "assets/mountains/{{Random:grey,olive,orange,pastel,peach,toxic}}.png",
			"ToArea": { "X": 0, "Y": 886, "Width": 639, "Height": 148 },
			"FromArea": { "X": 0, "Y": 298, "Width": 639, "Height": 148 },
			"When":{
				"BackMountainFinal":"3",
				"Mountains |contains=random":false,
				"Mountains |contains=realism":true,
				"Mountains |contains=truerandom":false,
			}
		},
		// MOUNTAIN 3 (TRULY RANDOMIZED)
		{
			"LogName": "Front Mountains (3) Menu Background Elements (Truly Randomized)",
			"Action": "EditImage",
			"Target": "LooseSprites/Cursors",
			"FromFile": "assets/mountains/{{Random:blue,purple,pastel,peach,grey,olive,ruby,orange,pink,plum,teal,toxic,indigo,vanilla}}.png",
			"ToArea": { "X": 0, "Y": 737, "Width": 639, "Height": 148 },
			"FromArea": { "X": 0, "Y": 298, "Width": 639, "Height": 148 },
			"When":{
				"FrontMountainFinal":"3",
				"Mountains |contains=truerandom":true
			}
		},
		{
			"LogName": "Back Mountains (3) Menu Background Elements (Truly Randomized)",
			"Action": "EditImage",
			"Target": "LooseSprites/Cursors",
			"FromFile": "assets/mountains/{{Random:blue,purple,pastel,peach,grey,olive,ruby,orange,pink,plum,teal,toxic,indigo,vanilla}}.png",
			"ToArea": { "X": 0, "Y": 886, "Width": 639, "Height": 148 },
			"FromArea": { "X": 0, "Y": 298, "Width": 639, "Height": 148 },
			"When":{
				"BackMountainFinal":"3",
				"Mountains |contains=truerandom":true
			}
		},
		// MOUNTAIN off
		{
			"LogName": "Front Mountains (off) Menu Background Elements",
			"Action": "EditImage",
			"Target": "LooseSprites/Cursors",
			"FromFile": "assets/mountains/off.png",
			"ToArea": { "X": 0, "Y": 737, "Width": 639, "Height": 148 },
			"FromArea": { "X": 0, "Y": 298, "Width": 639, "Height": 148 },
			"When":{
				"FrontMountainFinal":"off"
			}
		},
		{
			"LogName": "Back Mountains (off) Menu Background Elements",
			"Action": "EditImage",
			"Target": "LooseSprites/Cursors",
			"FromFile": "assets/mountains/off.png",
			"ToArea": { "X": 0, "Y": 886, "Width": 639, "Height": 148 },
			"FromArea": { "X": 0, "Y": 298, "Width": 639, "Height": 148 },
			"When":{
				"BackMountainFinal":"off"
			}
		}
     ]
}