{
    "Name": "Corn (Joja)",
    "Product": "Corn (Joja)",
    "SeedName": "Corn (Joja) Seeds",
	
    "SeedDescription": "Takes just 10 days to mature in summer or fall. Harvest with a scythe.",
	
    "Type": "Vegetable",

    "Seasons": ["summer", "fall"],
    "Phases": [ 2, 2, 2, 2, 2 ],
    "RegrowthPhase": -1,
    "HarvestWithScythe": true,
    "TrellisCrop": false,
    "Colors": null,
	
    "Bonus": {
        "MinimumPerHarvest": 1,
        "MaximumPerHarvest": 3,
        "MaxIncreasePerFarmLevel": 0,
        "ExtraChance": 0.07,
    },
		
	"SeedPurchaseFrom": "Joja",

    "SeedPurchasePrice": 75,
	"SeedSellPrice": 25,

}
