[
	{
        "ProducerName": "Lemonade Dispenser",
        "InputIdentifier": "(O)638",
        "InputStack": 2,
        "FuelIdentifier": "yourdorkbrains.CP.lemonadedrinks_lime",
        "FuelStack": 2,
        "MinutesUntilReady": 30,
        "OutputIdentifier": "yourdorkbrains.CP.lemonadedrinks_Cherrylimeade",
        "Sounds": ["Ship"],
    },
	{
        "ProducerName": "Lemonade Dispenser",
        "InputIdentifier": "yourdorkbrains.CP.lemonadedrinks_lime",
        "InputStack": 2,
        "MinutesUntilReady": 30,
        "OutputIdentifier": "yourdorkbrains.CP.lemonadedrinks_limeade",
        "Sounds": ["Ship"],
    },
	{
        "ProducerName": "Lemonade Dispenser",
        "InputIdentifier": "yourdorkbrains.CP.lemonadedrinks_lemon",
        "InputStack": 2,
        "MinutesUntilReady": 30,
        "OutputIdentifier": "yourdorkbrains.CP.lemonadedrinks_lemonade",
        "Sounds": ["Ship"],
    },
	{
        "ProducerName": "Lemonade Dispenser",
        "InputIdentifier": "(O)258",
        "InputStack": 2,
        "FuelIdentifier": "yourdorkbrains.CP.lemonadedrinks_lemon",
        "FuelStack": 2,
        "MinutesUntilReady": 30,
        "OutputIdentifier": "yourdorkbrains.CP.lemonadedrinks_blueberrylemonade",
        "Sounds": ["Ship"],
    },
	{
        "ProducerName": "Lemonade Dispenser",
        "InputIdentifier": "(O)635",
        "InputStack": 2,
        "FuelIdentifier": "yourdorkbrains.CP.lemonadedrinks_lemon",
        "FuelStack": 2,
        "MinutesUntilReady": 30,
        "OutputIdentifier": "yourdorkbrains.CP.lemonadedrinks_orangelemonade",
        "Sounds": ["Ship"],
    },
	{
        "ProducerName": "Lemonade Dispenser",
        "InputIdentifier": "(O)296",
        "InputStack": 2,
        "FuelIdentifier": "yourdorkbrains.CP.lemonadedrinks_lemon",
        "FuelStack": 2,
        "MinutesUntilReady": 30,
        "OutputIdentifier": "yourdorkbrains.CP.lemonadedrinks_SalmonberryLemonade",
        "Sounds": ["Ship"],
    },
	{
        "ProducerName": "Lemonade Dispenser",
        "InputIdentifier": "(O)400",
        "InputStack": 2,
        "FuelIdentifier": "yourdorkbrains.CP.lemonadedrinks_lemon",
        "FuelStack": 2,
        "MinutesUntilReady": 30,
        "OutputIdentifier": "yourdorkbrains.CP.lemonadedrinks_pinklemonade",
        "Sounds": ["Ship"],
    },
	{
        "ProducerName": "Lemonade Dispenser",
        "InputIdentifier": "(O)022",
        "InputStack": 2,
        "FuelIdentifier": "(0)815",
        "FuelStack": 1,
        "MinutesUntilReady": 30,
        "OutputIdentifier": "yourdorkbrains.CP.lemonadedrinks_DandelionIcedTea",
        "Sounds": ["Ship"],
    },
	{
        "ProducerName": "Lemonade Dispenser",
        "InputIdentifier": "(O)406",
        "InputStack": 1,
        "FuelIdentifier": "(O)815",
        "FuelStack": 1,
        "MinutesUntilReady": 30,
        "OutputIdentifier": "yourdorkbrains.CP.lemonadedrinks_PlumIcedTea",
        "Sounds": ["Ship"],
    },
	{
        "ProducerName": "Lemonade Dispenser",
        "InputIdentifier": "(O)245",
        "InputStack": 1,
        "FuelIdentifier": "(O)815",
        "FuelStack": 1,
        "MinutesUntilReady": 30,
        "OutputIdentifier": "yourdorkbrains.CP.lemonadedrinks_IcedGreenTea",
        "Sounds": ["Ship"],
    },
	{
        "ProducerName": "Lemonade Dispenser",
        "InputIdentifier": "(O)636",
        "InputStack": 1,
        "FuelIdentifier": "(O)815",
        "FuelStack": 1,
        "MinutesUntilReady": 30,
        "OutputIdentifier": "yourdorkbrains.CP.lemonadedrinks_IcedPeachTea",
        "Sounds": ["Ship"],
    },
	{
        "ProducerName": "Lemonade Dispenser",
        "InputIdentifier": "(O)410",
        "InputStack": 1,
        "FuelIdentifier": "(O)815",
        "FuelStack": 1,
        "MinutesUntilReady": 30,
        "OutputIdentifier": "yourdorkbrains.CP.lemonadedrinks_BlackberryIcedTea",
        "Sounds": ["Ship"],
    },
	{
        "ProducerName": "Lemonade Dispenser",
        "InputIdentifier": "yourdorkbrains.CP.lemonadedrinks_lemonade",
        "InputStack": 1,
        "FuelIdentifier": "yourdorkbrains.CP.lemonadedrinks_IcedTea",
        "FuelStack": 1,
        "MinutesUntilReady": 30,
        "OutputIdentifier": "yourdorkbrains.CP.lemonadedrinks_ArnoldPalmer",
        "Sounds": ["Ship"],
    },
	{
        "ProducerName": "Lemonade Dispenser",
        "InputIdentifier": "(O)815",
        "InputStack": 1,
        "MinutesUntilReady": 30,
        "OutputIdentifier": "yourdorkbrains.CP.lemonadedrinks_IcedTea",
        "Sounds": ["Ship"],
    },
	{
        "ProducerName": "Lemonade Dispenser",
        "InputIdentifier": "(O)433",
        "InputStack": 2,
        "MinutesUntilReady": 30,
        "OutputIdentifier": "yourdorkbrains.CP.lemonadedrinks_InstantIcedCoffee",
        "Sounds": ["Ship"],
    },
]