{
   "Format": "2.0.0", //use 2.0.0 for 1.6 version because 1.30.0 doesn't allow to add custom items into the game.
   "Changes": [
   
   //----------------OBJECTS
   
        { 				
            "Action": "EditData",
            "Target": "Data/Objects",
            "Entries": {
                "yourdorkbrains.CP.lemonadedrinks_lemonade": { 
                    "Name": "yourdorkbrains.CP.lemonade",
                    "Displayname": "Lemonade",
                    "Description": "Freshly squeezed lemon juice",
                    "Type": "Basic", 
                    "Category": -26,
                    "Price": 150,
                    "Texture": "Mods/{{ModId}}/assets",
                    "SpriteIndex": 0,
					"Edibility": 10, 
					"IsDrink": true,  
					"ExcludeFromRandomSale": true,
					"Buffs": [
								{
						"Id": "yourdorkbrains.CP.lemonadedrinks_lemonade",									
						"Duration": 250,
						"BuffId": 7,
								},
							],					
            }
        },
	},
    { 				
            "Action": "EditData",
            "Target": "Data/Objects",
            "Entries": {
                "yourdorkbrains.CP.lemonadedrinks_orangelemonade": {  
                    "Name": "yourdorkbrains.CP.lemonadedrinks_orangelemonade",
                    "Displayname": "Orange Lemonade",
                    "Description": "Freshly squeezed orange and lemon juice",
                    "Type": "Basic",  
                    "Category": -26,
                    "Price": 200,
                    "Texture": "Mods/{{ModId}}/assets",
                    "SpriteIndex": 1,
					"Edibility": 12,  
					"IsDrink": true,  
					"ExcludeFromRandomSale": true,
					"Buffs": [
								{
						"Id": "yourdorkbrains.CP.lemonadedrinks_orangelemonade",	
						"Duration": 250,
						"BuffId": 7,
								},
							],					
            }
        },
	},
	{ 				
            "Action": "EditData",
            "Target": "Data/Objects",
            "Entries": {
                "yourdorkbrains.CP.lemonadedrinks_pinklemonade": {  
                    "Name": "yourdorkbrains.CP.lemonadedrinks_pinklemonadelemonade",
                    "Displayname": "Pink Lemonade",
                    "Description": "Freshly squeezed lemonade which is pink?",
                    "Type": "Basic",  
                    "Category": -26,
                    "Price": 225,
                    "Texture": "Mods/{{ModId}}/assets",
                    "SpriteIndex": 2,
					"Edibility": 10,  
					"IsDrink": true,  
					"ExcludeFromRandomSale": true,
					"Buffs": [
								{
						"Id": "yourdorkbrains.CP.lemonadedrinks_pinklemonadelemonade",										
						"Duration": 250,
						"BuffId": 7,
								},
							],					
            }
        },
	},
	{ 				
            "Action": "EditData",
            "Target": "Data/Objects",
            "Entries": {
                "yourdorkbrains.CP.lemonadedrinks_limeade": {  
                    "Name": "yourdorkbrains.CP.lemonadedrinks_limeade",
                    "Displayname": "Limeade",
                    "Description": "Freshly squeezed lime juice with a kick",
                    "Type": "Basic",  
                    "Category": -26,
                    "Price": 150,
                    "Texture": "Mods/{{ModId}}/assets",
                    "SpriteIndex": 3,
					"Edibility": 11,  
					"IsDrink": true,  
					"ExcludeFromRandomSale": true,
					"Buffs": [
								{
						"Id": "yourdorkbrains.CP.lemonadedrinks_limeade",	
						"Duration": 250,
						"BuffId": 7,
								},
							],					
            }
        },
	},
	{ 				
            "Action": "EditData",
            "Target": "Data/Objects",
            "Entries": {
                "yourdorkbrains.CP.lemonadedrinks_Cherrylimeade": {  
                    "Name": "yourdorkbrains.CP.lemonadedrinks_Cherrylimeade",
                    "Displayname": "Cherry Limeade",
                    "Description": "Freshly squeezed cherry and lime juice with a kick",
                    "Type": "Basic",  
                    "Category": -26,
                    "Price": 200,
                    "Texture": "Mods/{{ModId}}/assets",
                    "SpriteIndex": 4,
					"Edibility": 14,  
					"IsDrink": true,  
					"ExcludeFromRandomSale": true,
					"Buffs": [
								{
						"Id": "yourdorkbrains.CP.lemonadedrinks_Cherrylimeade",	
						"Duration": 250,
						"BuffId": 7,
								},
							],					
            }
        },
	},
	{ 				
            "Action": "EditData",
            "Target": "Data/Objects",
            "Entries": {
                "yourdorkbrains.CP.lemonadedrinks_blueberrylemonade": {  
                    "Name": "yourdorkbrains.CP.lemonadedrinks_blueberrylemonade",
                    "Displayname": "Blueberry Lemonade",
                    "Description": "Freshly squeezed blueberry and lemon juice",
                    "Type": "Basic",  
                    "Category": -26,
                    "Price": 200,
                    "Texture": "Mods/{{ModId}}/assets",
                    "SpriteIndex": 5,
					"Edibility": 14,  
					"IsDrink": true,  
					"ExcludeFromRandomSale": true,
					"Buffs": [
								{
						"Id": "yourdorkbrains.CP.lemonadedrinks_Cherrylimeade",	
						"Duration": 250,
						"BuffId": 7,
								},
							],					
            }
        },
	},	
	{ 				
            "Action": "EditData",
            "Target": "Data/Objects",
            "Entries": {
                "yourdorkbrains.CP.lemonadedrinks_Lemonbar": {  
                    "Name": "yourdorkbrains.CP.lemonadedrinks_Lemonbar",
                    "Displayname": "Lemon Bar",
                    "Description": "A delicous treat consisting of a thin shortbread crust and a lemon curd filling.",
                    "Type": "Basic",  
                    "Category": -26,
                    "Price": 150,
                    "Texture": "Mods/{{ModId}}/assets",
                    "SpriteIndex": 6,
					"Edibility": 13,  
					"IsDrink": false,  
					"ExcludeFromRandomSale": true,
            }
        },
	},
    { 				
            "Action": "EditData",
            "Target": "Data/Objects",
            "Entries": {
                "yourdorkbrains.CP.lemonadedrinks_ArnoldPalmer": {  
                    "Name": "yourdorkbrains.CP.lemonadedrinks_ArnoldPalmer",
                    "Displayname": "Arnold Palmer",
                    "Description": "A mix freshly squeezed lemonade and tea.",
                    "Type": "Basic",  
                    "Category": -26,
                    "Price": 350,
                    "Texture": "Mods/{{ModId}}/assets",
                    "SpriteIndex": 7,
					"Edibility": 13,  
					"IsDrink": true,  
					"ExcludeFromRandomSale": true,
					"Buffs": [
								{
						"Id": "yourdorkbrains.CP.lemonadedrinks_ArnoldPalmer",	
						"Duration": 250,
						"BuffId": 7,
								},
							],					
            }
        },
	},
    { 				
            "Action": "EditData",
            "Target": "Data/Objects",
            "Entries": {
                "yourdorkbrains.CP.lemonadedrinks_lemon": {  
                    "Name": "yourdorkbrains.CP.lemonadedrinks_lemon",
                    "Displayname": "Lemon",
                    "Description": "A very tart fruit.",
                    "Type": "Fruit",  
                    "Category": -79,
                    "Price": 30,
                    "Texture": "Mods/{{ModId}}/assets",
                    "SpriteIndex": 8,
					"Edibility": 5,  
					"IsDrink": false,  
					"ExcludeFromRandomSale": true,
            }
        },
	},
    { 				
            "Action": "EditData",
            "Target": "Data/Objects",
            "Entries": {
                "yourdorkbrains.CP.lemonadedrinks_IcedTea": {  
                    "Name": "yourdorkbrains.CP.lemonadedrinks_IcedTea",
                    "Displayname": "Iced Tea",
                    "Description": "Freshly brewed iced tea.",
                    "Type": "Basic",  
                    "Category": -26,
                    "Price": 500,
                    "Texture": "Mods/{{ModId}}/assets",
                    "SpriteIndex": 9,
					"Edibility": 13,  
					"IsDrink": true,  
					"ExcludeFromRandomSale": true,
					"Buffs": [
								{
						"Id": "yourdorkbrains.CP.lemonadedrinks_IcedTea",	
						"Duration": 250,
						"BuffId": 7,
								},
							],					
            }
        },
	},
    { 				
            "Action": "EditData",
            "Target": "Data/Objects",
            "Entries": {
                "yourdorkbrains.CP.lemonadedrinks_DandelionIcedTea": {  
                    "Name": "yourdorkbrains.CP.lemonadedrinks_DandelionIcedTea",
                    "Displayname": "Dandelion Iced Tea",
                    "Description": "Freshly brewed Dandelion tea.",
                    "Type": "Basic",  
                    "Category": -26,
                    "Price": 650,
                    "Texture": "Mods/{{ModId}}/assets",
                    "SpriteIndex": 11,
					"Edibility": 8,  
					"IsDrink": true,  
					"ExcludeFromRandomSale": true,
					"Buffs": [
								{
						"Id": "yourdorkbrains.CP.lemonadedrinks_DandelionIcedTea",	
						"Duration": 250,
						"BuffId": 7,
								},
							],					
            }
        },
	},
    { 				
            "Action": "EditData",
            "Target": "Data/Objects",
            "Entries": {
                "yourdorkbrains.CP.lemonadedrinks_IcedPeachTea": {  
                    "Name": "yourdorkbrains.CP.lemonadedrinks_IcedPeachTea",
                    "Displayname": "Iced Peach Tea",
                    "Description": "Freshly brewed peach tea.",
                    "Type": "Basic",  
                    "Category": -26,
                    "Price": 775,
                    "Texture": "Mods/{{ModId}}/assets",
                    "SpriteIndex": 12,
					"Edibility": 10,  
					"IsDrink": true,  
					"ExcludeFromRandomSale": true,
					"Buffs": [
								{
						"Id": "yourdorkbrains.CP.lemonadedrinks_IcedPeachTea",	
						"Duration": 250,
						"BuffId": 7,
								},
							],					
            }
        },
	},
    { 				
            "Action": "EditData",
            "Target": "Data/Objects",
            "Entries": {
                "yourdorkbrains.CP.lemonadedrinks_PlumIcedTea": {  
                    "Name": "yourdorkbrains.CP.lemonadedrinks_PlumIcedTea",
                    "Displayname": "Plum Iced Tea",
                    "Description": "Freshly brewed wild plum tea.",
                    "Type": "Basic",  
                    "Category": -26,
                    "Price": 580,
                    "Texture": "Mods/{{ModId}}/assets",
                    "SpriteIndex": 13,
					"Edibility": 8,  
					"IsDrink": true,  
					"ExcludeFromRandomSale": true,
					"Buffs": [
								{
						"Id": "yourdorkbrains.CP.lemonadedrinks_PlumIcedTea",	
						"Duration": 250,
						"BuffId": 7,
								},
							],					
            }
        },
	},
    { 				
            "Action": "EditData",
            "Target": "Data/Objects",
            "Entries": {
                "yourdorkbrains.CP.lemonadedrinks_BlackberryIcedTea": {  
                    "Name": "yourdorkbrains.CP.lemonadedrinks_BlackberryIcedTea",
                    "Displayname": "Blackberry Iced Tea",
                    "Description": "Freshly brewed blackberry tea.",
                    "Type": "Basic",  
                    "Category": -26,
                    "Price": 620,
                    "Texture": "Mods/{{ModId}}/assets",
                    "SpriteIndex": 14,
					"Edibility": 8,  
					"IsDrink": true,  
					"ExcludeFromRandomSale": true,
					"Buffs": [
								{
						"Id": "yourdorkbrains.CP.lemonadedrinks_BlackberryIcedTea",	
						"Duration": 250,
						"BuffId": 7,
								},
							],					
            }
        },
	},
    { 				
            "Action": "EditData",
            "Target": "Data/Objects",
            "Entries": {
                "yourdorkbrains.CP.lemonadedrinks_InstantIcedCoffee": {  
                    "Name": "yourdorkbrains.CP.lemonadedrinks_InstantIcedCoffee",
                    "Displayname": "Instant Iced Coffee",
                    "Description": "Quickly brewed iced coffee.",
                    "Type": "Basic",  
                    "Category": -26,
                    "Price": 200,
                    "Texture": "Mods/{{ModId}}/assets",
                    "SpriteIndex": 15,
					"Edibility": 8,  
					"IsDrink": true,  
					"ExcludeFromRandomSale": true,
					"Buffs": [
								{
						"Id": "yourdorkbrains.CP.lemonadedrinks_InstantIcedCoffee",	
						"Duration": 250,
						"BuffId": 7,
								},
							],					
            }
        },
	},
    { 				
            "Action": "EditData",
            "Target": "Data/Objects",
            "Entries": {
                "yourdorkbrains.CP.lemonadedrinks_IcedGreenTea": {  
                    "Name": "yourdorkbrains.CP.lemonadedrinks_IcedGreenTea",
                    "Displayname": "Iced Green Tea",
                    "Description": "Freshly brewed iced green tea.",
                    "Type": "Basic",  
                    "Category": -26,
                    "Price": 600,
                    "Texture": "Mods/{{ModId}}/assets",
                    "SpriteIndex": 16,
					"Edibility": 8,  
					"IsDrink": true,  
					"ExcludeFromRandomSale": true,
					"Buffs": [
								{
						"Id": "yourdorkbrains.CP.lemonadedrinks_IcedGreenTea",	
						"Duration": 250,
						"BuffId": 7,
								},
							],					
            }
        },
	},
    { 				
            "Action": "EditData",
            "Target": "Data/Objects",
            "Entries": {
                "yourdorkbrains.CP.lemonadedrinks_Panini": {  
                    "Name": "yourdorkbrains.CP.lemonadedrinks_Panini",
                    "Displayname": "Panini",
                    "Description": "A warm grilled sandwhich.",
                    "Type": "Basic",  
                    "Category": -26,
                    "Price": 250,
                    "Texture": "Mods/{{ModId}}/assets",
                    "SpriteIndex": 17,
					"Edibility": 8,  
					"IsDrink": false,  
					"ExcludeFromRandomSale": true,				
            }
        },
	},
    { 				
            "Action": "EditData",
            "Target": "Data/Objects",
            "Entries": {
                "yourdorkbrains.CP.lemonadedrinks_SalmonberryLemonade": {  
                    "Name": "yourdorkbrains.CP.lemonadedrinks_SalmonberryLemonade",
                    "Displayname": "Salmonberry Lemonade",
                    "Description": "A freshly squeezed lemons and salmonberries.",
                    "Type": "Basic",  
                    "Category": -26,
                    "Price": 75,
                    "Texture": "Mods/{{ModId}}/assets",
                    "SpriteIndex": 18,
					"Edibility": 6,  
					"IsDrink": true,  
					"ExcludeFromRandomSale": true,				
            }
        },
	},
    { 				
            "Action": "EditData",
            "Target": "Data/Objects",
            "Entries": {
                "yourdorkbrains.CP.lemonadedrinks_lime": {  
                    "Name": "yourdorkbrains.CP.lemonadedrinks_lime",
                    "Displayname": "Lime",
                    "Description": "It's a lime.",
                    "Type": "Basic",  
                    "Category": -26,
                    "Price": 30,
                    "Texture": "Mods/{{ModId}}/assets",
                    "SpriteIndex": 10,
					"Edibility": 11,  
					"IsDrink": false,  
					"ExcludeFromRandomSale": true,
				
            }
        },
	},
	 // Deco Dispenser

        { 				
            "Action": "EditData",
            "Target": "Data/Furniture",
             "Entries": {
                 "yourdorkbrains.CP_decolemonadedispenser": "Decor Lemonade Dispenser/decor/1 2/1 1/1/1000/-1/Decor Lemonade Dispenser/0/{{ModId}}_decodispenser/true"
             }, 
        },
        {
            "Action": "Load",
            "Target": "Mods/{{ModId}}/assets",
            "FromFile": "assets/Lemonadespritesheet.png"  
        },
	    {
            "Action": "Load",
            "Target": "{{ModId}}_decodispenser",
            "FromFile": "assets/decodispenser.png"  
        },

 //Cooking Recipe
		{ 
            "Action": "EditData",
            "Target": "Data/CookingRecipes",
             "Entries": {
				"Lemonbar": "176 1 184 1 yourdorkbrains.CP.lemonadedrinks_lemon 1 246 1/25 5/yourdorkbrains.CP.lemonadedrinks_Lemonbar/none",
			 }, 
		}, 

 // Big Craftable

	  {
            "Action": "EditData",
            "Target": "Data/BigCraftables",
            "Entries": {
                "yourdorkbrains.cp_Lemonadedispenser": {
                    "Name": "Lemonade Dispenser",
                    "DisplayName": "Lemonade Dispenser",
                    "Description": "Machine dispenses lemonade.",
                    "Price": 2500,
                    "Fragility": 0,
                    "CanBePlacedOutdoors": true,
                    "CanBePlacedIndoors": true,
                    "IsLamp": false,
                    "Texture": "Mods/{{ModId}}/dispenser",
                    "SpriteIndex": 0
        }
      }
    },
	
        {
            "Action": "Load",
            "Target": "Mods/{{ModId}}/dispenser",
            "FromFile": "assets/dispenser.png"  
        },


   
   
   
   
   
   
   ]
}