{
    "Name": "Parsnip (Joja)",
    "Product": "Parsnip (Joja)",
    "SeedName": "Parsnip (Joja) Seeds",
	
    "SeedDescription": "Plant in spring or fall thanks to JojaCo bioengineering! Takes 4 days to mature.",
	
    "Type": "Vegetable",

    "Seasons": ["spring", "fall"],
    "Phases": [ 1, 1, 1, 1 ],
    "RegrowthPhase": -1,
    "HarvestWithScythe": false,
    "TrellisCrop": false,
    "Colors": null,
	
    "Bonus": {
        "MinimumPerHarvest": 1,
        "MaximumPerHarvest": 1,
        "MaxIncreasePerFarmLevel": 0,
        "ExtraChance": 0.0,
    },
		
	"SeedPurchaseFrom": "Joja",

    "SeedPurchasePrice": 20,
	"SeedSellPrice": 5,

}
