{
    "Name": "Tulip (Joja)",
    "Product": "Tulip (Joja)",
    "SeedName": "Tulip (Joja) Bulbs",
	
    "SeedDescription": "Plant in spring for a beautiful pink or yellow flower. Takes 6 days to mature.",
	
    "Type": "Flower",

    "Seasons": ["spring", ],
    "Phases": [ 1, 1, 2, 2 ],
    "RegrowthPhase": -1,
    "HarvestWithScythe": false,
    "TrellisCrop": false,
    "Colors": [
        "244, 244, 34, 1",
        "246, 74, 138, 1",
    ],
	
    "Bonus": {
        "MinimumPerHarvest": 1,
        "MaximumPerHarvest": 2,
        "MaxIncreasePerFarmLevel": 0,
        "ExtraChance": 0.06,
    },
		
	"SeedPurchaseFrom": "Joja",

    "SeedPurchasePrice": 25,
	"SeedSellPrice": 10,

}
