{
    "Changes": 
    [

// ANIMAL ARTISAN GOODS
		
		{
			"LogName": "Aged Roe",
			"Action": "EditImage",
			"Target": "Maps/springobjects",
			"FromFile": "Assets/{{SaturationToggle}}/ArtisanGoods/AnimalGoods/AgedRoe.png",
			"ToArea": { "X": 240, "Y": 288, "Width": 16, "Height": 16 },
			"When": 
			{
				"AnimalGoodsEnabled": "True",
				"AnimalGoods |contains= Aged Roe": true
			}
		},
		{
			"LogName": "Aged Roe Top",
			"Action": "EditImage",
			"Target": "Maps/springobjects",
			"FromFile": "Assets/{{SaturationToggle}}/ArtisanGoods/AnimalGoods/AgedRoe_Top.png",
			"ToArea": { "X": 256, "Y": 288, "Width": 16, "Height": 16 },
			"When": 
			{
				"AnimalGoodsEnabled": "True",
				"AnimalGoods |contains= Aged Roe": true
			}
		},
		{
			"LogName": "Caviar",
			"Action": "EditImage",
			"Target": "Maps/springobjects",
			"FromFile": "Assets/{{SaturationToggle}}/ArtisanGoods/AnimalGoods/Caviar.png",
			"ToArea": { "X": 208, "Y": 288, "Width": 16, "Height": 16 },
			"When": 
			{
				"AnimalGoodsEnabled": "True",
				"AnimalGoods |contains= Caviar": true
			}
		},
		{
			"LogName": "Cheese",
			"Action": "EditImage",
			"Target": "Maps/springobjects",
			"FromFile": "Assets/{{SaturationToggle}}/ArtisanGoods/AnimalGoods/Cheese.png",
			"ToArea": { "X": 256, "Y": 272, "Width": 16, "Height": 16 },
			"When": 
			{
				"AnimalGoodsEnabled": "True",
				"AnimalGoods |contains= Cheese": true
			}
		},
		{
			"LogName": "Cloth",
			"Action": "EditImage",
			"Target": "Maps/springobjects",
			"FromFile": "Assets/{{SaturationToggle}}/ArtisanGoods/AnimalGoods/Cloth.png",
			"ToArea": { "X": 320, "Y": 272, "Width": 16, "Height": 16 },
			"When": 
			{
				"AnimalGoodsEnabled": "True",
				"AnimalGoods |contains= Cloth": true
			}
		},
		{
			"LogName": "Dinosaur Mayonnaise",
			"Action": "EditImage",
			"Target": "Maps/springobjects",
			"FromFile": "Assets/{{SaturationToggle}}/ArtisanGoods/AnimalGoods/DinosaurMayonnaise.png",
			"ToArea": { "X": 240, "Y": 528, "Width": 16, "Height": 16 },
			"When": 
			{
				"AnimalGoodsEnabled": "True",
				"AnimalGoods |contains= Dinosaur Mayonnaise": true
			}
		},
		{
			"LogName": "Duck Mayonnaise",
			"Action": "EditImage",
			"Target": "Maps/springobjects",
			"FromFile": "Assets/{{SaturationToggle}}/ArtisanGoods/AnimalGoods/DuckMayonnaise.png",
			"ToArea": { "X": 304, "Y": 192, "Width": 16, "Height": 16 },
			"When": 
			{
				"AnimalGoodsEnabled": "True",
				"AnimalGoods |contains= Duck Mayonnaise": true
			}
		},
		{
			"LogName": "Goat Cheese",
			"Action": "EditImage",
			"Target": "Maps/springobjects",
			"FromFile": "Assets/{{SaturationToggle}}/ArtisanGoods/AnimalGoods/GoatCheese.png",
			"ToArea": { "X": 288, "Y": 272, "Width": 16, "Height": 16 },
			"When": 
			{
				"AnimalGoodsEnabled": "True",
				"AnimalGoods |contains= Goat Cheese": true
			}
		},
		{
			"LogName": "Mayonnaise",
			"Action": "EditImage",
			"Target": "Maps/springobjects",
			"FromFile": "Assets/{{SaturationToggle}}/ArtisanGoods/AnimalGoods/Mayonnaise.png",
			"ToArea": { "X": 288, "Y": 192, "Width": 16, "Height": 16 },
			"When": 
			{
				"AnimalGoodsEnabled": "True",
				"AnimalGoods |contains= Mayonnaise": true
			}
		},
		{
			"LogName": "Mead",
			"Action": "EditImage",
			"Target": "Maps/springobjects",
			"FromFile": "Assets/{{SaturationToggle}}/ArtisanGoods/AnimalGoods/Mead.png",
			"ToArea": { "X": 48, "Y": 304, "Width": 16, "Height": 16 },
			"When": 
			{
				"AnimalGoodsEnabled": "True",
				"AnimalGoods |contains= Mead": true
			}
		},
		{
			"LogName": "Truffle Oil",
			"Action": "EditImage",
			"Target": "Maps/springobjects",
			"FromFile": "Assets/{{SaturationToggle}}/ArtisanGoods/AnimalGoods/TruffleOil.png",
			"ToArea": { "X": 0, "Y": 288, "Width": 16, "Height": 16 },
			"When": 
			{
				"AnimalGoodsEnabled": "True",
				"AnimalGoods |contains= Truffle Oil": true
			}
		},
		{
			"LogName": "Void Mayonnaise",
			"Action": "EditImage",
			"Target": "Maps/springobjects",
			"FromFile": "Assets/{{SaturationToggle}}/ArtisanGoods/AnimalGoods/VoidMayonnaise.png",
			"ToArea": { "X": 320, "Y": 192, "Width": 16, "Height": 16 },
			"When": 
			{
				"AnimalGoodsEnabled": "True",
				"AnimalGoods |contains= Void Mayonnaise": true
			}
		},

// CROP ARTISAN GOODS
		
		{
			"LogName": "Beer",
			"Action": "EditImage",
			"Target": "Maps/springobjects",
			"FromFile": "Assets/{{SaturationToggle}}/ArtisanGoods/CropGoods/Beer.png",
			"ToArea": { "X": 160, "Y": 224, "Width": 16, "Height": 16 },
			"When": 
			{
				"CropGoodsEnabled": "True",
				"CropGoods |contains= Beer": true
			}
		},
		{
			"LogName": "Coffee",
			"Action": "EditImage",
			"Target": "Maps/springobjects",
			"FromFile": "Assets/{{SaturationToggle}}/ArtisanGoods/CropGoods/Coffee.png",
			"ToArea": { "X": 176, "Y": 256, "Width": 16, "Height": 16 },
			"When": 
			{
				"CropGoodsEnabled": "True",
				"CropGoods |contains= Coffee": true
			}
		},
		{
			"LogName": "Dried Mushrooms",
			"Action": "EditImage",
			"Target": "TileSheets/Objects_2",
			"FromFile": "Assets/{{SaturationToggle}}/ArtisanGoods/CropGoods/DriedMushrooms.png",
			"ToArea": { "X": 32, "Y": 128, "Width": 32, "Height": 16 },
			"When": 
			{
				"CropGoodsEnabled": "True",
				"CropGoods |contains= Dried Mushrooms": true
			}
		},
		{
			"LogName": "Green Tea",
			"Action": "EditImage",
			"Target": "Maps/springobjects",
			"FromFile": "Assets/{{SaturationToggle}}/ArtisanGoods/CropGoods/GreenTea.png",
			"ToArea": { "X": 224, "Y": 400, "Width": 16, "Height": 16 },
			"When": 
			{
				"CropGoodsEnabled": "True",
				"CropGoods |contains= Green Tea": true
			}
		},
		{
			"LogName": "Jelly 1",
			"Action": "EditImage",
			"Target": "Maps/springobjects",
			"FromFile": "Assets/{{SaturationToggle}}/ArtisanGoods/CropGoods/Jelly.png",
			"ToArea": { "X": 128, "Y": 224, "Width": 16, "Height": 16 },
			"When": 
			{
				"CropGoodsEnabled": "True",
				"CropGoods |contains= Jelly": true
			}
		},
		{
			"LogName": "Jelly 2",
			"Action": "EditImage",
			"Target": "TileSheets/Objects_2",
			"FromFile": "Assets/{{SaturationToggle}}/ArtisanGoods/CropGoods/Jelly.png",
			"ToArea": { "X": 32, "Y": 256, "Width": 16, "Height": 16 },
			"When": 
			{
				"CropGoodsEnabled": "True",
				"CropGoods |contains= Jelly": true
			}
		},
		{
			"LogName": "Jelly 3",
			"Action": "EditImage",
			"Target": "TileSheets/Objects_2",
			"FromFile": "Assets/{{SaturationToggle}}/ArtisanGoods/CropGoods/Jelly_Top.png",
			"ToArea": { "X": 48, "Y": 256, "Width": 16, "Height": 16 },
			"When": 
			{
				"CropGoodsEnabled": "True",
				"CropGoods |contains= Jelly": true
			}
		},
		{
			"LogName": "Juice 1",
			"Action": "EditImage",
			"Target": "Maps/springobjects",
			"FromFile": "Assets/{{SaturationToggle}}/ArtisanGoods/CropGoods/Juice.png",
			"ToArea": { "X": 224, "Y": 224, "Width": 16, "Height": 16 },
			"When": 
			{
				"CropGoodsEnabled": "True",
				"CropGoods |contains= Juice": true
			}
		},
		{
			"LogName": "Juice 2",
			"Action": "EditImage",
			"Target": "TileSheets/Objects_2",
			"FromFile": "Assets/{{SaturationToggle}}/ArtisanGoods/CropGoods/Juice.png",
			"ToArea": { "X": 80, "Y": 240, "Width": 16, "Height": 16 },
			"When": 
			{
				"CropGoodsEnabled": "True",
				"CropGoods |contains= Juice": true
			}
		},
		{
			"LogName": "Juice 3",
			"Action": "EditImage",
			"Target": "TileSheets/Objects_2",
			"FromFile": "Assets/{{SaturationToggle}}/ArtisanGoods/CropGoods/Juice_Top.png",
			"ToArea": { "X": 96, "Y": 240, "Width": 16, "Height": 16 },
			"When": 
			{
				"CropGoodsEnabled": "True",
				"CropGoods |contains= Juice": true
			}
		},
		{
			"LogName": "Pale Ale",
			"Action": "EditImage",
			"Target": "Maps/springobjects",
			"FromFile": "Assets/{{SaturationToggle}}/ArtisanGoods/CropGoods/PaleAle.png",
			"ToArea": { "X": 240, "Y": 192, "Width": 16, "Height": 16 },
			"When": 
			{
				"CropGoodsEnabled": "True",
				"CropGoods |contains= Pale Ale": true
			}
		},
		{
			"LogName": "Pickles 1",
			"Action": "EditImage",
			"Target": "Maps/springobjects",
			"FromFile": "Assets/{{SaturationToggle}}/ArtisanGoods/CropGoods/Pickles.png",
			"ToArea": { "X": 96, "Y": 224, "Width": 16, "Height": 16 },
			"When": 
			{
				"CropGoodsEnabled": "True",
				"CropGoods |contains= Pickles": true
			}
		},
		{
			"LogName": "Pickles 2",
			"Action": "EditImage",
			"Target": "TileSheets/Objects_2",
			"FromFile": "Assets/{{SaturationToggle}}/ArtisanGoods/CropGoods/Pickles.png",
			"ToArea": { "X": 0, "Y": 256, "Width": 16, "Height": 16 },
			"When": 
			{
				"CropGoodsEnabled": "True",
				"CropGoods |contains= Pickles": true
			}
		},
		{
			"LogName": "Pickles 3",
			"Action": "EditImage",
			"Target": "TileSheets/Objects_2",
			"FromFile": "Assets/{{SaturationToggle}}/ArtisanGoods/CropGoods/Pickles_Top.png",
			"ToArea": { "X": 16, "Y": 256, "Width": 16, "Height": 16 },
			"When": 
			{
				"CropGoodsEnabled": "True",
				"CropGoods |contains= Pickles": true
			}
		},
		{
			"LogName": "Wine 1",
			"Action": "EditImage",
			"Target": "Maps/springobjects",
			"FromFile": "Assets/{{SaturationToggle}}/ArtisanGoods/CropGoods/Wine.png",
			"ToArea": { "X": 192, "Y": 224, "Width": 16, "Height": 16 },
			"When": 
			{
				"CropGoodsEnabled": "True",
				"CropGoods |contains= Wine": true
			}
		},
		{
			"LogName": "Wine 2",
			"Action": "EditImage",
			"Target": "TileSheets/Objects_2",
			"FromFile": "Assets/{{SaturationToggle}}/ArtisanGoods/CropGoods/Wine.png",
			"ToArea": { "X": 48, "Y": 240, "Width": 16, "Height": 16 },
			"When": 
			{
				"CropGoodsEnabled": "True",
				"CropGoods |contains= Wine": true
			}
		},
		{
			"LogName": "Wine 3",
			"Action": "EditImage",
			"Target": "TileSheets/Objects_2",
			"FromFile": "Assets/{{SaturationToggle}}/ArtisanGoods/CropGoods/Wine_Top.png",
			"ToArea": { "X": 64, "Y": 240, "Width": 16, "Height": 16 },
			"When": 
			{
				"CropGoodsEnabled": "True",
				"CropGoods |contains= Wine": true
			}
		}
    ]
}