{

	/*
					THIS IS THE FILE THAT MAKES THE MOD WORK. IT IS NOT FOR CHANGING YOUR OPTIONS IN THE MOD. IF YOU WANT TO CHANGE OPTIONS, USE THE CONFIG.JSON. DO NOT EDIT THIS FILE UNLESS YOU KNOW WHAT YOU ARE DOING!
					
	*/

  "Format": "2.0.0",
  
  "ConfigSchema": {
	  "Cat Breeds": {
		  "AllowValues": "Bengal, BengalSilver, BengalVoid, BicolorBlonde, BicolorFawn, BicolorBrown, BicolorRed, BicolorMidnight, BicolorBlack, BicolorGrey, BicolorSilver, BicolorVoid, Calico1, Calico1Diluted, Calico1Void, Calico2, Calico2Diluted, Calico2Void, Chimera, ChimeraDiluted, ChimeraVoid, FoldBicolorBlonde, FoldBicolorFawn, FoldBicolorBrown, FoldBicolorRed, FoldBicolorMidnight, FoldBicolorBlack, FoldBicolorGrey, FoldBicolorSilver, FoldBicolorVoid, FoldSolidCream, FoldSolidBlonde, FoldSolidFawn, FoldSolidBrown, FoldSolidRed, FoldSolidMidnight, FoldSolidBlack, FoldSolidGrey, FoldSolidSilver, FoldSolidWhite, FoldSolidVoid, FoldStripedCream, FoldStripedBlonde, FoldStripedFawn, FoldStripedBrown, FoldStripedRed, FoldStripedMidnight, FoldStripedBlack, FoldStripedGrey, FoldStripedSilver, FoldStripedWhite, FoldStripedVoid, Ocicat, OcicatSilver, OcicatVoid, PointedBlonde, PointedFawn, PointedBrown, PointedRed, PointedMidnight, PointedBlack, PointedGrey, PointedSilver, PointedVoid, RagdollFawn, RagdollTan, RagdollRed, RagdollSilver, RagdollVoid, Siamese, SiameseSilver, SiameseVoid, SnowshoeFawn, SnowshoeTan, SnowshoeBrown, SnowshoeRed, SnowshoeGrey, SnowshoeSilver, SnowshoeVoid, SocksBlonde, SocksFawn, SocksBrown, SocksRed, SocksMidnight, SocksBlack, SocksGrey, SocksSilver, SocksVoid, SolidCream, SolidBlonde, SolidFawn, SolidBrown, SolidRed, SolidMidnight, SolidBlack, SolidGrey, SolidSilver, SolidWhite, SolidVoid, SolidVanilla, SpottedBlonde, SpottedFawn, SpottedBrown, SpottedRed, SpottedMidnight, SpottedBlack, SpottedGrey, SpottedSilver, SpottedVoid, StripedCream, StripedBlonde, StripedFawn, StripedBrown, StripedRed, StripedMidnight, StripedBlack, StripedGrey, StripedSilver, StripedWhite, StripedVoid, StripedVanilla, StripedSocksBlonde, StripedSocksFawn, StripedSocksBrown, StripedSocksRed, StripedSocksMidnight, StripedSocksBlack, StripedSocksGrey, StripedSocksSilver, StripedSocksVoid, StripedSocksVanilla, Tortie1, Tortie1Diluted, Tortie1Void, Tortie2, Tortie2Diluted, Tortie2Void, TurkishBlonde, TurkishFawn, TurkishBrown, TurkishRed, TurkishMidnight, TurkishBlack, TurkishGrey, TurkishSilver, TurkishVoid, TuxedoBlonde, TuxedoFawn, TuxedoBrown, TuxedoRed, TuxedoMidnight, TuxedoBlack, TuxedoGrey, TuxedoSilver, TuxedoVoid",
		  "AllowMultiple": true,
		  "Default": "SolidWhite, TuxedoBlack, TurkishFawn, SnowshoeTan, Siamese, RagdollSilver, Calico1Diluted, Calico2, Tortie1, FoldBicolorGrey"},
    },
	
	
  "Changes": [
    //Solid
    {
      "LogName": "SolidCream",
      "Action": "EditData",
      "Target": "Data/Pets",
	  "TargetField": [ "Cat", "Breeds" ],
      "Entries": {
      "Elle.CuterCats.SolidCream": {
		"Id": "Elle.CuterCats.SolidCream",
			"Texture": "Mods\\Elle.CuterCats\\SolidCream",
			"IconTexture": "Mods\\Elle.CuterCats\\icons",
			"IconSourceRect": {
				"X": 0,
				"Y": 0,
				"Width": 16,
				"Height": 16
				},
			"BarkOverride": null,
			"VoicePitch": 1.0
			},
		},
      "When": { "Cat Breeds": "SolidCream" },
	},
    {
      "LogName": "SolidBlonde",
      "Action": "EditData",
      "Target": "Data/Pets",
	  "TargetField": [ "Cat", "Breeds" ],
      "Entries": {
      "Elle.CuterCats.SolidBlonde": {
		"Id": "Elle.CuterCats.SolidBlonde",
			"Texture": "Mods\\Elle.CuterCats\\SolidBlonde",
			"IconTexture": "Mods\\Elle.CuterCats\\icons",
			"IconSourceRect": {
				"X": 16,
				"Y": 0,
				"Width": 16,
				"Height": 16
				},
			"BarkOverride": null,
			"VoicePitch": 1.0
			},
		},
      "When": { "Cat Breeds": "SolidBlonde" },
	},
    {
      "LogName": "SolidFawn",
      "Action": "EditData",
      "Target": "Data/Pets",
	  "TargetField": [ "Cat", "Breeds" ],
      "Entries": {
      "Elle.CuterCats.SolidFawn": {
		"Id": "Elle.CuterCats.SolidFawn",
			"Texture": "Mods\\Elle.CuterCats\\SolidFawn",
			"IconTexture": "Mods\\Elle.CuterCats\\icons",
			"IconSourceRect": {
				"X": 32,
				"Y": 0,
				"Width": 16,
				"Height": 16
				},
			"BarkOverride": null,
			"VoicePitch": 1.0
			},
		},
      "When": { "Cat Breeds": "SolidFawn" },
	},
    {
      "LogName": "SolidBrown",
      "Action": "EditData",
      "Target": "Data/Pets",
	  "TargetField": [ "Cat", "Breeds" ],
      "Entries": {
      "Elle.CuterCats.SolidBrown": {
		"Id": "Elle.CuterCats.SolidBrown",
			"Texture": "Mods\\Elle.CuterCats\\SolidBrown",
			"IconTexture": "Mods\\Elle.CuterCats\\icons",
			"IconSourceRect": {
				"X": 48,
				"Y": 0,
				"Width": 16,
				"Height": 16
				},
			"BarkOverride": null,
			"VoicePitch": 1.0
			},
		},
      "When": { "Cat Breeds": "SolidBrown" },
	},
    {
      "LogName": "SolidRed",
      "Action": "EditData",
      "Target": "Data/Pets",
	  "TargetField": [ "Cat", "Breeds" ],
      "Entries": {
      "Elle.CuterCats.SolidRed": {
		"Id": "Elle.CuterCats.SolidRed",
			"Texture": "Mods\\Elle.CuterCats\\SolidRed",
			"IconTexture": "Mods\\Elle.CuterCats\\icons",
			"IconSourceRect": {
				"X": 64,
				"Y": 0,
				"Width": 16,
				"Height": 16
				},
			"BarkOverride": null,
			"VoicePitch": 1.0
			},
		},
      "When": { "Cat Breeds": "SolidRed" },
	},
    {
      "LogName": "SolidMidnight",
      "Action": "EditData",
      "Target": "Data/Pets",
	  "TargetField": [ "Cat", "Breeds" ],
      "Entries": {
      "Elle.CuterCats.SolidMidnight": {
		"Id": "Elle.CuterCats.SolidMidnight",
			"Texture": "Mods\\Elle.CuterCats\\SolidMidnight",
			"IconTexture": "Mods\\Elle.CuterCats\\icons",
			"IconSourceRect": {
				"X": 80,
				"Y": 0,
				"Width": 16,
				"Height": 16
				},
			"BarkOverride": null,
			"VoicePitch": 1.0
			},
		},
      "When": { "Cat Breeds": "SolidMidnight" },
	},
    {
      "LogName": "SolidBlack",
      "Action": "EditData",
      "Target": "Data/Pets",
	  "TargetField": [ "Cat", "Breeds" ],
      "Entries": {
      "Elle.CuterCats.SolidBlack": {
		"Id": "Elle.CuterCats.SolidBlack",
			"Texture": "Mods\\Elle.CuterCats\\SolidBlack",
			"IconTexture": "Mods\\Elle.CuterCats\\icons",
			"IconSourceRect": {
				"X": 96,
				"Y": 0,
				"Width": 16,
				"Height": 16
				},
			"BarkOverride": null,
			"VoicePitch": 1.0
			},
		},
      "When": { "Cat Breeds": "SolidBlack" },
	},
    {
      "LogName": "SolidGrey",
      "Action": "EditData",
      "Target": "Data/Pets",
	  "TargetField": [ "Cat", "Breeds" ],
      "Entries": {
      "Elle.CuterCats.SolidGrey": {
		"Id": "Elle.CuterCats.SolidGrey",
			"Texture": "Mods\\Elle.CuterCats\\SolidGrey",
			"IconTexture": "Mods\\Elle.CuterCats\\icons",
			"IconSourceRect": {
				"X": 112,
				"Y": 0,
				"Width": 16,
				"Height": 16
				},
			"BarkOverride": null,
			"VoicePitch": 1.0
			},
		},
      "When": { "Cat Breeds": "SolidGrey" },
	},
    {
      "LogName": "SolidSilver",
      "Action": "EditData",
      "Target": "Data/Pets",
	  "TargetField": [ "Cat", "Breeds" ],
      "Entries": {
      "Elle.CuterCats.SolidSilver": {
		"Id": "Elle.CuterCats.SolidSilver",
			"Texture": "Mods\\Elle.CuterCats\\SolidSilver",
			"IconTexture": "Mods\\Elle.CuterCats\\icons",
			"IconSourceRect": {
				"X": 128,
				"Y": 0,
				"Width": 16,
				"Height": 16
				},
			"BarkOverride": null,
			"VoicePitch": 1.0
			},
		},
      "When": { "Cat Breeds": "SolidSilver" },
	},
    {
      "LogName": "SolidWhite",
      "Action": "EditData",
      "Target": "Data/Pets",
	  "TargetField": [ "Cat", "Breeds" ],
      "Entries": {
      "Elle.CuterCats.SolidWhite": {
		"Id": "Elle.CuterCats.SolidWhite",
			"Texture": "Mods\\Elle.CuterCats\\SolidWhite",
			"IconTexture": "Mods\\Elle.CuterCats\\icons",
			"IconSourceRect": {
				"X": 144,
				"Y": 0,
				"Width": 16,
				"Height": 16
				},
			"BarkOverride": null,
			"VoicePitch": 1.0
			},
		},
      "When": { "Cat Breeds": "SolidWhite" },
	},
    {
      "LogName": "SolidVoid",
      "Action": "EditData",
      "Target": "Data/Pets",
	  "TargetField": [ "Cat", "Breeds" ],
      "Entries": {
      "Elle.CuterCats.SolidVoid": {
		"Id": "Elle.CuterCats.SolidVoid",
			"Texture": "Mods\\Elle.CuterCats\\SolidVoid",
			"IconTexture": "Mods\\Elle.CuterCats\\icons",
			"IconSourceRect": {
				"X": 160,
				"Y": 0,
				"Width": 16,
				"Height": 16
				},
			"BarkOverride": null,
			"VoicePitch": 1.0
			},
		},
      "When": { "Cat Breeds": "SolidVoid" },
	},
    {
      "LogName": "SolidVanilla",
      "Action": "EditData",
      "Target": "Data/Pets",
	  "TargetField": [ "Cat", "Breeds" ],
      "Entries": {
      "Elle.CuterCats.SolidVanilla": {
		"Id": "Elle.CuterCats.SolidVanilla",
			"Texture": "Mods\\Elle.CuterCats\\SolidVanilla",
			"IconTexture": "Mods\\Elle.CuterCats\\icons",
			"IconSourceRect": {
				"X": 0,
				"Y": 16,
				"Width": 16,
				"Height": 16
				},
			"BarkOverride": null,
			"VoicePitch": 1.0
			},
		},
      "When": { "Cat Breeds": "SolidVanilla" },
	},
	
    //Socks
    {
      "LogName": "SocksBlonde",
      "Action": "EditData",
      "Target": "Data/Pets",
	  "TargetField": [ "Cat", "Breeds" ],
      "Entries": {
      "Elle.CuterCats.SocksBlonde": {
		"Id": "Elle.CuterCats.SocksBlonde",
			"Texture": "Mods\\Elle.CuterCats\\SocksBlonde",
			"IconTexture": "Mods\\Elle.CuterCats\\icons",
			"IconSourceRect": {
				"X": 16,
				"Y": 16,
				"Width": 16,
				"Height": 16
				},
			"BarkOverride": null,
			"VoicePitch": 1.0
			},
		},
      "When": { "Cat Breeds": "SocksBlonde" },
	},
    {
      "LogName": "SocksFawn",
      "Action": "EditData",
      "Target": "Data/Pets",
	  "TargetField": [ "Cat", "Breeds" ],
      "Entries": {
      "Elle.CuterCats.SocksFawn": {
		"Id": "Elle.CuterCats.SocksFawn",
			"Texture": "Mods\\Elle.CuterCats\\SocksFawn",
			"IconTexture": "Mods\\Elle.CuterCats\\icons",
			"IconSourceRect": {
				"X": 32,
				"Y": 16,
				"Width": 16,
				"Height": 16
				},
			"BarkOverride": null,
			"VoicePitch": 1.0
			},
		},
      "When": { "Cat Breeds": "SocksFawn" },
	},
    {
      "LogName": "SocksBrown",
      "Action": "EditData",
      "Target": "Data/Pets",
	  "TargetField": [ "Cat", "Breeds" ],
      "Entries": {
      "Elle.CuterCats.SocksBrown": {
		"Id": "Elle.CuterCats.SocksBrown",
			"Texture": "Mods\\Elle.CuterCats\\SocksBrown",
			"IconTexture": "Mods\\Elle.CuterCats\\icons",
			"IconSourceRect": {
				"X": 48,
				"Y": 16,
				"Width": 16,
				"Height": 16
				},
			"BarkOverride": null,
			"VoicePitch": 1.0
			},
		},
      "When": { "Cat Breeds": "SocksBrown" },
	},
    {
      "LogName": "SocksRed",
      "Action": "EditData",
      "Target": "Data/Pets",
	  "TargetField": [ "Cat", "Breeds" ],
      "Entries": {
      "Elle.CuterCats.SocksRed": {
		"Id": "Elle.CuterCats.SocksRed",
			"Texture": "Mods\\Elle.CuterCats\\SocksRed",
			"IconTexture": "Mods\\Elle.CuterCats\\icons",
			"IconSourceRect": {
				"X": 64,
				"Y": 16,
				"Width": 16,
				"Height": 16
				},
			"BarkOverride": null,
			"VoicePitch": 1.0
			},
		},
      "When": { "Cat Breeds": "SocksRed" },
	},
    {
      "LogName": "SocksMidnight",
      "Action": "EditData",
      "Target": "Data/Pets",
	  "TargetField": [ "Cat", "Breeds" ],
      "Entries": {
      "Elle.CuterCats.SocksMidnight": {
		"Id": "Elle.CuterCats.SocksMidnight",
			"Texture": "Mods\\Elle.CuterCats\\SocksMidnight",
			"IconTexture": "Mods\\Elle.CuterCats\\icons",
			"IconSourceRect": {
				"X": 80,
				"Y": 16,
				"Width": 16,
				"Height": 16
				},
			"BarkOverride": null,
			"VoicePitch": 1.0
			},
		},
      "When": { "Cat Breeds": "SocksMidnight" },
	},
    {
      "LogName": "SocksBlack",
      "Action": "EditData",
      "Target": "Data/Pets",
	  "TargetField": [ "Cat", "Breeds" ],
      "Entries": {
      "Elle.CuterCats.SocksBlack": {
		"Id": "Elle.CuterCats.SocksBlack",
			"Texture": "Mods\\Elle.CuterCats\\SocksBlack",
			"IconTexture": "Mods\\Elle.CuterCats\\icons",
			"IconSourceRect": {
				"X": 96,
				"Y": 16,
				"Width": 16,
				"Height": 16
				},
			"BarkOverride": null,
			"VoicePitch": 1.0
			},
		},
      "When": { "Cat Breeds": "SocksBlack" },
	},
    {
      "LogName": "SocksGrey",
      "Action": "EditData",
      "Target": "Data/Pets",
	  "TargetField": [ "Cat", "Breeds" ],
      "Entries": {
      "Elle.CuterCats.SocksGrey": {
		"Id": "Elle.CuterCats.SocksGrey",
			"Texture": "Mods\\Elle.CuterCats\\SocksGrey",
			"IconTexture": "Mods\\Elle.CuterCats\\icons",
			"IconSourceRect": {
				"X": 112,
				"Y": 16,
				"Width": 16,
				"Height": 16
				},
			"BarkOverride": null,
			"VoicePitch": 1.0
			},
		},
      "When": { "Cat Breeds": "SocksGrey" },
	},
    {
      "LogName": "SocksSilver",
      "Action": "EditData",
      "Target": "Data/Pets",
	  "TargetField": [ "Cat", "Breeds" ],
      "Entries": {
      "Elle.CuterCats.SocksSilver": {
		"Id": "Elle.CuterCats.SocksSilver",
			"Texture": "Mods\\Elle.CuterCats\\SocksSilver",
			"IconTexture": "Mods\\Elle.CuterCats\\icons",
			"IconSourceRect": {
				"X": 128,
				"Y": 16,
				"Width": 16,
				"Height": 16
				},
			"BarkOverride": null,
			"VoicePitch": 1.0
			},
		},
      "When": { "Cat Breeds": "SocksSilver" },
	},
    {
      "LogName": "SocksVoid",
      "Action": "EditData",
      "Target": "Data/Pets",
	  "TargetField": [ "Cat", "Breeds" ],
      "Entries": {
      "Elle.CuterCats.SocksVoid": {
		"Id": "Elle.CuterCats.SocksVoid",
			"Texture": "Mods\\Elle.CuterCats\\SocksVoid",
			"IconTexture": "Mods\\Elle.CuterCats\\icons",
			"IconSourceRect": {
				"X": 144,
				"Y": 16,
				"Width": 16,
				"Height": 16
				},
			"BarkOverride": null,
			"VoicePitch": 1.0
			},
		},
      "When": { "Cat Breeds": "SocksVoid" },
	},
	
    //Striped
    {
      "LogName": "StripedCream",
      "Action": "EditData",
      "Target": "Data/Pets",
	  "TargetField": [ "Cat", "Breeds" ],
      "Entries": {
      "Elle.CuterCats.StripedCream": {
		"Id": "Elle.CuterCats.StripedCream",
			"Texture": "Mods\\Elle.CuterCats\\StripedCream",
			"IconTexture": "Mods\\Elle.CuterCats\\icons",
			"IconSourceRect": {
				"X": 0,
				"Y": 32,
				"Width": 16,
				"Height": 16
				},
			"BarkOverride": null,
			"VoicePitch": 1.0
			},
		},
      "When": { "Cat Breeds": "StripedCream" },
	},
    {
      "LogName": "StripedBlonde",
      "Action": "EditData",
      "Target": "Data/Pets",
	  "TargetField": [ "Cat", "Breeds" ],
      "Entries": {
      "Elle.CuterCats.StripedBlonde": {
		"Id": "Elle.CuterCats.StripedBlonde",
			"Texture": "Mods\\Elle.CuterCats\\StripedBlonde",
			"IconTexture": "Mods\\Elle.CuterCats\\icons",
			"IconSourceRect": {
				"X": 16,
				"Y": 32,
				"Width": 16,
				"Height": 16
				},
			"BarkOverride": null,
			"VoicePitch": 1.0
			},
		},
      "When": { "Cat Breeds": "StripedBlonde" },
	},
    {
      "LogName": "StripedFawn",
      "Action": "EditData",
      "Target": "Data/Pets",
	  "TargetField": [ "Cat", "Breeds" ],
      "Entries": {
      "Elle.CuterCats.StripedFawn": {
		"Id": "Elle.CuterCats.StripedFawn",
			"Texture": "Mods\\Elle.CuterCats\\StripedFawn",
			"IconTexture": "Mods\\Elle.CuterCats\\icons",
			"IconSourceRect": {
				"X": 32,
				"Y": 32,
				"Width": 16,
				"Height": 16
				},
			"BarkOverride": null,
			"VoicePitch": 1.0
			},
		},
      "When": { "Cat Breeds": "StripedFawn" },
	},
    {
      "LogName": "StripedBrown",
      "Action": "EditData",
      "Target": "Data/Pets",
	  "TargetField": [ "Cat", "Breeds" ],
      "Entries": {
      "Elle.CuterCats.StripedBrown": {
		"Id": "Elle.CuterCats.StripedBrown",
			"Texture": "Mods\\Elle.CuterCats\\StripedBrown",
			"IconTexture": "Mods\\Elle.CuterCats\\icons",
			"IconSourceRect": {
				"X": 48,
				"Y": 32,
				"Width": 16,
				"Height": 16
				},
			"BarkOverride": null,
			"VoicePitch": 1.0
			},
		},
      "When": { "Cat Breeds": "StripedBrown" },
	},
    {
      "LogName": "StripedRed",
      "Action": "EditData",
      "Target": "Data/Pets",
	  "TargetField": [ "Cat", "Breeds" ],
      "Entries": {
      "Elle.CuterCats.StripedRed": {
		"Id": "Elle.CuterCats.StripedRed",
			"Texture": "Mods\\Elle.CuterCats\\StripedRed",
			"IconTexture": "Mods\\Elle.CuterCats\\icons",
			"IconSourceRect": {
				"X": 64,
				"Y": 32,
				"Width": 16,
				"Height": 16
				},
			"BarkOverride": null,
			"VoicePitch": 1.0
			},
		},
      "When": { "Cat Breeds": "StripedRed" },
	},
    {
      "LogName": "StripedMidnight",
      "Action": "EditData",
      "Target": "Data/Pets",
	  "TargetField": [ "Cat", "Breeds" ],
      "Entries": {
      "Elle.CuterCats.StripedMidnight": {
		"Id": "Elle.CuterCats.StripedMidnight",
			"Texture": "Mods\\Elle.CuterCats\\StripedMidnight",
			"IconTexture": "Mods\\Elle.CuterCats\\icons",
			"IconSourceRect": {
				"X": 80,
				"Y": 32,
				"Width": 16,
				"Height": 16
				},
			"BarkOverride": null,
			"VoicePitch": 1.0
			},
		},
      "When": { "Cat Breeds": "StripedMidnight" },
	},
    {
      "LogName": "StripedBlack",
      "Action": "EditData",
      "Target": "Data/Pets",
	  "TargetField": [ "Cat", "Breeds" ],
      "Entries": {
      "Elle.CuterCats.StripedBlack": {
		"Id": "Elle.CuterCats.StripedBlack",
			"Texture": "Mods\\Elle.CuterCats\\StripedBlack",
			"IconTexture": "Mods\\Elle.CuterCats\\icons",
			"IconSourceRect": {
				"X": 96,
				"Y": 32,
				"Width": 16,
				"Height": 16
				},
			"BarkOverride": null,
			"VoicePitch": 1.0
			},
		},
      "When": { "Cat Breeds": "StripedBlack" },
	},
    {
      "LogName": "StripedGrey",
      "Action": "EditData",
      "Target": "Data/Pets",
	  "TargetField": [ "Cat", "Breeds" ],
      "Entries": {
      "Elle.CuterCats.StripedGrey": {
		"Id": "Elle.CuterCats.StripedGrey",
			"Texture": "Mods\\Elle.CuterCats\\StripedGrey",
			"IconTexture": "Mods\\Elle.CuterCats\\icons",
			"IconSourceRect": {
				"X": 112,
				"Y": 32,
				"Width": 16,
				"Height": 16
				},
			"BarkOverride": null,
			"VoicePitch": 1.0
			},
		},
      "When": { "Cat Breeds": "StripedGrey" },
	},
    {
      "LogName": "StripedSilver",
      "Action": "EditData",
      "Target": "Data/Pets",
	  "TargetField": [ "Cat", "Breeds" ],
      "Entries": {
      "Elle.CuterCats.StripedSilver": {
		"Id": "Elle.CuterCats.StripedSilver",
			"Texture": "Mods\\Elle.CuterCats\\StripedSilver",
			"IconTexture": "Mods\\Elle.CuterCats\\icons",
			"IconSourceRect": {
				"X": 128,
				"Y": 32,
				"Width": 16,
				"Height": 16
				},
			"BarkOverride": null,
			"VoicePitch": 1.0
			},
		},
      "When": { "Cat Breeds": "StripedSilver" },
	},
    {
      "LogName": "StripedWhite",
      "Action": "EditData",
      "Target": "Data/Pets",
	  "TargetField": [ "Cat", "Breeds" ],
      "Entries": {
      "Elle.CuterCats.StripedWhite": {
		"Id": "Elle.CuterCats.StripedWhite",
			"Texture": "Mods\\Elle.CuterCats\\StripedWhite",
			"IconTexture": "Mods\\Elle.CuterCats\\icons",
			"IconSourceRect": {
				"X": 144,
				"Y": 32,
				"Width": 16,
				"Height": 16
				},
			"BarkOverride": null,
			"VoicePitch": 1.0
			},
		},
      "When": { "Cat Breeds": "StripedWhite" },
	},
    {
      "LogName": "StripedVoid",
      "Action": "EditData",
      "Target": "Data/Pets",
	  "TargetField": [ "Cat", "Breeds" ],
      "Entries": {
      "Elle.CuterCats.StripedVoid": {
		"Id": "Elle.CuterCats.StripedVoid",
			"Texture": "Mods\\Elle.CuterCats\\StripedVoid",
			"IconTexture": "Mods\\Elle.CuterCats\\icons",
			"IconSourceRect": {
				"X": 160,
				"Y": 32,
				"Width": 16,
				"Height": 16
				},
			"BarkOverride": null,
			"VoicePitch": 1.0
			},
		},
      "When": { "Cat Breeds": "StripedVoid" },
	},
    {
      "LogName": "StripedVanilla",
      "Action": "EditData",
      "Target": "Data/Pets",
	  "TargetField": [ "Cat", "Breeds" ],
      "Entries": {
      "Elle.CuterCats.StripedVanilla": {
		"Id": "Elle.CuterCats.StripedVanilla",
			"Texture": "Mods\\Elle.CuterCats\\StripedVanilla",
			"IconTexture": "Mods\\Elle.CuterCats\\icons",
			"IconSourceRect": {
				"X": 0,
				"Y": 48,
				"Width": 16,
				"Height": 16
				},
			"BarkOverride": null,
			"VoicePitch": 1.0
			},
		},
      "When": { "Cat Breeds": "StripedVanilla" },
	},
	
    //StripedSocks
    {
      "LogName": "StripedSocksBlonde",
      "Action": "EditData",
      "Target": "Data/Pets",
	  "TargetField": [ "Cat", "Breeds" ],
      "Entries": {
      "Elle.CuterCats.StripedSocksBlonde": {
		"Id": "Elle.CuterCats.StripedSocksBlonde",
			"Texture": "Mods\\Elle.CuterCats\\StripedSocksBlonde",
			"IconTexture": "Mods\\Elle.CuterCats\\icons",
			"IconSourceRect": {
				"X": 16,
				"Y": 48,
				"Width": 16,
				"Height": 16
				},
			"BarkOverride": null,
			"VoicePitch": 1.0
			},
		},
      "When": { "Cat Breeds": "StripedSocksBlonde" },
	},
    {
      "LogName": "StripedSocksFawn",
      "Action": "EditData",
      "Target": "Data/Pets",
	  "TargetField": [ "Cat", "Breeds" ],
      "Entries": {
      "Elle.CuterCats.StripedSocksFawn": {
		"Id": "Elle.CuterCats.StripedSocksFawn",
			"Texture": "Mods\\Elle.CuterCats\\StripedSocksFawn",
			"IconTexture": "Mods\\Elle.CuterCats\\icons",
			"IconSourceRect": {
				"X": 32,
				"Y": 48,
				"Width": 16,
				"Height": 16
				},
			"BarkOverride": null,
			"VoicePitch": 1.0
			},
		},
      "When": { "Cat Breeds": "StripedSocksFawn" },
	},
    {
      "LogName": "StripedSocksBrown",
      "Action": "EditData",
      "Target": "Data/Pets",
	  "TargetField": [ "Cat", "Breeds" ],
      "Entries": {
      "Elle.CuterCats.StripedSocksBrown": {
		"Id": "Elle.CuterCats.StripedSocksBrown",
			"Texture": "Mods\\Elle.CuterCats\\StripedSocksBrown",
			"IconTexture": "Mods\\Elle.CuterCats\\icons",
			"IconSourceRect": {
				"X": 48,
				"Y": 48,
				"Width": 16,
				"Height": 16
				},
			"BarkOverride": null,
			"VoicePitch": 1.0
			},
		},
      "When": { "Cat Breeds": "StripedSocksBrown" },
	},
    {
      "LogName": "StripedSocksRed",
      "Action": "EditData",
      "Target": "Data/Pets",
	  "TargetField": [ "Cat", "Breeds" ],
      "Entries": {
      "Elle.CuterCats.StripedSocksRed": {
		"Id": "Elle.CuterCats.StripedSocksRed",
			"Texture": "Mods\\Elle.CuterCats\\StripedSocksRed",
			"IconTexture": "Mods\\Elle.CuterCats\\icons",
			"IconSourceRect": {
				"X": 64,
				"Y": 48,
				"Width": 16,
				"Height": 16
				},
			"BarkOverride": null,
			"VoicePitch": 1.0
			},
		},
      "When": { "Cat Breeds": "StripedSocksRed" },
	},
    {
      "LogName": "StripedSocksMidnight",
      "Action": "EditData",
      "Target": "Data/Pets",
	  "TargetField": [ "Cat", "Breeds" ],
      "Entries": {
      "Elle.CuterCats.StripedSocksMidnight": {
		"Id": "Elle.CuterCats.StripedSocksMidnight",
			"Texture": "Mods\\Elle.CuterCats\\StripedSocksMidnight",
			"IconTexture": "Mods\\Elle.CuterCats\\icons",
			"IconSourceRect": {
				"X": 80,
				"Y": 48,
				"Width": 16,
				"Height": 16
				},
			"BarkOverride": null,
			"VoicePitch": 1.0
			},
		},
      "When": { "Cat Breeds": "StripedSocksMidnight" },
	},
    {
      "LogName": "StripedSocksBlack",
      "Action": "EditData",
      "Target": "Data/Pets",
	  "TargetField": [ "Cat", "Breeds" ],
      "Entries": {
      "Elle.CuterCats.StripedSocksBlack": {
		"Id": "Elle.CuterCats.StripedSocksBlack",
			"Texture": "Mods\\Elle.CuterCats\\StripedSocksBlack",
			"IconTexture": "Mods\\Elle.CuterCats\\icons",
			"IconSourceRect": {
				"X": 96,
				"Y": 48,
				"Width": 16,
				"Height": 16
				},
			"BarkOverride": null,
			"VoicePitch": 1.0
			},
		},
      "When": { "Cat Breeds": "StripedSocksBlack" },
	},
    {
      "LogName": "StripedSocksGrey",
      "Action": "EditData",
      "Target": "Data/Pets",
	  "TargetField": [ "Cat", "Breeds" ],
      "Entries": {
      "Elle.CuterCats.StripedSocksGrey": {
		"Id": "Elle.CuterCats.StripedSocksGrey",
			"Texture": "Mods\\Elle.CuterCats\\StripedSocksGrey",
			"IconTexture": "Mods\\Elle.CuterCats\\icons",
			"IconSourceRect": {
				"X": 112,
				"Y": 48,
				"Width": 16,
				"Height": 16
				},
			"BarkOverride": null,
			"VoicePitch": 1.0
			},
		},
      "When": { "Cat Breeds": "StripedSocksGrey" },
	},
    {
      "LogName": "StripedSocksSilver",
      "Action": "EditData",
      "Target": "Data/Pets",
	  "TargetField": [ "Cat", "Breeds" ],
      "Entries": {
      "Elle.CuterCats.StripedSocksSilver": {
		"Id": "Elle.CuterCats.StripedSocksSilver",
			"Texture": "Mods\\Elle.CuterCats\\StripedSocksSilver",
			"IconTexture": "Mods\\Elle.CuterCats\\icons",
			"IconSourceRect": {
				"X": 128,
				"Y": 48,
				"Width": 16,
				"Height": 16
				},
			"BarkOverride": null,
			"VoicePitch": 1.0
			},
		},
      "When": { "Cat Breeds": "StripedSocksSilver" },
	},
    {
      "LogName": "StripedSocksVoid",
      "Action": "EditData",
      "Target": "Data/Pets",
	  "TargetField": [ "Cat", "Breeds" ],
      "Entries": {
      "Elle.CuterCats.StripedSocksVoid": {
		"Id": "Elle.CuterCats.StripedSocksVoid",
			"Texture": "Mods\\Elle.CuterCats\\StripedSocksVoid",
			"IconTexture": "Mods\\Elle.CuterCats\\icons",
			"IconSourceRect": {
				"X": 144,
				"Y": 48,
				"Width": 16,
				"Height": 16
				},
			"BarkOverride": null,
			"VoicePitch": 1.0
			},
		},
      "When": { "Cat Breeds": "StripedSocksVoid" },
	},
    {
      "LogName": "StripedSocksVanilla",
      "Action": "EditData",
      "Target": "Data/Pets",
	  "TargetField": [ "Cat", "Breeds" ],
      "Entries": {
      "Elle.CuterCats.StripedSocksVanilla": {
		"Id": "Elle.CuterCats.StripedSocksVanilla",
			"Texture": "Mods\\Elle.CuterCats\\StripedSocksVanilla",
			"IconTexture": "Mods\\Elle.CuterCats\\icons",
			"IconSourceRect": {
				"X": 160,
				"Y": 48,
				"Width": 16,
				"Height": 16
				},
			"BarkOverride": null,
			"VoicePitch": 1.0
			},
		},
      "When": { "Cat Breeds": "StripedSocksVanilla" },
	},
	
    //Tuxedo
    {
      "LogName": "TuxedoBlonde",
      "Action": "EditData",
      "Target": "Data/Pets",
	  "TargetField": [ "Cat", "Breeds" ],
      "Entries": {
      "Elle.CuterCats.TuxedoBlonde": {
		"Id": "Elle.CuterCats.TuxedoBlonde",
			"Texture": "Mods\\Elle.CuterCats\\TuxedoBlonde",
			"IconTexture": "Mods\\Elle.CuterCats\\icons",
			"IconSourceRect": {
				"X": 16,
				"Y": 64,
				"Width": 16,
				"Height": 16
				},
			"BarkOverride": null,
			"VoicePitch": 1.0
			},
		},
      "When": { "Cat Breeds": "TuxedoBlonde" },
	},
    {
      "LogName": "TuxedoFawn",
      "Action": "EditData",
      "Target": "Data/Pets",
	  "TargetField": [ "Cat", "Breeds" ],
      "Entries": {
      "Elle.CuterCats.TuxedoFawn": {
		"Id": "Elle.CuterCats.TuxedoFawn",
			"Texture": "Mods\\Elle.CuterCats\\TuxedoFawn",
			"IconTexture": "Mods\\Elle.CuterCats\\icons",
			"IconSourceRect": {
				"X": 32,
				"Y": 64,
				"Width": 16,
				"Height": 16
				},
			"BarkOverride": null,
			"VoicePitch": 1.0
			},
		},
      "When": { "Cat Breeds": "TuxedoFawn" },
	},
    {
      "LogName": "TuxedoBrown",
      "Action": "EditData",
      "Target": "Data/Pets",
	  "TargetField": [ "Cat", "Breeds" ],
      "Entries": {
      "Elle.CuterCats.TuxedoBrown": {
		"Id": "Elle.CuterCats.TuxedoBrown",
			"Texture": "Mods\\Elle.CuterCats\\TuxedoBrown",
			"IconTexture": "Mods\\Elle.CuterCats\\icons",
			"IconSourceRect": {
				"X": 48,
				"Y": 64,
				"Width": 16,
				"Height": 16
				},
			"BarkOverride": null,
			"VoicePitch": 1.0
			},
		},
      "When": { "Cat Breeds": "TuxedoBrown" },
	},
    {
      "LogName": "TuxedoRed",
      "Action": "EditData",
      "Target": "Data/Pets",
	  "TargetField": [ "Cat", "Breeds" ],
      "Entries": {
      "Elle.CuterCats.TuxedoRed": {
		"Id": "Elle.CuterCats.TuxedoRed",
			"Texture": "Mods\\Elle.CuterCats\\TuxedoRed",
			"IconTexture": "Mods\\Elle.CuterCats\\icons",
			"IconSourceRect": {
				"X": 64,
				"Y": 64,
				"Width": 16,
				"Height": 16
				},
			"BarkOverride": null,
			"VoicePitch": 1.0
			},
		},
      "When": { "Cat Breeds": "TuxedoRed" },
	},
    {
      "LogName": "TuxedoMidnight",
      "Action": "EditData",
      "Target": "Data/Pets",
	  "TargetField": [ "Cat", "Breeds" ],
      "Entries": {
      "Elle.CuterCats.TuxedoMidnight": {
		"Id": "Elle.CuterCats.TuxedoMidnight",
			"Texture": "Mods\\Elle.CuterCats\\TuxedoMidnight",
			"IconTexture": "Mods\\Elle.CuterCats\\icons",
			"IconSourceRect": {
				"X": 80,
				"Y": 64,
				"Width": 16,
				"Height": 16
				},
			"BarkOverride": null,
			"VoicePitch": 1.0
			},
		},
      "When": { "Cat Breeds": "TuxedoMidnight" },
	},
    {
      "LogName": "TuxedoBlack",
      "Action": "EditData",
      "Target": "Data/Pets",
	  "TargetField": [ "Cat", "Breeds" ],
      "Entries": {
      "Elle.CuterCats.TuxedoBlack": {
		"Id": "Elle.CuterCats.TuxedoBlack",
			"Texture": "Mods\\Elle.CuterCats\\TuxedoBlack",
			"IconTexture": "Mods\\Elle.CuterCats\\icons",
			"IconSourceRect": {
				"X": 96,
				"Y": 64,
				"Width": 16,
				"Height": 16
				},
			"BarkOverride": null,
			"VoicePitch": 1.0
			},
		},
      "When": { "Cat Breeds": "TuxedoBlack" },
	},
    {
      "LogName": "TuxedoGrey",
      "Action": "EditData",
      "Target": "Data/Pets",
	  "TargetField": [ "Cat", "Breeds" ],
      "Entries": {
      "Elle.CuterCats.TuxedoGrey": {
		"Id": "Elle.CuterCats.TuxedoGrey",
			"Texture": "Mods\\Elle.CuterCats\\TuxedoGrey",
			"IconTexture": "Mods\\Elle.CuterCats\\icons",
			"IconSourceRect": {
				"X": 112,
				"Y": 64,
				"Width": 16,
				"Height": 16
				},
			"BarkOverride": null,
			"VoicePitch": 1.0
			},
		},
      "When": { "Cat Breeds": "TuxedoGrey" },
	},
    {
      "LogName": "TuxedoSilver",
      "Action": "EditData",
      "Target": "Data/Pets",
	  "TargetField": [ "Cat", "Breeds" ],
      "Entries": {
      "Elle.CuterCats.TuxedoSilver": {
		"Id": "Elle.CuterCats.TuxedoSilver",
			"Texture": "Mods\\Elle.CuterCats\\TuxedoSilver",
			"IconTexture": "Mods\\Elle.CuterCats\\icons",
			"IconSourceRect": {
				"X": 128,
				"Y": 64,
				"Width": 16,
				"Height": 16
				},
			"BarkOverride": null,
			"VoicePitch": 1.0
			},
		},
      "When": { "Cat Breeds": "TuxedoSilver" },
	},
    {
      "LogName": "TuxedoVoid",
      "Action": "EditData",
      "Target": "Data/Pets",
	  "TargetField": [ "Cat", "Breeds" ],
      "Entries": {
      "Elle.CuterCats.TuxedoVoid": {
		"Id": "Elle.CuterCats.TuxedoVoid",
			"Texture": "Mods\\Elle.CuterCats\\TuxedoVoid",
			"IconTexture": "Mods\\Elle.CuterCats\\icons",
			"IconSourceRect": {
				"X": 144,
				"Y": 64,
				"Width": 16,
				"Height": 16
				},
			"BarkOverride": null,
			"VoicePitch": 1.0
			},
		},
      "When": { "Cat Breeds": "TuxedoVoid" },
	},
	
    //Bicolor
    {
      "LogName": "BicolorBlonde",
      "Action": "EditData",
      "Target": "Data/Pets",
	  "TargetField": [ "Cat", "Breeds" ],
      "Entries": {
      "Elle.CuterCats.BicolorBlonde": {
		"Id": "Elle.CuterCats.BicolorBlonde",
			"Texture": "Mods\\Elle.CuterCats\\BicolorBlonde",
			"IconTexture": "Mods\\Elle.CuterCats\\icons",
			"IconSourceRect": {
				"X": 16,
				"Y": 80,
				"Width": 16,
				"Height": 16
				},
			"BarkOverride": null,
			"VoicePitch": 1.0
			},
		},
      "When": { "Cat Breeds": "BicolorBlonde" },
	},
    {
      "LogName": "BicolorFawn",
      "Action": "EditData",
      "Target": "Data/Pets",
	  "TargetField": [ "Cat", "Breeds" ],
      "Entries": {
      "Elle.CuterCats.BicolorFawn": {
		"Id": "Elle.CuterCats.BicolorFawn",
			"Texture": "Mods\\Elle.CuterCats\\BicolorFawn",
			"IconTexture": "Mods\\Elle.CuterCats\\icons",
			"IconSourceRect": {
				"X": 32,
				"Y": 80,
				"Width": 16,
				"Height": 16
				},
			"BarkOverride": null,
			"VoicePitch": 1.0
			},
		},
      "When": { "Cat Breeds": "BicolorFawn" },
	},
    {
      "LogName": "BicolorBrown",
      "Action": "EditData",
      "Target": "Data/Pets",
	  "TargetField": [ "Cat", "Breeds" ],
      "Entries": {
      "Elle.CuterCats.BicolorBrown": {
		"Id": "Elle.CuterCats.BicolorBrown",
			"Texture": "Mods\\Elle.CuterCats\\BicolorBrown",
			"IconTexture": "Mods\\Elle.CuterCats\\icons",
			"IconSourceRect": {
				"X": 48,
				"Y": 80,
				"Width": 16,
				"Height": 16
				},
			"BarkOverride": null,
			"VoicePitch": 1.0
			},
		},
      "When": { "Cat Breeds": "BicolorBrown" },
	},
    {
      "LogName": "BicolorRed",
      "Action": "EditData",
      "Target": "Data/Pets",
	  "TargetField": [ "Cat", "Breeds" ],
      "Entries": {
      "Elle.CuterCats.BicolorRed": {
		"Id": "Elle.CuterCats.BicolorRed",
			"Texture": "Mods\\Elle.CuterCats\\BicolorRed",
			"IconTexture": "Mods\\Elle.CuterCats\\icons",
			"IconSourceRect": {
				"X": 64,
				"Y": 80,
				"Width": 16,
				"Height": 16
				},
			"BarkOverride": null,
			"VoicePitch": 1.0
			},
		},
      "When": { "Cat Breeds": "BicolorRed" },
	},
    {
      "LogName": "BicolorMidnight",
      "Action": "EditData",
      "Target": "Data/Pets",
	  "TargetField": [ "Cat", "Breeds" ],
      "Entries": {
      "Elle.CuterCats.BicolorMidnight": {
		"Id": "Elle.CuterCats.BicolorMidnight",
			"Texture": "Mods\\Elle.CuterCats\\BicolorMidnight",
			"IconTexture": "Mods\\Elle.CuterCats\\icons",
			"IconSourceRect": {
				"X": 80,
				"Y": 80,
				"Width": 16,
				"Height": 16
				},
			"BarkOverride": null,
			"VoicePitch": 1.0
			},
		},
      "When": { "Cat Breeds": "BicolorMidnight" },
	},
    {
      "LogName": "BicolorBlack",
      "Action": "EditData",
      "Target": "Data/Pets",
	  "TargetField": [ "Cat", "Breeds" ],
      "Entries": {
      "Elle.CuterCats.BicolorBlack": {
		"Id": "Elle.CuterCats.BicolorBlack",
			"Texture": "Mods\\Elle.CuterCats\\BicolorBlack",
			"IconTexture": "Mods\\Elle.CuterCats\\icons",
			"IconSourceRect": {
				"X": 96,
				"Y": 80,
				"Width": 16,
				"Height": 16
				},
			"BarkOverride": null,
			"VoicePitch": 1.0
			},
		},
      "When": { "Cat Breeds": "BicolorBlack" },
	},
    {
      "LogName": "BicolorGrey",
      "Action": "EditData",
      "Target": "Data/Pets",
	  "TargetField": [ "Cat", "Breeds" ],
      "Entries": {
      "Elle.CuterCats.BicolorGrey": {
		"Id": "Elle.CuterCats.BicolorGrey",
			"Texture": "Mods\\Elle.CuterCats\\BicolorGrey",
			"IconTexture": "Mods\\Elle.CuterCats\\icons",
			"IconSourceRect": {
				"X": 112,
				"Y": 80,
				"Width": 16,
				"Height": 16
				},
			"BarkOverride": null,
			"VoicePitch": 1.0
			},
		},
      "When": { "Cat Breeds": "BicolorGrey" },
	},
    {
      "LogName": "BicolorSilver",
      "Action": "EditData",
      "Target": "Data/Pets",
	  "TargetField": [ "Cat", "Breeds" ],
      "Entries": {
      "Elle.CuterCats.BicolorSilver": {
		"Id": "Elle.CuterCats.BicolorSilver",
			"Texture": "Mods\\Elle.CuterCats\\BicolorSilver",
			"IconTexture": "Mods\\Elle.CuterCats\\icons",
			"IconSourceRect": {
				"X": 128,
				"Y": 80,
				"Width": 16,
				"Height": 16
				},
			"BarkOverride": null,
			"VoicePitch": 1.0
			},
		},
      "When": { "Cat Breeds": "BicolorSilver" },
	},
    {
      "LogName": "BicolorVoid",
      "Action": "EditData",
      "Target": "Data/Pets",
	  "TargetField": [ "Cat", "Breeds" ],
      "Entries": {
      "Elle.CuterCats.BicolorVoid": {
		"Id": "Elle.CuterCats.BicolorVoid",
			"Texture": "Mods\\Elle.CuterCats\\BicolorVoid",
			"IconTexture": "Mods\\Elle.CuterCats\\icons",
			"IconSourceRect": {
				"X": 144,
				"Y": 80,
				"Width": 16,
				"Height": 16
				},
			"BarkOverride": null,
			"VoicePitch": 1.0
			},
		},
      "When": { "Cat Breeds": "BicolorVoid" },
	},
	
    //Spotted
    {
      "LogName": "SpottedBlonde",
      "Action": "EditData",
      "Target": "Data/Pets",
	  "TargetField": [ "Cat", "Breeds" ],
      "Entries": {
      "Elle.CuterCats.SpottedBlonde": {
		"Id": "Elle.CuterCats.SpottedBlonde",
			"Texture": "Mods\\Elle.CuterCats\\SpottedBlonde",
			"IconTexture": "Mods\\Elle.CuterCats\\icons",
			"IconSourceRect": {
				"X": 16,
				"Y": 96,
				"Width": 16,
				"Height": 16
				},
			"BarkOverride": null,
			"VoicePitch": 1.0
			},
		},
      "When": { "Cat Breeds": "SpottedBlonde" },
	},
    {
      "LogName": "SpottedFawn",
      "Action": "EditData",
      "Target": "Data/Pets",
	  "TargetField": [ "Cat", "Breeds" ],
      "Entries": {
      "Elle.CuterCats.SpottedFawn": {
		"Id": "Elle.CuterCats.SpottedFawn",
			"Texture": "Mods\\Elle.CuterCats\\SpottedFawn",
			"IconTexture": "Mods\\Elle.CuterCats\\icons",
			"IconSourceRect": {
				"X": 32,
				"Y": 96,
				"Width": 16,
				"Height": 16
				},
			"BarkOverride": null,
			"VoicePitch": 1.0
			},
		},
      "When": { "Cat Breeds": "SpottedFawn" },
	},
    {
      "LogName": "SpottedBrown",
      "Action": "EditData",
      "Target": "Data/Pets",
	  "TargetField": [ "Cat", "Breeds" ],
      "Entries": {
      "Elle.CuterCats.SpottedBrown": {
		"Id": "Elle.CuterCats.SpottedBrown",
			"Texture": "Mods\\Elle.CuterCats\\SpottedBrown",
			"IconTexture": "Mods\\Elle.CuterCats\\icons",
			"IconSourceRect": {
				"X": 48,
				"Y": 96,
				"Width": 16,
				"Height": 16
				},
			"BarkOverride": null,
			"VoicePitch": 1.0
			},
		},
      "When": { "Cat Breeds": "SpottedBrown" },
	},
    {
      "LogName": "SpottedRed",
      "Action": "EditData",
      "Target": "Data/Pets",
	  "TargetField": [ "Cat", "Breeds" ],
      "Entries": {
      "Elle.CuterCats.SpottedRed": {
		"Id": "Elle.CuterCats.SpottedRed",
			"Texture": "Mods\\Elle.CuterCats\\SpottedRed",
			"IconTexture": "Mods\\Elle.CuterCats\\icons",
			"IconSourceRect": {
				"X": 64,
				"Y": 96,
				"Width": 16,
				"Height": 16
				},
			"BarkOverride": null,
			"VoicePitch": 1.0
			},
		},
      "When": { "Cat Breeds": "SpottedRed" },
	},
    {
      "LogName": "SpottedMidnight",
      "Action": "EditData",
      "Target": "Data/Pets",
	  "TargetField": [ "Cat", "Breeds" ],
      "Entries": {
      "Elle.CuterCats.SpottedMidnight": {
		"Id": "Elle.CuterCats.SpottedMidnight",
			"Texture": "Mods\\Elle.CuterCats\\SpottedMidnight",
			"IconTexture": "Mods\\Elle.CuterCats\\icons",
			"IconSourceRect": {
				"X": 80,
				"Y": 96,
				"Width": 16,
				"Height": 16
				},
			"BarkOverride": null,
			"VoicePitch": 1.0
			},
		},
      "When": { "Cat Breeds": "SpottedMidnight" },
	},
    {
      "LogName": "SpottedBlack",
      "Action": "EditData",
      "Target": "Data/Pets",
	  "TargetField": [ "Cat", "Breeds" ],
      "Entries": {
      "Elle.CuterCats.SpottedBlack": {
		"Id": "Elle.CuterCats.SpottedBlack",
			"Texture": "Mods\\Elle.CuterCats\\SpottedBlack",
			"IconTexture": "Mods\\Elle.CuterCats\\icons",
			"IconSourceRect": {
				"X": 96,
				"Y": 96,
				"Width": 16,
				"Height": 16
				},
			"BarkOverride": null,
			"VoicePitch": 1.0
			},
		},
      "When": { "Cat Breeds": "SpottedBlack" },
	},
    {
      "LogName": "SpottedGrey",
      "Action": "EditData",
      "Target": "Data/Pets",
	  "TargetField": [ "Cat", "Breeds" ],
      "Entries": {
      "Elle.CuterCats.SpottedGrey": {
		"Id": "Elle.CuterCats.SpottedGrey",
			"Texture": "Mods\\Elle.CuterCats\\SpottedGrey",
			"IconTexture": "Mods\\Elle.CuterCats\\icons",
			"IconSourceRect": {
				"X": 112,
				"Y": 96,
				"Width": 16,
				"Height": 16
				},
			"BarkOverride": null,
			"VoicePitch": 1.0
			},
		},
      "When": { "Cat Breeds": "SpottedGrey" },
	},
    {
      "LogName": "SpottedSilver",
      "Action": "EditData",
      "Target": "Data/Pets",
	  "TargetField": [ "Cat", "Breeds" ],
      "Entries": {
      "Elle.CuterCats.SpottedSilver": {
		"Id": "Elle.CuterCats.SpottedSilver",
			"Texture": "Mods\\Elle.CuterCats\\SpottedSilver",
			"IconTexture": "Mods\\Elle.CuterCats\\icons",
			"IconSourceRect": {
				"X": 128,
				"Y": 96,
				"Width": 16,
				"Height": 16
				},
			"BarkOverride": null,
			"VoicePitch": 1.0
			},
		},
      "When": { "Cat Breeds": "SpottedSilver" },
	},
    {
      "LogName": "SpottedVoid",
      "Action": "EditData",
      "Target": "Data/Pets",
	  "TargetField": [ "Cat", "Breeds" ],
      "Entries": {
      "Elle.CuterCats.SpottedVoid": {
		"Id": "Elle.CuterCats.SpottedVoid",
			"Texture": "Mods\\Elle.CuterCats\\SpottedVoid",
			"IconTexture": "Mods\\Elle.CuterCats\\icons",
			"IconSourceRect": {
				"X": 144,
				"Y": 96,
				"Width": 16,
				"Height": 16
				},
			"BarkOverride": null,
			"VoicePitch": 1.0
			},
		},
      "When": { "Cat Breeds": "SpottedVoid" },
	},
	
    //Pointed
    {
      "LogName": "PointedBlonde",
      "Action": "EditData",
      "Target": "Data/Pets",
	  "TargetField": [ "Cat", "Breeds" ],
      "Entries": {
      "Elle.CuterCats.PointedBlonde": {
		"Id": "Elle.CuterCats.PointedBlonde",
			"Texture": "Mods\\Elle.CuterCats\\PointedBlonde",
			"IconTexture": "Mods\\Elle.CuterCats\\icons",
			"IconSourceRect": {
				"X": 16,
				"Y": 112,
				"Width": 16,
				"Height": 16
				},
			"BarkOverride": null,
			"VoicePitch": 1.0
			},
		},
      "When": { "Cat Breeds": "PointedBlonde" },
	},
    {
      "LogName": "PointedFawn",
      "Action": "EditData",
      "Target": "Data/Pets",
	  "TargetField": [ "Cat", "Breeds" ],
      "Entries": {
      "Elle.CuterCats.PointedFawn": {
		"Id": "Elle.CuterCats.PointedFawn",
			"Texture": "Mods\\Elle.CuterCats\\PointedFawn",
			"IconTexture": "Mods\\Elle.CuterCats\\icons",
			"IconSourceRect": {
				"X": 32,
				"Y": 112,
				"Width": 16,
				"Height": 16
				},
			"BarkOverride": null,
			"VoicePitch": 1.0
			},
		},
      "When": { "Cat Breeds": "PointedFawn" },
	},
    {
      "LogName": "PointedBrown",
      "Action": "EditData",
      "Target": "Data/Pets",
	  "TargetField": [ "Cat", "Breeds" ],
      "Entries": {
      "Elle.CuterCats.PointedBrown": {
		"Id": "Elle.CuterCats.PointedBrown",
			"Texture": "Mods\\Elle.CuterCats\\PointedBrown",
			"IconTexture": "Mods\\Elle.CuterCats\\icons",
			"IconSourceRect": {
				"X": 48,
				"Y": 112,
				"Width": 16,
				"Height": 16
				},
			"BarkOverride": null,
			"VoicePitch": 1.0
			},
		},
      "When": { "Cat Breeds": "PointedBrown" },
	},
    {
      "LogName": "PointedRed",
      "Action": "EditData",
      "Target": "Data/Pets",
	  "TargetField": [ "Cat", "Breeds" ],
      "Entries": {
      "Elle.CuterCats.PointedRed": {
		"Id": "Elle.CuterCats.PointedRed",
			"Texture": "Mods\\Elle.CuterCats\\PointedRed",
			"IconTexture": "Mods\\Elle.CuterCats\\icons",
			"IconSourceRect": {
				"X": 64,
				"Y": 112,
				"Width": 16,
				"Height": 16
				},
			"BarkOverride": null,
			"VoicePitch": 1.0
			},
		},
      "When": { "Cat Breeds": "PointedRed" },
	},
    {
      "LogName": "PointedMidnight",
      "Action": "EditData",
      "Target": "Data/Pets",
	  "TargetField": [ "Cat", "Breeds" ],
      "Entries": {
      "Elle.CuterCats.PointedMidnight": {
		"Id": "Elle.CuterCats.PointedMidnight",
			"Texture": "Mods\\Elle.CuterCats\\PointedMidnight",
			"IconTexture": "Mods\\Elle.CuterCats\\icons",
			"IconSourceRect": {
				"X": 80,
				"Y": 112,
				"Width": 16,
				"Height": 16
				},
			"BarkOverride": null,
			"VoicePitch": 1.0
			},
		},
      "When": { "Cat Breeds": "PointedMidnight" },
	},
    {
      "LogName": "PointedBlack",
      "Action": "EditData",
      "Target": "Data/Pets",
	  "TargetField": [ "Cat", "Breeds" ],
      "Entries": {
      "Elle.CuterCats.PointedBlack": {
		"Id": "Elle.CuterCats.PointedBlack",
			"Texture": "Mods\\Elle.CuterCats\\PointedBlack",
			"IconTexture": "Mods\\Elle.CuterCats\\icons",
			"IconSourceRect": {
				"X": 96,
				"Y": 112,
				"Width": 16,
				"Height": 16
				},
			"BarkOverride": null,
			"VoicePitch": 1.0
			},
		},
      "When": { "Cat Breeds": "PointedBlack" },
	},
    {
      "LogName": "PointedGrey",
      "Action": "EditData",
      "Target": "Data/Pets",
	  "TargetField": [ "Cat", "Breeds" ],
      "Entries": {
      "Elle.CuterCats.PointedGrey": {
		"Id": "Elle.CuterCats.PointedGrey",
			"Texture": "Mods\\Elle.CuterCats\\PointedGrey",
			"IconTexture": "Mods\\Elle.CuterCats\\icons",
			"IconSourceRect": {
				"X": 112,
				"Y": 112,
				"Width": 16,
				"Height": 16
				},
			"BarkOverride": null,
			"VoicePitch": 1.0
			},
		},
      "When": { "Cat Breeds": "PointedGrey" },
	},
    {
      "LogName": "PointedSilver",
      "Action": "EditData",
      "Target": "Data/Pets",
	  "TargetField": [ "Cat", "Breeds" ],
      "Entries": {
      "Elle.CuterCats.PointedSilver": {
		"Id": "Elle.CuterCats.PointedSilver",
			"Texture": "Mods\\Elle.CuterCats\\PointedSilver",
			"IconTexture": "Mods\\Elle.CuterCats\\icons",
			"IconSourceRect": {
				"X": 128,
				"Y": 112,
				"Width": 16,
				"Height": 16
				},
			"BarkOverride": null,
			"VoicePitch": 1.0
			},
		},
      "When": { "Cat Breeds": "PointedSilver" },
	},
    {
      "LogName": "PointedVoid",
      "Action": "EditData",
      "Target": "Data/Pets",
	  "TargetField": [ "Cat", "Breeds" ],
      "Entries": {
      "Elle.CuterCats.PointedVoid": {
		"Id": "Elle.CuterCats.PointedVoid",
			"Texture": "Mods\\Elle.CuterCats\\PointedVoid",
			"IconTexture": "Mods\\Elle.CuterCats\\icons",
			"IconSourceRect": {
				"X": 144,
				"Y": 112,
				"Width": 16,
				"Height": 16
				},
			"BarkOverride": null,
			"VoicePitch": 1.0
			},
		},
      "When": { "Cat Breeds": "PointedVoid" },
	},
	
    //Turkish
    {
      "LogName": "TurkishBlonde",
      "Action": "EditData",
      "Target": "Data/Pets",
	  "TargetField": [ "Cat", "Breeds" ],
      "Entries": {
      "Elle.CuterCats.TurkishBlonde": {
		"Id": "Elle.CuterCats.TurkishBlonde",
			"Texture": "Mods\\Elle.CuterCats\\TurkishBlonde",
			"IconTexture": "Mods\\Elle.CuterCats\\icons",
			"IconSourceRect": {
				"X": 16,
				"Y": 128,
				"Width": 16,
				"Height": 16
				},
			"BarkOverride": null,
			"VoicePitch": 1.0
			},
		},
      "When": { "Cat Breeds": "TurkishBlonde" },
	},
    {
      "LogName": "TurkishFawn",
      "Action": "EditData",
      "Target": "Data/Pets",
	  "TargetField": [ "Cat", "Breeds" ],
      "Entries": {
      "Elle.CuterCats.TurkishFawn": {
		"Id": "Elle.CuterCats.TurkishFawn",
			"Texture": "Mods\\Elle.CuterCats\\TurkishFawn",
			"IconTexture": "Mods\\Elle.CuterCats\\icons",
			"IconSourceRect": {
				"X": 32,
				"Y": 128,
				"Width": 16,
				"Height": 16
				},
			"BarkOverride": null,
			"VoicePitch": 1.0
			},
		},
      "When": { "Cat Breeds": "TurkishFawn" },
	},
    {
      "LogName": "TurkishBrown",
      "Action": "EditData",
      "Target": "Data/Pets",
	  "TargetField": [ "Cat", "Breeds" ],
      "Entries": {
      "Elle.CuterCats.TurkishBrown": {
		"Id": "Elle.CuterCats.TurkishBrown",
			"Texture": "Mods\\Elle.CuterCats\\TurkishBrown",
			"IconTexture": "Mods\\Elle.CuterCats\\icons",
			"IconSourceRect": {
				"X": 48,
				"Y": 128,
				"Width": 16,
				"Height": 16
				},
			"BarkOverride": null,
			"VoicePitch": 1.0
			},
		},
      "When": { "Cat Breeds": "TurkishBrown" },
	},
    {
      "LogName": "TurkishRed",
      "Action": "EditData",
      "Target": "Data/Pets",
	  "TargetField": [ "Cat", "Breeds" ],
      "Entries": {
      "Elle.CuterCats.TurkishRed": {
		"Id": "Elle.CuterCats.TurkishRed",
			"Texture": "Mods\\Elle.CuterCats\\TurkishRed",
			"IconTexture": "Mods\\Elle.CuterCats\\icons",
			"IconSourceRect": {
				"X": 64,
				"Y": 128,
				"Width": 16,
				"Height": 16
				},
			"BarkOverride": null,
			"VoicePitch": 1.0
			},
		},
      "When": { "Cat Breeds": "TurkishRed" },
	},
    {
      "LogName": "TurkishMidnight",
      "Action": "EditData",
      "Target": "Data/Pets",
	  "TargetField": [ "Cat", "Breeds" ],
      "Entries": {
      "Elle.CuterCats.TurkishMidnight": {
		"Id": "Elle.CuterCats.TurkishMidnight",
			"Texture": "Mods\\Elle.CuterCats\\TurkishMidnight",
			"IconTexture": "Mods\\Elle.CuterCats\\icons",
			"IconSourceRect": {
				"X": 80,
				"Y": 128,
				"Width": 16,
				"Height": 16
				},
			"BarkOverride": null,
			"VoicePitch": 1.0
			},
		},
      "When": { "Cat Breeds": "TurkishMidnight" },
	},
    {
      "LogName": "TurkishBlack",
      "Action": "EditData",
      "Target": "Data/Pets",
	  "TargetField": [ "Cat", "Breeds" ],
      "Entries": {
      "Elle.CuterCats.TurkishBlack": {
		"Id": "Elle.CuterCats.TurkishBlack",
			"Texture": "Mods\\Elle.CuterCats\\TurkishBlack",
			"IconTexture": "Mods\\Elle.CuterCats\\icons",
			"IconSourceRect": {
				"X": 96,
				"Y": 128,
				"Width": 16,
				"Height": 16
				},
			"BarkOverride": null,
			"VoicePitch": 1.0
			},
		},
      "When": { "Cat Breeds": "TurkishBlack" },
	},
    {
      "LogName": "TurkishGrey",
      "Action": "EditData",
      "Target": "Data/Pets",
	  "TargetField": [ "Cat", "Breeds" ],
      "Entries": {
      "Elle.CuterCats.TurkishGrey": {
		"Id": "Elle.CuterCats.TurkishGrey",
			"Texture": "Mods\\Elle.CuterCats\\TurkishGrey",
			"IconTexture": "Mods\\Elle.CuterCats\\icons",
			"IconSourceRect": {
				"X": 112,
				"Y": 128,
				"Width": 16,
				"Height": 16
				},
			"BarkOverride": null,
			"VoicePitch": 1.0
			},
		},
      "When": { "Cat Breeds": "TurkishGrey" },
	},
    {
      "LogName": "TurkishSilver",
      "Action": "EditData",
      "Target": "Data/Pets",
	  "TargetField": [ "Cat", "Breeds" ],
      "Entries": {
      "Elle.CuterCats.TurkishSilver": {
		"Id": "Elle.CuterCats.TurkishSilver",
			"Texture": "Mods\\Elle.CuterCats\\TurkishSilver",
			"IconTexture": "Mods\\Elle.CuterCats\\icons",
			"IconSourceRect": {
				"X": 128,
				"Y": 128,
				"Width": 16,
				"Height": 16
				},
			"BarkOverride": null,
			"VoicePitch": 1.0
			},
		},
      "When": { "Cat Breeds": "TurkishSilver" },
	},
    {
      "LogName": "TurkishVoid",
      "Action": "EditData",
      "Target": "Data/Pets",
	  "TargetField": [ "Cat", "Breeds" ],
      "Entries": {
      "Elle.CuterCats.TurkishVoid": {
		"Id": "Elle.CuterCats.TurkishVoid",
			"Texture": "Mods\\Elle.CuterCats\\TurkishVoid",
			"IconTexture": "Mods\\Elle.CuterCats\\icons",
			"IconSourceRect": {
				"X": 144,
				"Y": 128,
				"Width": 16,
				"Height": 16
				},
			"BarkOverride": null,
			"VoicePitch": 1.0
			},
		},
      "When": { "Cat Breeds": "TurkishVoid" },
	},
	
    //Snowshoe
    {
      "LogName": "SnowshoeFawn",
      "Action": "EditData",
      "Target": "Data/Pets",
	  "TargetField": [ "Cat", "Breeds" ],
      "Entries": {
      "Elle.CuterCats.SnowshoeFawn": {
		"Id": "Elle.CuterCats.SnowshoeFawn",
			"Texture": "Mods\\Elle.CuterCats\\SnowshoeFawn",
			"IconTexture": "Mods\\Elle.CuterCats\\icons",
			"IconSourceRect": {
				"X": 0,
				"Y": 144,
				"Width": 16,
				"Height": 16
				},
			"BarkOverride": null,
			"VoicePitch": 1.0
			},
		},
      "When": { "Cat Breeds": "SnowshoeFawn" },
	},
    {
      "LogName": "SnowshoeTan",
      "Action": "EditData",
      "Target": "Data/Pets",
	  "TargetField": [ "Cat", "Breeds" ],
      "Entries": {
      "Elle.CuterCats.SnowshoeTan": {
		"Id": "Elle.CuterCats.SnowshoeTan",
			"Texture": "Mods\\Elle.CuterCats\\SnowshoeTan",
			"IconTexture": "Mods\\Elle.CuterCats\\icons",
			"IconSourceRect": {
				"X": 16,
				"Y": 144,
				"Width": 16,
				"Height": 16
				},
			"BarkOverride": null,
			"VoicePitch": 1.0
			},
		},
      "When": { "Cat Breeds": "SnowshoeTan" },
	},
    {
      "LogName": "SnowshoeBrown",
      "Action": "EditData",
      "Target": "Data/Pets",
	  "TargetField": [ "Cat", "Breeds" ],
      "Entries": {
      "Elle.CuterCats.SnowshoeBrown": {
		"Id": "Elle.CuterCats.SnowshoeBrown",
			"Texture": "Mods\\Elle.CuterCats\\SnowshoeBrown",
			"IconTexture": "Mods\\Elle.CuterCats\\icons",
			"IconSourceRect": {
				"X": 32,
				"Y": 144,
				"Width": 16,
				"Height": 16
				},
			"BarkOverride": null,
			"VoicePitch": 1.0
			},
		},
      "When": { "Cat Breeds": "SnowshoeBrown" },
	},
    {
      "LogName": "SnowshoeRed",
      "Action": "EditData",
      "Target": "Data/Pets",
	  "TargetField": [ "Cat", "Breeds" ],
      "Entries": {
      "Elle.CuterCats.SnowshoeRed": {
		"Id": "Elle.CuterCats.SnowshoeRed",
			"Texture": "Mods\\Elle.CuterCats\\SnowshoeRed",
			"IconTexture": "Mods\\Elle.CuterCats\\icons",
			"IconSourceRect": {
				"X": 48,
				"Y": 144,
				"Width": 16,
				"Height": 16
				},
			"BarkOverride": null,
			"VoicePitch": 1.0
			},
		},
      "When": { "Cat Breeds": "SnowshoeRed" },
	},
    {
      "LogName": "SnowshoeGrey",
      "Action": "EditData",
      "Target": "Data/Pets",
	  "TargetField": [ "Cat", "Breeds" ],
      "Entries": {
      "Elle.CuterCats.SnowshoeGrey": {
		"Id": "Elle.CuterCats.SnowshoeGrey",
			"Texture": "Mods\\Elle.CuterCats\\SnowshoeGrey",
			"IconTexture": "Mods\\Elle.CuterCats\\icons",
			"IconSourceRect": {
				"X": 64,
				"Y": 144,
				"Width": 16,
				"Height": 16
				},
			"BarkOverride": null,
			"VoicePitch": 1.0
			},
		},
      "When": { "Cat Breeds": "SnowshoeGrey" },
	},
    {
      "LogName": "SnowshoeSilver",
      "Action": "EditData",
      "Target": "Data/Pets",
	  "TargetField": [ "Cat", "Breeds" ],
      "Entries": {
      "Elle.CuterCats.SnowshoeSilver": {
		"Id": "Elle.CuterCats.SnowshoeSilver",
			"Texture": "Mods\\Elle.CuterCats\\SnowshoeSilver",
			"IconTexture": "Mods\\Elle.CuterCats\\icons",
			"IconSourceRect": {
				"X": 80,
				"Y": 144,
				"Width": 16,
				"Height": 16
				},
			"BarkOverride": null,
			"VoicePitch": 1.0
			},
		},
      "When": { "Cat Breeds": "SnowshoeSilver" },
	},
    {
      "LogName": "SnowshoeVoid",
      "Action": "EditData",
      "Target": "Data/Pets",
	  "TargetField": [ "Cat", "Breeds" ],
      "Entries": {
      "Elle.CuterCats.SnowshoeVoid": {
		"Id": "Elle.CuterCats.SnowshoeVoid",
			"Texture": "Mods\\Elle.CuterCats\\SnowshoeVoid",
			"IconTexture": "Mods\\Elle.CuterCats\\icons",
			"IconSourceRect": {
				"X": 96,
				"Y": 144,
				"Width": 16,
				"Height": 16
				},
			"BarkOverride": null,
			"VoicePitch": 1.0
			},
		},
      "When": { "Cat Breeds": "SnowshoeVoid" },
	},
	
	//Siamese
    {
      "LogName": "Siamese",
      "Action": "EditData",
      "Target": "Data/Pets",
	  "TargetField": [ "Cat", "Breeds" ],
      "Entries": {
      "Elle.CuterCats.Siamese": {
		"Id": "Elle.CuterCats.Siamese",
			"Texture": "Mods\\Elle.CuterCats\\Siamese",
			"IconTexture": "Mods\\Elle.CuterCats\\icons",
			"IconSourceRect": {
				"X": 112,
				"Y": 144,
				"Width": 16,
				"Height": 16
				},
			"BarkOverride": null,
			"VoicePitch": 1.0
			},
		},
      "When": { "Cat Breeds": "Siamese" },
	},
    {
      "LogName": "SiameseSilver",
      "Action": "EditData",
      "Target": "Data/Pets",
	  "TargetField": [ "Cat", "Breeds" ],
      "Entries": {
      "Elle.CuterCats.SiameseSilver": {
		"Id": "Elle.CuterCats.SiameseSilver",
			"Texture": "Mods\\Elle.CuterCats\\SiameseSilver",
			"IconTexture": "Mods\\Elle.CuterCats\\icons",
			"IconSourceRect": {
				"X": 128,
				"Y": 144,
				"Width": 16,
				"Height": 16
				},
			"BarkOverride": null,
			"VoicePitch": 1.0
			},
		},
      "When": { "Cat Breeds": "SiameseSilver" },
	},
    {
      "LogName": "SiameseVoid",
      "Action": "EditData",
      "Target": "Data/Pets",
	  "TargetField": [ "Cat", "Breeds" ],
      "Entries": {
      "Elle.CuterCats.SiameseVoid": {
		"Id": "Elle.CuterCats.SiameseVoid",
			"Texture": "Mods\\Elle.CuterCats\\SiameseVoid",
			"IconTexture": "Mods\\Elle.CuterCats\\icons",
			"IconSourceRect": {
				"X": 144,
				"Y": 144,
				"Width": 16,
				"Height": 16
				},
			"BarkOverride": null,
			"VoicePitch": 1.0
			},
		},
      "When": { "Cat Breeds": "SiameseVoid" },
	},
	
	//Ragdoll
    {
      "LogName": "RagdollFawn",
      "Action": "EditData",
      "Target": "Data/Pets",
	  "TargetField": [ "Cat", "Breeds" ],
      "Entries": {
      "Elle.CuterCats.RagdollFawn": {
		"Id": "Elle.CuterCats.RagdollFawn",
			"Texture": "Mods\\Elle.CuterCats\\RagdollFawn",
			"IconTexture": "Mods\\Elle.CuterCats\\icons",
			"IconSourceRect": {
				"X": 0,
				"Y": 160,
				"Width": 16,
				"Height": 16
				},
			"BarkOverride": null,
			"VoicePitch": 1.0
			},
		},
      "When": { "Cat Breeds": "RagdollFawn" },
	},
    {
      "LogName": "RagdollTan",
      "Action": "EditData",
      "Target": "Data/Pets",
	  "TargetField": [ "Cat", "Breeds" ],
      "Entries": {
      "Elle.CuterCats.RagdollTan": {
		"Id": "Elle.CuterCats.RagdollTan",
			"Texture": "Mods\\Elle.CuterCats\\RagdollTan",
			"IconTexture": "Mods\\Elle.CuterCats\\icons",
			"IconSourceRect": {
				"X": 16,
				"Y": 160,
				"Width": 16,
				"Height": 16
				},
			"BarkOverride": null,
			"VoicePitch": 1.0
			},
		},
      "When": { "Cat Breeds": "RagdollTan" },
	},
    {
      "LogName": "RagdollRed",
      "Action": "EditData",
      "Target": "Data/Pets",
	  "TargetField": [ "Cat", "Breeds" ],
      "Entries": {
      "Elle.CuterCats.RagdollRed": {
		"Id": "Elle.CuterCats.RagdollRed",
			"Texture": "Mods\\Elle.CuterCats\\RagdollRed",
			"IconTexture": "Mods\\Elle.CuterCats\\icons",
			"IconSourceRect": {
				"X": 32,
				"Y": 160,
				"Width": 16,
				"Height": 16
				},
			"BarkOverride": null,
			"VoicePitch": 1.0
			},
		},
      "When": { "Cat Breeds": "RagdollRed" },
	},
    {
      "LogName": "RagdollSilver",
      "Action": "EditData",
      "Target": "Data/Pets",
	  "TargetField": [ "Cat", "Breeds" ],
      "Entries": {
      "Elle.CuterCats.RagdollSilver": {
		"Id": "Elle.CuterCats.RagdollSilver",
			"Texture": "Mods\\Elle.CuterCats\\RagdollSilver",
			"IconTexture": "Mods\\Elle.CuterCats\\icons",
			"IconSourceRect": {
				"X": 48,
				"Y": 160,
				"Width": 16,
				"Height": 16
				},
			"BarkOverride": null,
			"VoicePitch": 1.0
			},
		},
      "When": { "Cat Breeds": "RagdollSilver" },
	},
    {
      "LogName": "RagdollVoid",
      "Action": "EditData",
      "Target": "Data/Pets",
	  "TargetField": [ "Cat", "Breeds" ],
      "Entries": {
      "Elle.CuterCats.RagdollVoid": {
		"Id": "Elle.CuterCats.RagdollVoid",
			"Texture": "Mods\\Elle.CuterCats\\RagdollVoid",
			"IconTexture": "Mods\\Elle.CuterCats\\icons",
			"IconSourceRect": {
				"X": 64,
				"Y": 160,
				"Width": 16,
				"Height": 16
				},
			"BarkOverride": null,
			"VoicePitch": 1.0
			},
		},
      "When": { "Cat Breeds": "RagdollVoid" },
	},
	
	//Ocicat
    {
      "LogName": "Ocicat",
      "Action": "EditData",
      "Target": "Data/Pets",
	  "TargetField": [ "Cat", "Breeds" ],
      "Entries": {
      "Elle.CuterCats.Ocicat": {
		"Id": "Elle.CuterCats.Ocicat",
			"Texture": "Mods\\Elle.CuterCats\\Ocicat",
			"IconTexture": "Mods\\Elle.CuterCats\\icons",
			"IconSourceRect": {
				"X": 80,
				"Y": 160,
				"Width": 16,
				"Height": 16
				},
			"BarkOverride": null,
			"VoicePitch": 1.0
			},
		},
      "When": { "Cat Breeds": "Ocicat" },
	},
    {
      "LogName": "OcicatSilver",
      "Action": "EditData",
      "Target": "Data/Pets",
	  "TargetField": [ "Cat", "Breeds" ],
      "Entries": {
      "Elle.CuterCats.OcicatSilver": {
		"Id": "Elle.CuterCats.OcicatSilver",
			"Texture": "Mods\\Elle.CuterCats\\OcicatSilver",
			"IconTexture": "Mods\\Elle.CuterCats\\icons",
			"IconSourceRect": {
				"X": 96,
				"Y": 160,
				"Width": 16,
				"Height": 16
				},
			"BarkOverride": null,
			"VoicePitch": 1.0
			},
		},
      "When": { "Cat Breeds": "OcicatSilver" },
	},
    {
      "LogName": "OcicatVoid",
      "Action": "EditData",
      "Target": "Data/Pets",
	  "TargetField": [ "Cat", "Breeds" ],
      "Entries": {
      "Elle.CuterCats.OcicatVoid": {
		"Id": "Elle.CuterCats.OcicatVoid",
			"Texture": "Mods\\Elle.CuterCats\\OcicatVoid",
			"IconTexture": "Mods\\Elle.CuterCats\\icons",
			"IconSourceRect": {
				"X": 112,
				"Y": 160,
				"Width": 16,
				"Height": 16
				},
			"BarkOverride": null,
			"VoicePitch": 1.0
			},
		},
      "When": { "Cat Breeds": "OcicatVoid" },
	},
	
	//Bengal
    {
      "LogName": "Bengal",
      "Action": "EditData",
      "Target": "Data/Pets",
	  "TargetField": [ "Cat", "Breeds" ],
      "Entries": {
      "Elle.CuterCats.Bengal": {
		"Id": "Elle.CuterCats.Bengal",
			"Texture": "Mods\\Elle.CuterCats\\Bengal",
			"IconTexture": "Mods\\Elle.CuterCats\\icons",
			"IconSourceRect": {
				"X": 128,
				"Y": 160,
				"Width": 16,
				"Height": 16
				},
			"BarkOverride": null,
			"VoicePitch": 1.0
			},
		},
      "When": { "Cat Breeds": "Bengal" },
	},
    {
      "LogName": "BengalSilver",
      "Action": "EditData",
      "Target": "Data/Pets",
	  "TargetField": [ "Cat", "Breeds" ],
      "Entries": {
      "Elle.CuterCats.BengalSilver": {
		"Id": "Elle.CuterCats.BengalSilver",
			"Texture": "Mods\\Elle.CuterCats\\BengalSilver",
			"IconTexture": "Mods\\Elle.CuterCats\\icons",
			"IconSourceRect": {
				"X": 144,
				"Y": 160,
				"Width": 16,
				"Height": 16
				},
			"BarkOverride": null,
			"VoicePitch": 1.0
			},
		},
      "When": { "Cat Breeds": "BengalSilver" },
	},
    {
      "LogName": "BengalVoid",
      "Action": "EditData",
      "Target": "Data/Pets",
	  "TargetField": [ "Cat", "Breeds" ],
      "Entries": {
      "Elle.CuterCats.BengalVoid": {
		"Id": "Elle.CuterCats.BengalVoid",
			"Texture": "Mods\\Elle.CuterCats\\BengalVoid",
			"IconTexture": "Mods\\Elle.CuterCats\\icons",
			"IconSourceRect": {
				"X": 160,
				"Y": 160,
				"Width": 16,
				"Height": 16
				},
			"BarkOverride": null,
			"VoicePitch": 1.0
			},
		},
      "When": { "Cat Breeds": "BengalVoid" },
	},
	
	//Calico
    {
      "LogName": "Calico1",
      "Action": "EditData",
      "Target": "Data/Pets",
	  "TargetField": [ "Cat", "Breeds" ],
      "Entries": {
      "Elle.CuterCats.Calico1": {
		"Id": "Elle.CuterCats.Calico1",
			"Texture": "Mods\\Elle.CuterCats\\Calico1",
			"IconTexture": "Mods\\Elle.CuterCats\\icons",
			"IconSourceRect": {
				"X": 16,
				"Y": 176,
				"Width": 16,
				"Height": 16
				},
			"BarkOverride": null,
			"VoicePitch": 1.0
			},
		},
      "When": { "Cat Breeds": "Calico1" },
	},
    {
      "LogName": "Calico1Diluted",
      "Action": "EditData",
      "Target": "Data/Pets",
	  "TargetField": [ "Cat", "Breeds" ],
      "Entries": {
      "Elle.CuterCats.Calico1Diluted": {
		"Id": "Elle.CuterCats.Calico1Diluted",
			"Texture": "Mods\\Elle.CuterCats\\Calico1Diluted",
			"IconTexture": "Mods\\Elle.CuterCats\\icons",
			"IconSourceRect": {
				"X": 32,
				"Y": 176,
				"Width": 16,
				"Height": 16
				},
			"BarkOverride": null,
			"VoicePitch": 1.0
			},
		},
      "When": { "Cat Breeds": "Calico1Diluted" },
	},
    {
      "LogName": "Calico1Void",
      "Action": "EditData",
      "Target": "Data/Pets",
	  "TargetField": [ "Cat", "Breeds" ],
      "Entries": {
      "Elle.CuterCats.Calico1Void": {
		"Id": "Elle.CuterCats.Calico1Void",
			"Texture": "Mods\\Elle.CuterCats\\Calico1Void",
			"IconTexture": "Mods\\Elle.CuterCats\\icons",
			"IconSourceRect": {
				"X": 48,
				"Y": 176,
				"Width": 16,
				"Height": 16
				},
			"BarkOverride": null,
			"VoicePitch": 1.0
			},
		},
      "When": { "Cat Breeds": "Calico1Void" },
	},
    {
      "LogName": "Calico2",
      "Action": "EditData",
      "Target": "Data/Pets",
	  "TargetField": [ "Cat", "Breeds" ],
      "Entries": {
      "Elle.CuterCats.Calico2": {
		"Id": "Elle.CuterCats.Calico2",
			"Texture": "Mods\\Elle.CuterCats\\Calico2",
			"IconTexture": "Mods\\Elle.CuterCats\\icons",
			"IconSourceRect": {
				"X": 64,
				"Y": 176,
				"Width": 16,
				"Height": 16
				},
			"BarkOverride": null,
			"VoicePitch": 1.0
			},
		},
      "When": { "Cat Breeds": "Calico2" },
	},
    {
      "LogName": "Calico2Diluted",
      "Action": "EditData",
      "Target": "Data/Pets",
	  "TargetField": [ "Cat", "Breeds" ],
      "Entries": {
      "Elle.CuterCats.Calico2Diluted": {
		"Id": "Elle.CuterCats.Calico2Diluted",
			"Texture": "Mods\\Elle.CuterCats\\Calico2Diluted",
			"IconTexture": "Mods\\Elle.CuterCats\\icons",
			"IconSourceRect": {
				"X": 80,
				"Y": 176,
				"Width": 16,
				"Height": 16
				},
			"BarkOverride": null,
			"VoicePitch": 1.0
			},
		},
      "When": { "Cat Breeds": "Calico2Diluted" },
	},
    {
      "LogName": "Calico2Void",
      "Action": "EditData",
      "Target": "Data/Pets",
	  "TargetField": [ "Cat", "Breeds" ],
      "Entries": {
      "Elle.CuterCats.Calico2Void": {
		"Id": "Elle.CuterCats.Calico2Void",
			"Texture": "Mods\\Elle.CuterCats\\Calico2Void",
			"IconTexture": "Mods\\Elle.CuterCats\\icons",
			"IconSourceRect": {
				"X": 96,
				"Y": 176,
				"Width": 16,
				"Height": 16
				},
			"BarkOverride": null,
			"VoicePitch": 1.0
			},
		},
      "When": { "Cat Breeds": "Calico2Void" },
	},
	
	//Chimera 
	
    {
      "LogName": "Chimera",
      "Action": "EditData",
      "Target": "Data/Pets",
	  "TargetField": [ "Cat", "Breeds" ],
      "Entries": {
      "Elle.CuterCats.Chimera": {
		"Id": "Elle.CuterCats.Chimera",
			"Texture": "Mods\\Elle.CuterCats\\Chimera",
			"IconTexture": "Mods\\Elle.CuterCats\\icons",
			"IconSourceRect": {
				"X": 112,
				"Y": 176,
				"Width": 16,
				"Height": 16
				},
			"BarkOverride": null,
			"VoicePitch": 1.0
			},
		},
      "When": { "Cat Breeds": "Chimera" },
	},
	
    {
      "LogName": "ChimeraDiluted",
      "Action": "EditData",
      "Target": "Data/Pets",
	  "TargetField": [ "Cat", "Breeds" ],
      "Entries": {
      "Elle.CuterCats.ChimeraDiluted": {
		"Id": "Elle.CuterCats.ChimeraDiluted",
			"Texture": "Mods\\Elle.CuterCats\\ChimeraDiluted",
			"IconTexture": "Mods\\Elle.CuterCats\\icons",
			"IconSourceRect": {
				"X": 128,
				"Y": 176,
				"Width": 16,
				"Height": 16
				},
			"BarkOverride": null,
			"VoicePitch": 1.0
			},
		},
      "When": { "Cat Breeds": "ChimeraDiluted" },
	},
	
    {
      "LogName": "ChimeraVoid",
      "Action": "EditData",
      "Target": "Data/Pets",
	  "TargetField": [ "Cat", "Breeds" ],
      "Entries": {
      "Elle.CuterCats.ChimeraVoid": {
		"Id": "Elle.CuterCats.ChimeraVoid",
			"Texture": "Mods\\Elle.CuterCats\\ChimeraVoid",
			"IconTexture": "Mods\\Elle.CuterCats\\icons",
			"IconSourceRect": {
				"X": 144,
				"Y": 176,
				"Width": 16,
				"Height": 16
				},
			"BarkOverride": null,
			"VoicePitch": 1.0
			},
		},
      "When": { "Cat Breeds": "ChimeraVoid" },
	},
	
	//Tortoiseshell
	
    {
      "LogName": "Tortie1",
      "Action": "EditData",
      "Target": "Data/Pets",
	  "TargetField": [ "Cat", "Breeds" ],
      "Entries": {
      "Elle.CuterCats.Tortie1": {
		"Id": "Elle.CuterCats.Tortie1",
			"Texture": "Mods\\Elle.CuterCats\\Tortie1",
			"IconTexture": "Mods\\Elle.CuterCats\\icons",
			"IconSourceRect": {
				"X": 16,
				"Y": 192,
				"Width": 16,
				"Height": 16
				},
			"BarkOverride": null,
			"VoicePitch": 1.0
			},
		},
      "When": { "Cat Breeds": "Tortie1" },
	},
    {
      "LogName": "Tortie1Diluted",
      "Action": "EditData",
      "Target": "Data/Pets",
	  "TargetField": [ "Cat", "Breeds" ],
      "Entries": {
      "Elle.CuterCats.Tortie1Diluted": {
		"Id": "Elle.CuterCats.Tortie1Diluted",
			"Texture": "Mods\\Elle.CuterCats\\Tortie1Diluted",
			"IconTexture": "Mods\\Elle.CuterCats\\icons",
			"IconSourceRect": {
				"X": 32,
				"Y": 192,
				"Width": 16,
				"Height": 16
				},
			"BarkOverride": null,
			"VoicePitch": 1.0
			},
		},
      "When": { "Cat Breeds": "Tortie1Diluted" },
	},
    {
      "LogName": "Tortie1Void",
      "Action": "EditData",
      "Target": "Data/Pets",
	  "TargetField": [ "Cat", "Breeds" ],
      "Entries": {
      "Elle.CuterCats.Tortie1Void": {
		"Id": "Elle.CuterCats.Tortie1Void",
			"Texture": "Mods\\Elle.CuterCats\\Tortie1Void",
			"IconTexture": "Mods\\Elle.CuterCats\\icons",
			"IconSourceRect": {
				"X": 48,
				"Y": 192,
				"Width": 16,
				"Height": 16
				},
			"BarkOverride": null,
			"VoicePitch": 1.0
			},
		},
      "When": { "Cat Breeds": "Tortie1Void" },
	},
    {
      "LogName": "Tortie2",
      "Action": "EditData",
      "Target": "Data/Pets",
	  "TargetField": [ "Cat", "Breeds" ],
      "Entries": {
      "Elle.CuterCats.Tortie2": {
		"Id": "Elle.CuterCats.Tortie2",
			"Texture": "Mods\\Elle.CuterCats\\Tortie2",
			"IconTexture": "Mods\\Elle.CuterCats\\icons",
			"IconSourceRect": {
				"X": 64,
				"Y": 192,
				"Width": 16,
				"Height": 16
				},
			"BarkOverride": null,
			"VoicePitch": 1.0
			},
		},
      "When": { "Cat Breeds": "Tortie2" },
	},
    {
      "LogName": "Tortie2Diluted",
      "Action": "EditData",
      "Target": "Data/Pets",
	  "TargetField": [ "Cat", "Breeds" ],
      "Entries": {
      "Elle.CuterCats.Tortie2Diluted": {
		"Id": "Elle.CuterCats.Tortie2Diluted",
			"Texture": "Mods\\Elle.CuterCats\\Tortie2Diluted",
			"IconTexture": "Mods\\Elle.CuterCats\\icons",
			"IconSourceRect": {
				"X": 80,
				"Y": 192,
				"Width": 16,
				"Height": 16
				},
			"BarkOverride": null,
			"VoicePitch": 1.0
			},
		},
      "When": { "Cat Breeds": "Tortie2Diluted" },
	},
    {
      "LogName": "Tortie2Void",
      "Action": "EditData",
      "Target": "Data/Pets",
	  "TargetField": [ "Cat", "Breeds" ],
      "Entries": {
      "Elle.CuterCats.Tortie2Void": {
		"Id": "Elle.CuterCats.Tortie2Void",
			"Texture": "Mods\\Elle.CuterCats\\Tortie2Void",
			"IconTexture": "Mods\\Elle.CuterCats\\icons",
			"IconSourceRect": {
				"X": 96,
				"Y": 192,
				"Width": 16,
				"Height": 16
				},
			"BarkOverride": null,
			"VoicePitch": 1.0
			},
		},
      "When": { "Cat Breeds": "Tortie2Void" },
	},
    //FoldSolid
    {
      "LogName": "FoldSolidCream",
      "Action": "EditData",
      "Target": "Data/Pets",
	  "TargetField": [ "Cat", "Breeds" ],
      "Entries": {
      "Elle.CuterCats.FoldSolidCream": {
		"Id": "Elle.CuterCats.FoldSolidCream",
			"Texture": "Mods\\Elle.CuterCats\\FoldSolidCream",
			"IconTexture": "Mods\\Elle.CuterCats\\icons",
			"IconSourceRect": {
				"X": 0,
				"Y": 208,
				"Width": 16,
				"Height": 16
				},
			"BarkOverride": null,
			"VoicePitch": 1.0
			},
		},
      "When": { "Cat Breeds": "FoldSolidCream" },
	},
    {
      "LogName": "FoldSolidBlonde",
      "Action": "EditData",
      "Target": "Data/Pets",
	  "TargetField": [ "Cat", "Breeds" ],
      "Entries": {
      "Elle.CuterCats.FoldSolidBlonde": {
		"Id": "Elle.CuterCats.FoldSolidBlonde",
			"Texture": "Mods\\Elle.CuterCats\\FoldSolidBlonde",
			"IconTexture": "Mods\\Elle.CuterCats\\icons",
			"IconSourceRect": {
				"X": 16,
				"Y": 208,
				"Width": 16,
				"Height": 16
				},
			"BarkOverride": null,
			"VoicePitch": 1.0
			},
		},
      "When": { "Cat Breeds": "FoldSolidBlonde" },
	},
    {
      "LogName": "FoldSolidFawn",
      "Action": "EditData",
      "Target": "Data/Pets",
	  "TargetField": [ "Cat", "Breeds" ],
      "Entries": {
      "Elle.CuterCats.FoldSolidFawn": {
		"Id": "Elle.CuterCats.FoldSolidFawn",
			"Texture": "Mods\\Elle.CuterCats\\FoldSolidFawn",
			"IconTexture": "Mods\\Elle.CuterCats\\icons",
			"IconSourceRect": {
				"X": 32,
				"Y": 208,
				"Width": 16,
				"Height": 16
				},
			"BarkOverride": null,
			"VoicePitch": 1.0
			},
		},
      "When": { "Cat Breeds": "FoldSolidFawn" },
	},
    {
      "LogName": "FoldSolidBrown",
      "Action": "EditData",
      "Target": "Data/Pets",
	  "TargetField": [ "Cat", "Breeds" ],
      "Entries": {
      "Elle.CuterCats.FoldSolidBrown": {
		"Id": "Elle.CuterCats.FoldSolidBrown",
			"Texture": "Mods\\Elle.CuterCats\\FoldSolidBrown",
			"IconTexture": "Mods\\Elle.CuterCats\\icons",
			"IconSourceRect": {
				"X": 48,
				"Y": 208,
				"Width": 16,
				"Height": 16
				},
			"BarkOverride": null,
			"VoicePitch": 1.0
			},
		},
      "When": { "Cat Breeds": "FoldSolidBrown" },
	},
    {
      "LogName": "FoldSolidRed",
      "Action": "EditData",
      "Target": "Data/Pets",
	  "TargetField": [ "Cat", "Breeds" ],
      "Entries": {
      "Elle.CuterCats.FoldSolidRed": {
		"Id": "Elle.CuterCats.FoldSolidRed",
			"Texture": "Mods\\Elle.CuterCats\\FoldSolidRed",
			"IconTexture": "Mods\\Elle.CuterCats\\icons",
			"IconSourceRect": {
				"X": 64,
				"Y": 208,
				"Width": 16,
				"Height": 16
				},
			"BarkOverride": null,
			"VoicePitch": 1.0
			},
		},
      "When": { "Cat Breeds": "FoldSolidRed" },
	},
    {
      "LogName": "FoldSolidMidnight",
      "Action": "EditData",
      "Target": "Data/Pets",
	  "TargetField": [ "Cat", "Breeds" ],
      "Entries": {
      "Elle.CuterCats.FoldSolidMidnight": {
		"Id": "Elle.CuterCats.FoldSolidMidnight",
			"Texture": "Mods\\Elle.CuterCats\\FoldSolidMidnight",
			"IconTexture": "Mods\\Elle.CuterCats\\icons",
			"IconSourceRect": {
				"X": 80,
				"Y": 208,
				"Width": 16,
				"Height": 16
				},
			"BarkOverride": null,
			"VoicePitch": 1.0
			},
		},
      "When": { "Cat Breeds": "FoldSolidMidnight" },
	},
    {
      "LogName": "FoldSolidBlack",
      "Action": "EditData",
      "Target": "Data/Pets",
	  "TargetField": [ "Cat", "Breeds" ],
      "Entries": {
      "Elle.CuterCats.FoldSolidBlack": {
		"Id": "Elle.CuterCats.FoldSolidBlack",
			"Texture": "Mods\\Elle.CuterCats\\FoldSolidBlack",
			"IconTexture": "Mods\\Elle.CuterCats\\icons",
			"IconSourceRect": {
				"X": 96,
				"Y": 208,
				"Width": 16,
				"Height": 16
				},
			"BarkOverride": null,
			"VoicePitch": 1.0
			},
		},
      "When": { "Cat Breeds": "FoldSolidBlack" },
	},
    {
      "LogName": "FoldSolidGrey",
      "Action": "EditData",
      "Target": "Data/Pets",
	  "TargetField": [ "Cat", "Breeds" ],
      "Entries": {
      "Elle.CuterCats.FoldSolidGrey": {
		"Id": "Elle.CuterCats.FoldSolidGrey",
			"Texture": "Mods\\Elle.CuterCats\\FoldSolidGrey",
			"IconTexture": "Mods\\Elle.CuterCats\\icons",
			"IconSourceRect": {
				"X": 112,
				"Y": 208,
				"Width": 16,
				"Height": 16
				},
			"BarkOverride": null,
			"VoicePitch": 1.0
			},
		},
      "When": { "Cat Breeds": "FoldSolidGrey" },
	},
    {
      "LogName": "FoldSolidSilver",
      "Action": "EditData",
      "Target": "Data/Pets",
	  "TargetField": [ "Cat", "Breeds" ],
      "Entries": {
      "Elle.CuterCats.FoldSolidSilver": {
		"Id": "Elle.CuterCats.FoldSolidSilver",
			"Texture": "Mods\\Elle.CuterCats\\FoldSolidSilver",
			"IconTexture": "Mods\\Elle.CuterCats\\icons",
			"IconSourceRect": {
				"X": 128,
				"Y": 208,
				"Width": 16,
				"Height": 16
				},
			"BarkOverride": null,
			"VoicePitch": 1.0
			},
		},
      "When": { "Cat Breeds": "FoldSolidSilver" },
	},
    {
      "LogName": "FoldSolidWhite",
      "Action": "EditData",
      "Target": "Data/Pets",
	  "TargetField": [ "Cat", "Breeds" ],
      "Entries": {
      "Elle.CuterCats.FoldSolidWhite": {
		"Id": "Elle.CuterCats.FoldSolidWhite",
			"Texture": "Mods\\Elle.CuterCats\\FoldSolidWhite",
			"IconTexture": "Mods\\Elle.CuterCats\\icons",
			"IconSourceRect": {
				"X": 144,
				"Y": 208,
				"Width": 16,
				"Height": 16
				},
			"BarkOverride": null,
			"VoicePitch": 1.0
			},
		},
      "When": { "Cat Breeds": "FoldSolidWhite" },
	},
    {
      "LogName": "FoldSolidVoid",
      "Action": "EditData",
      "Target": "Data/Pets",
	  "TargetField": [ "Cat", "Breeds" ],
      "Entries": {
      "Elle.CuterCats.FoldSolidVoid": {
		"Id": "Elle.CuterCats.FoldSolidVoid",
			"Texture": "Mods\\Elle.CuterCats\\FoldSolidVoid",
			"IconTexture": "Mods\\Elle.CuterCats\\icons",
			"IconSourceRect": {
				"X": 160,
				"Y": 208,
				"Width": 16,
				"Height": 16
				},
			"BarkOverride": null,
			"VoicePitch": 1.0
			},
		},
      "When": { "Cat Breeds": "FoldSolidVoid" },
	},
    //FoldBicolor
    {
      "LogName": "FoldBicolorBlonde",
      "Action": "EditData",
      "Target": "Data/Pets",
	  "TargetField": [ "Cat", "Breeds" ],
      "Entries": {
      "Elle.CuterCats.FoldBicolorBlonde": {
		"Id": "Elle.CuterCats.FoldBicolorBlonde",
			"Texture": "Mods\\Elle.CuterCats\\FoldBicolorBlonde",
			"IconTexture": "Mods\\Elle.CuterCats\\icons",
			"IconSourceRect": {
				"X": 16,
				"Y": 224,
				"Width": 16,
				"Height": 16
				},
			"BarkOverride": null,
			"VoicePitch": 1.0
			},
		},
      "When": { "Cat Breeds": "FoldBicolorBlonde" },
	},
    {
      "LogName": "FoldBicolorFawn",
      "Action": "EditData",
      "Target": "Data/Pets",
	  "TargetField": [ "Cat", "Breeds" ],
      "Entries": {
      "Elle.CuterCats.FoldBicolorFawn": {
		"Id": "Elle.CuterCats.FoldBicolorFawn",
			"Texture": "Mods\\Elle.CuterCats\\FoldBicolorFawn",
			"IconTexture": "Mods\\Elle.CuterCats\\icons",
			"IconSourceRect": {
				"X": 32,
				"Y": 224,
				"Width": 16,
				"Height": 16
				},
			"BarkOverride": null,
			"VoicePitch": 1.0
			},
		},
      "When": { "Cat Breeds": "FoldBicolorFawn" },
	},
    {
      "LogName": "FoldBicolorBrown",
      "Action": "EditData",
      "Target": "Data/Pets",
	  "TargetField": [ "Cat", "Breeds" ],
      "Entries": {
      "Elle.CuterCats.FoldBicolorBrown": {
		"Id": "Elle.CuterCats.FoldBicolorBrown",
			"Texture": "Mods\\Elle.CuterCats\\FoldBicolorBrown",
			"IconTexture": "Mods\\Elle.CuterCats\\icons",
			"IconSourceRect": {
				"X": 48,
				"Y": 224,
				"Width": 16,
				"Height": 16
				},
			"BarkOverride": null,
			"VoicePitch": 1.0
			},
		},
      "When": { "Cat Breeds": "FoldBicolorBrown" },
	},
    {
      "LogName": "FoldBicolorRed",
      "Action": "EditData",
      "Target": "Data/Pets",
	  "TargetField": [ "Cat", "Breeds" ],
      "Entries": {
      "Elle.CuterCats.FoldBicolorRed": {
		"Id": "Elle.CuterCats.FoldBicolorRed",
			"Texture": "Mods\\Elle.CuterCats\\FoldBicolorRed",
			"IconTexture": "Mods\\Elle.CuterCats\\icons",
			"IconSourceRect": {
				"X": 64,
				"Y": 224,
				"Width": 16,
				"Height": 16
				},
			"BarkOverride": null,
			"VoicePitch": 1.0
			},
		},
      "When": { "Cat Breeds": "FoldBicolorRed" },
	},
    {
      "LogName": "FoldBicolorMidnight",
      "Action": "EditData",
      "Target": "Data/Pets",
	  "TargetField": [ "Cat", "Breeds" ],
      "Entries": {
      "Elle.CuterCats.FoldBicolorMidnight": {
		"Id": "Elle.CuterCats.FoldBicolorMidnight",
			"Texture": "Mods\\Elle.CuterCats\\FoldBicolorMidnight",
			"IconTexture": "Mods\\Elle.CuterCats\\icons",
			"IconSourceRect": {
				"X": 80,
				"Y": 224,
				"Width": 16,
				"Height": 16
				},
			"BarkOverride": null,
			"VoicePitch": 1.0
			},
		},
      "When": { "Cat Breeds": "FoldBicolorMidnight" },
	},
    {
      "LogName": "FoldBicolorBlack",
      "Action": "EditData",
      "Target": "Data/Pets",
	  "TargetField": [ "Cat", "Breeds" ],
      "Entries": {
      "Elle.CuterCats.FoldBicolorBlack": {
		"Id": "Elle.CuterCats.FoldBicolorBlack",
			"Texture": "Mods\\Elle.CuterCats\\FoldBicolorBlack",
			"IconTexture": "Mods\\Elle.CuterCats\\icons",
			"IconSourceRect": {
				"X": 96,
				"Y": 224,
				"Width": 16,
				"Height": 16
				},
			"BarkOverride": null,
			"VoicePitch": 1.0
			},
		},
      "When": { "Cat Breeds": "FoldBicolorBlack" },
	},
    {
      "LogName": "FoldBicolorGrey",
      "Action": "EditData",
      "Target": "Data/Pets",
	  "TargetField": [ "Cat", "Breeds" ],
      "Entries": {
      "Elle.CuterCats.FoldBicolorGrey": {
		"Id": "Elle.CuterCats.FoldBicolorGrey",
			"Texture": "Mods\\Elle.CuterCats\\FoldBicolorGrey",
			"IconTexture": "Mods\\Elle.CuterCats\\icons",
			"IconSourceRect": {
				"X": 112,
				"Y": 224,
				"Width": 16,
				"Height": 16
				},
			"BarkOverride": null,
			"VoicePitch": 1.0
			},
		},
      "When": { "Cat Breeds": "FoldBicolorGrey" },
	},
    {
      "LogName": "FoldBicolorSilver",
      "Action": "EditData",
      "Target": "Data/Pets",
	  "TargetField": [ "Cat", "Breeds" ],
      "Entries": {
      "Elle.CuterCats.FoldBicolorSilver": {
		"Id": "Elle.CuterCats.FoldBicolorSilver",
			"Texture": "Mods\\Elle.CuterCats\\FoldBicolorSilver",
			"IconTexture": "Mods\\Elle.CuterCats\\icons",
			"IconSourceRect": {
				"X": 128,
				"Y": 224,
				"Width": 16,
				"Height": 16
				},
			"BarkOverride": null,
			"VoicePitch": 1.0
			},
		},
      "When": { "Cat Breeds": "FoldBicolorSilver" },
	},
    {
      "LogName": "FoldBicolorVoid",
      "Action": "EditData",
      "Target": "Data/Pets",
	  "TargetField": [ "Cat", "Breeds" ],
      "Entries": {
      "Elle.CuterCats.FoldBicolorVoid": {
		"Id": "Elle.CuterCats.FoldBicolorVoid",
			"Texture": "Mods\\Elle.CuterCats\\FoldBicolorVoid",
			"IconTexture": "Mods\\Elle.CuterCats\\icons",
			"IconSourceRect": {
				"X": 144,
				"Y": 224,
				"Width": 16,
				"Height": 16
				},
			"BarkOverride": null,
			"VoicePitch": 1.0
			},
		},
      "When": { "Cat Breeds": "FoldBicolorVoid" },
	},
    //FoldStriped
    {
      "LogName": "FoldStripedCream",
      "Action": "EditData",
      "Target": "Data/Pets",
	  "TargetField": [ "Cat", "Breeds" ],
      "Entries": {
      "Elle.CuterCats.FoldStripedCream": {
		"Id": "Elle.CuterCats.FoldStripedCream",
			"Texture": "Mods\\Elle.CuterCats\\FoldStripedCream",
			"IconTexture": "Mods\\Elle.CuterCats\\icons",
			"IconSourceRect": {
				"X": 0,
				"Y": 240,
				"Width": 16,
				"Height": 16
				},
			"BarkOverride": null,
			"VoicePitch": 1.0
			},
		},
      "When": { "Cat Breeds": "FoldStripedCream" },
	},
    {
      "LogName": "FoldStripedBlonde",
      "Action": "EditData",
      "Target": "Data/Pets",
	  "TargetField": [ "Cat", "Breeds" ],
      "Entries": {
      "Elle.CuterCats.FoldStripedBlonde": {
		"Id": "Elle.CuterCats.FoldStripedBlonde",
			"Texture": "Mods\\Elle.CuterCats\\FoldStripedBlonde",
			"IconTexture": "Mods\\Elle.CuterCats\\icons",
			"IconSourceRect": {
				"X": 16,
				"Y": 240,
				"Width": 16,
				"Height": 16
				},
			"BarkOverride": null,
			"VoicePitch": 1.0
			},
		},
      "When": { "Cat Breeds": "FoldStripedBlonde" },
	},
    {
      "LogName": "FoldStripedFawn",
      "Action": "EditData",
      "Target": "Data/Pets",
	  "TargetField": [ "Cat", "Breeds" ],
      "Entries": {
      "Elle.CuterCats.FoldStripedFawn": {
		"Id": "Elle.CuterCats.FoldStripedFawn",
			"Texture": "Mods\\Elle.CuterCats\\FoldStripedFawn",
			"IconTexture": "Mods\\Elle.CuterCats\\icons",
			"IconSourceRect": {
				"X": 32,
				"Y": 240,
				"Width": 16,
				"Height": 16
				},
			"BarkOverride": null,
			"VoicePitch": 1.0
			},
		},
      "When": { "Cat Breeds": "FoldStripedFawn" },
	},
    {
      "LogName": "FoldStripedBrown",
      "Action": "EditData",
      "Target": "Data/Pets",
	  "TargetField": [ "Cat", "Breeds" ],
      "Entries": {
      "Elle.CuterCats.FoldStripedBrown": {
		"Id": "Elle.CuterCats.FoldStripedBrown",
			"Texture": "Mods\\Elle.CuterCats\\FoldStripedBrown",
			"IconTexture": "Mods\\Elle.CuterCats\\icons",
			"IconSourceRect": {
				"X": 48,
				"Y": 240,
				"Width": 16,
				"Height": 16
				},
			"BarkOverride": null,
			"VoicePitch": 1.0
			},
		},
      "When": { "Cat Breeds": "FoldStripedBrown" },
	},
    {
      "LogName": "FoldStripedRed",
      "Action": "EditData",
      "Target": "Data/Pets",
	  "TargetField": [ "Cat", "Breeds" ],
      "Entries": {
      "Elle.CuterCats.FoldStripedRed": {
		"Id": "Elle.CuterCats.FoldStripedRed",
			"Texture": "Mods\\Elle.CuterCats\\FoldStripedRed",
			"IconTexture": "Mods\\Elle.CuterCats\\icons",
			"IconSourceRect": {
				"X": 64,
				"Y": 240,
				"Width": 16,
				"Height": 16
				},
			"BarkOverride": null,
			"VoicePitch": 1.0
			},
		},
      "When": { "Cat Breeds": "FoldStripedRed" },
	},
    {
      "LogName": "FoldStripedMidnight",
      "Action": "EditData",
      "Target": "Data/Pets",
	  "TargetField": [ "Cat", "Breeds" ],
      "Entries": {
      "Elle.CuterCats.FoldStripedMidnight": {
		"Id": "Elle.CuterCats.FoldStripedMidnight",
			"Texture": "Mods\\Elle.CuterCats\\FoldStripedMidnight",
			"IconTexture": "Mods\\Elle.CuterCats\\icons",
			"IconSourceRect": {
				"X": 80,
				"Y": 240,
				"Width": 16,
				"Height": 16
				},
			"BarkOverride": null,
			"VoicePitch": 1.0
			},
		},
      "When": { "Cat Breeds": "FoldStripedMidnight" },
	},
    {
      "LogName": "FoldStripedBlack",
      "Action": "EditData",
      "Target": "Data/Pets",
	  "TargetField": [ "Cat", "Breeds" ],
      "Entries": {
      "Elle.CuterCats.FoldStripedBlack": {
		"Id": "Elle.CuterCats.FoldStripedBlack",
			"Texture": "Mods\\Elle.CuterCats\\FoldStripedBlack",
			"IconTexture": "Mods\\Elle.CuterCats\\icons",
			"IconSourceRect": {
				"X": 96,
				"Y": 240,
				"Width": 16,
				"Height": 16
				},
			"BarkOverride": null,
			"VoicePitch": 1.0
			},
		},
      "When": { "Cat Breeds": "FoldStripedBlack" },
	},
    {
      "LogName": "FoldStripedGrey",
      "Action": "EditData",
      "Target": "Data/Pets",
	  "TargetField": [ "Cat", "Breeds" ],
      "Entries": {
      "Elle.CuterCats.FoldStripedGrey": {
		"Id": "Elle.CuterCats.FoldStripedGrey",
			"Texture": "Mods\\Elle.CuterCats\\FoldStripedGrey",
			"IconTexture": "Mods\\Elle.CuterCats\\icons",
			"IconSourceRect": {
				"X": 112,
				"Y": 240,
				"Width": 16,
				"Height": 16
				},
			"BarkOverride": null,
			"VoicePitch": 1.0
			},
		},
      "When": { "Cat Breeds": "FoldStripedGrey" },
	},
    {
      "LogName": "FoldStripedSilver",
      "Action": "EditData",
      "Target": "Data/Pets",
	  "TargetField": [ "Cat", "Breeds" ],
      "Entries": {
      "Elle.CuterCats.FoldStripedSilver": {
		"Id": "Elle.CuterCats.FoldStripedSilver",
			"Texture": "Mods\\Elle.CuterCats\\FoldStripedSilver",
			"IconTexture": "Mods\\Elle.CuterCats\\icons",
			"IconSourceRect": {
				"X": 128,
				"Y": 240,
				"Width": 16,
				"Height": 16
				},
			"BarkOverride": null,
			"VoicePitch": 1.0
			},
		},
      "When": { "Cat Breeds": "FoldStripedSilver" },
	},
    {
      "LogName": "FoldStripedWhite",
      "Action": "EditData",
      "Target": "Data/Pets",
	  "TargetField": [ "Cat", "Breeds" ],
      "Entries": {
      "Elle.CuterCats.FoldStripedWhite": {
		"Id": "Elle.CuterCats.FoldStripedWhite",
			"Texture": "Mods\\Elle.CuterCats\\FoldStripedWhite",
			"IconTexture": "Mods\\Elle.CuterCats\\icons",
			"IconSourceRect": {
				"X": 144,
				"Y": 240,
				"Width": 16,
				"Height": 16
				},
			"BarkOverride": null,
			"VoicePitch": 1.0
			},
		},
      "When": { "Cat Breeds": "FoldStripedWhite" },
	},
    {
      "LogName": "FoldStripedVoid",
      "Action": "EditData",
      "Target": "Data/Pets",
	  "TargetField": [ "Cat", "Breeds" ],
      "Entries": {
      "Elle.CuterCats.FoldStripedVoid": {
		"Id": "Elle.CuterCats.FoldStripedVoid",
			"Texture": "Mods\\Elle.CuterCats\\FoldStripedVoid",
			"IconTexture": "Mods\\Elle.CuterCats\\icons",
			"IconSourceRect": {
				"X": 160,
				"Y": 240,
				"Width": 16,
				"Height": 16
				},
			"BarkOverride": null,
			"VoicePitch": 1.0
			},
		},
      "When": { "Cat Breeds": "FoldStripedVoid" },
	},
	
	
    //Load Images
    {
      "LogName": "Load images",
      "Action": "Load",
      "Target": "Mods\\Elle.CuterCats\\Bengal, Mods\\Elle.CuterCats\\BengalSilver, Mods\\Elle.CuterCats\\BengalVoid, Mods\\Elle.CuterCats\\BicolorBlonde, Mods\\Elle.CuterCats\\BicolorFawn, Mods\\Elle.CuterCats\\BicolorBrown, Mods\\Elle.CuterCats\\BicolorRed, Mods\\Elle.CuterCats\\BicolorMidnight, Mods\\Elle.CuterCats\\BicolorBlack, Mods\\Elle.CuterCats\\BicolorGrey, Mods\\Elle.CuterCats\\BicolorSilver, Mods\\Elle.CuterCats\\BicolorVoid, Mods\\Elle.CuterCats\\Calico1, Mods\\Elle.CuterCats\\Calico1Diluted, Mods\\Elle.CuterCats\\Calico1Void, Mods\\Elle.CuterCats\\Calico2, Mods\\Elle.CuterCats\\Calico2Diluted, Mods\\Elle.CuterCats\\Calico2Void, Mods\\Elle.CuterCats\\Chimera, Mods\\Elle.CuterCats\\ChimeraDiluted, Mods\\Elle.CuterCats\\ChimeraVoid, Mods\\Elle.CuterCats\\FoldBicolorBlonde, Mods\\Elle.CuterCats\\FoldBicolorFawn, Mods\\Elle.CuterCats\\FoldBicolorBrown, Mods\\Elle.CuterCats\\FoldBicolorRed, Mods\\Elle.CuterCats\\FoldBicolorMidnight, Mods\\Elle.CuterCats\\FoldBicolorBlack, Mods\\Elle.CuterCats\\FoldBicolorGrey, Mods\\Elle.CuterCats\\FoldBicolorSilver, Mods\\Elle.CuterCats\\FoldBicolorVoid, Mods\\Elle.CuterCats\\FoldSolidCream, Mods\\Elle.CuterCats\\FoldSolidBlonde, Mods\\Elle.CuterCats\\FoldSolidFawn, Mods\\Elle.CuterCats\\FoldSolidBrown, Mods\\Elle.CuterCats\\FoldSolidRed, Mods\\Elle.CuterCats\\FoldSolidMidnight, Mods\\Elle.CuterCats\\FoldSolidBlack, Mods\\Elle.CuterCats\\FoldSolidGrey, Mods\\Elle.CuterCats\\FoldSolidSilver, Mods\\Elle.CuterCats\\FoldSolidWhite, Mods\\Elle.CuterCats\\FoldSolidVoid, Mods\\Elle.CuterCats\\FoldStripedCream, Mods\\Elle.CuterCats\\FoldStripedBlonde, Mods\\Elle.CuterCats\\FoldStripedFawn, Mods\\Elle.CuterCats\\FoldStripedBrown, Mods\\Elle.CuterCats\\FoldStripedRed, Mods\\Elle.CuterCats\\FoldStripedMidnight, Mods\\Elle.CuterCats\\FoldStripedBlack, Mods\\Elle.CuterCats\\FoldStripedGrey, Mods\\Elle.CuterCats\\FoldStripedSilver, Mods\\Elle.CuterCats\\FoldStripedWhite, Mods\\Elle.CuterCats\\FoldStripedVoid, Mods\\Elle.CuterCats\\Ocicat, Mods\\Elle.CuterCats\\OcicatSilver, Mods\\Elle.CuterCats\\OcicatVoid, Mods\\Elle.CuterCats\\PointedBlonde, Mods\\Elle.CuterCats\\PointedFawn, Mods\\Elle.CuterCats\\PointedBrown, Mods\\Elle.CuterCats\\PointedRed, Mods\\Elle.CuterCats\\PointedMidnight, Mods\\Elle.CuterCats\\PointedBlack, Mods\\Elle.CuterCats\\PointedGrey, Mods\\Elle.CuterCats\\PointedSilver, Mods\\Elle.CuterCats\\PointedVoid, Mods\\Elle.CuterCats\\RagdollFawn, Mods\\Elle.CuterCats\\RagdollTan, Mods\\Elle.CuterCats\\RagdollRed, Mods\\Elle.CuterCats\\RagdollSilver, Mods\\Elle.CuterCats\\RagdollVoid, Mods\\Elle.CuterCats\\Siamese, Mods\\Elle.CuterCats\\SiameseSilver, Mods\\Elle.CuterCats\\SiameseVoid, Mods\\Elle.CuterCats\\SnowshoeFawn, Mods\\Elle.CuterCats\\SnowshoeTan, Mods\\Elle.CuterCats\\SnowshoeBrown, Mods\\Elle.CuterCats\\SnowshoeRed, Mods\\Elle.CuterCats\\SnowshoeGrey, Mods\\Elle.CuterCats\\SnowshoeSilver, Mods\\Elle.CuterCats\\SnowshoeVoid, Mods\\Elle.CuterCats\\SocksBlonde, Mods\\Elle.CuterCats\\SocksFawn, Mods\\Elle.CuterCats\\SocksBrown, Mods\\Elle.CuterCats\\SocksRed, Mods\\Elle.CuterCats\\SocksMidnight, Mods\\Elle.CuterCats\\SocksBlack, Mods\\Elle.CuterCats\\SocksGrey, Mods\\Elle.CuterCats\\SocksSilver, Mods\\Elle.CuterCats\\SocksVoid, Mods\\Elle.CuterCats\\SolidCream, Mods\\Elle.CuterCats\\SolidBlonde, Mods\\Elle.CuterCats\\SolidFawn, Mods\\Elle.CuterCats\\SolidBrown, Mods\\Elle.CuterCats\\SolidRed, Mods\\Elle.CuterCats\\SolidMidnight, Mods\\Elle.CuterCats\\SolidBlack, Mods\\Elle.CuterCats\\SolidGrey, Mods\\Elle.CuterCats\\SolidSilver, Mods\\Elle.CuterCats\\SolidWhite, Mods\\Elle.CuterCats\\SolidVoid, Mods\\Elle.CuterCats\\SolidVanilla, Mods\\Elle.CuterCats\\SpottedBlonde, Mods\\Elle.CuterCats\\SpottedFawn, Mods\\Elle.CuterCats\\SpottedBrown, Mods\\Elle.CuterCats\\SpottedRed, Mods\\Elle.CuterCats\\SpottedMidnight, Mods\\Elle.CuterCats\\SpottedBlack, Mods\\Elle.CuterCats\\SpottedGrey, Mods\\Elle.CuterCats\\SpottedSilver, Mods\\Elle.CuterCats\\SpottedVoid, Mods\\Elle.CuterCats\\StripedCream, Mods\\Elle.CuterCats\\StripedBlonde, Mods\\Elle.CuterCats\\StripedFawn, Mods\\Elle.CuterCats\\StripedBrown, Mods\\Elle.CuterCats\\StripedRed, Mods\\Elle.CuterCats\\StripedMidnight, Mods\\Elle.CuterCats\\StripedBlack, Mods\\Elle.CuterCats\\StripedGrey, Mods\\Elle.CuterCats\\StripedSilver, Mods\\Elle.CuterCats\\StripedWhite, Mods\\Elle.CuterCats\\StripedVoid, Mods\\Elle.CuterCats\\StripedVanilla, Mods\\Elle.CuterCats\\StripedSocksBlonde, Mods\\Elle.CuterCats\\StripedSocksFawn, Mods\\Elle.CuterCats\\StripedSocksBrown, Mods\\Elle.CuterCats\\StripedSocksRed, Mods\\Elle.CuterCats\\StripedSocksMidnight, Mods\\Elle.CuterCats\\StripedSocksBlack, Mods\\Elle.CuterCats\\StripedSocksGrey, Mods\\Elle.CuterCats\\StripedSocksSilver, Mods\\Elle.CuterCats\\StripedSocksVoid, Mods\\Elle.CuterCats\\StripedSocksVanilla, Mods\\Elle.CuterCats\\Tortie1, Mods\\Elle.CuterCats\\Tortie1Diluted, Mods\\Elle.CuterCats\\Tortie1Void, Mods\\Elle.CuterCats\\Tortie2, Mods\\Elle.CuterCats\\Tortie2Diluted, Mods\\Elle.CuterCats\\Tortie2Void, Mods\\Elle.CuterCats\\TurkishBlonde, Mods\\Elle.CuterCats\\TurkishFawn, Mods\\Elle.CuterCats\\TurkishBrown, Mods\\Elle.CuterCats\\TurkishRed, Mods\\Elle.CuterCats\\TurkishMidnight, Mods\\Elle.CuterCats\\TurkishBlack, Mods\\Elle.CuterCats\\TurkishGrey, Mods\\Elle.CuterCats\\TurkishSilver, Mods\\Elle.CuterCats\\TurkishVoid, Mods\\Elle.CuterCats\\TuxedoBlonde, Mods\\Elle.CuterCats\\TuxedoFawn, Mods\\Elle.CuterCats\\TuxedoBrown, Mods\\Elle.CuterCats\\TuxedoRed, Mods\\Elle.CuterCats\\TuxedoMidnight, Mods\\Elle.CuterCats\\TuxedoBlack, Mods\\Elle.CuterCats\\TuxedoGrey, Mods\\Elle.CuterCats\\TuxedoSilver, Mods\\Elle.CuterCats\\TuxedoVoid, Mods\\Elle.CuterCats\\icons",
      "FromFile": "assets/{{TargetWithoutPath}}.png"
    },
	
]
}