{
   "Format": "2.0.0",
   "Changes": [
   {
          "Action": "EditImage",
          "Target": "TileSheets/furniture",
          "FromFile": "Assets/furniture.png",
          "PatchMode": "replace",
       },
    {
          "Action": "EditImage",
          "Target": "TileSheets/furnitureFront",
          "FromFile": "Assets/furnitureFront.png",
          "PatchMode": "replace",
       },
	{
          "Action": "EditImage",
          "Target": "TileSheets/furniture_2",
          "FromFile": "Assets/furniture_2.png",
          "PatchMode": "replace",
       },
    {
          "Action": "EditImage",
          "Target": "TileSheets/furniture_2Front",
          "FromFile": "Assets/furniture_2Front.png",
          "PatchMode": "replace",
       },
	{
          "Action": "EditImage",
          "Target": "TileSheets/furniture_3",
          "FromFile": "Assets/furniture_3.png",
          "PatchMode": "replace",
       },
    {
          "Action": "EditImage",
          "Target": "TileSheets/furniture_3Front",
          "FromFile": "Assets/furniture_3Front.png",
          "PatchMode": "replace",
       },
	   
    {
          "Action": "EditImage",
          "Target": "TileSheets/joja_furniture",
          "FromFile": "Assets/joja_furniture.png",
          "PatchMode": "replace",
       },
    {
          "Action": "EditImage",
          "Target": "TileSheets/joja_furnitureFront",
          "FromFile": "Assets/joja_furnitureFront.png",
          "PatchMode": "replace",
       },
	{
          "Action": "EditImage",
          "Target": "TileSheets/junimo_furniture",
          "FromFile": "Assets/junimo_furniture.png",
          "PatchMode": "replace",
       },
	{
          "Action": "EditImage",
          "Target": "TileSheets/junimo_furnitureFront",
          "FromFile": "Assets/junimo_furnitureFront.png",
          "PatchMode": "replace",
       },
   {
          "Action": "EditImage",
          "Target": "TileSheets/retro_furniture",
          "FromFile": "Assets/retro_furniture.png",
          "PatchMode": "replace",
       },
   {
          "Action": "EditImage",
          "Target": "TileSheets/retro_furnitureFront",
          "FromFile": "Assets/retro_furnitureFront.png",
          "PatchMode": "replace",
       },
	{
          "Action": "EditImage",
          "Target": "TileSheets/wizard_furniture",
          "FromFile": "Assets/wizard_furniture.png",
          "PatchMode": "replace",
       },
	{
          "Action": "EditImage",
          "Target": "TileSheets/wizard_furnitureFront",
          "FromFile": "Assets/wizard_furnitureFront.png",
          "PatchMode": "replace",
       },

   ]
}
