{
  "Name": "Tomato (Joja)",
  "Description": "A tomato fruit grown from JojaCo seeds.",
  "Category": "Fruit",
  "CategoryTextOverride": "Joja Fruit",
  
  "Edibility": 10,
  "EdibleIsDrink": false,
  "EdibleBuffs": {
    "Farming": 0,
    "Fishing": 0,
    "Mining": 0,
    "Luck": 0,
	"Foraging": 0,
	"MaxStamina": 0,
    "MagnetRadius": 0,
	"Speed": 0,
	"Defense": 0,
	"Attack": 0,
    "Duration": 0,
  },
  
  "Price": 55,
  
  "IsColored": false,
  "Recipe": null,
  
  "GiftTastes": 
		{
		"Love": [ "Demetrius", ],
		"Like": [ "Morris", ],
		"Dislike": [ "Abigail", "Caroline", "Wizard", "Leah" ],
		"Hate": [  "Pierre", "Robin", ],	
		},
  
  
  "ContextTags": 
        [
        "color_red",
        "dye_strong",
		"season_summer",
		"fruit_item",
        ],

}