{
    "Format": "2.0.0",
    "ConfigSchema": 
    {
        "TimeOptions":
        {
            "AllowValues": "AlwaysOpen, OneHourEarlier, EarlySummer, FriendsWelcome, EarlySummerFriendsWelcome, NoChange",
            "Default": "FriendsWelcome",
            "Description": "Change what time people's doors unlock. AlwaysOpen will remove time restrictions so that doors are always unlocked, EarlySummer will extend unlock hours one hour earlier and later in summer only, OneHourEarlier unlocks doors one hour earlier than their vanilla times, FriendsWelcome unlocks doors earlier if friends with any adult member of the household, and NoChange keeps the vanilla unlock times."
        },
    },
    "DynamicTokens": [

// LEAH UNLOCK CONDITIONS
        {
            "Name": "LeahHouseDoorUnlockTime",
            "Value": "1000 1800",
        },
        {
            "Name": "LeahHouseDoorUnlockTime",
            "Value": "600 2600",
            "When": 
            {
                "TimeOptions |contains= AlwaysOpen": true
            }
        },
        {
            "Name": "LeahHouseDoorUnlockTime",
            "Value": "900 1800",
            "When": 
            {
                "TimeOptions |contains= OneHourEarlier": true
            }
        },
        {
            "Name": "LeahHouseDoorUnlockTime",
            "Value": "900 1900",
            "When": 
            {
                "TimeOptions |contains= EarlySummer, EarlySummerFriendsWelcome": true,
                "Season |contains= summer": true
            }
        },
        {
            "Name": "LeahHouseDoorUnlockTime",
            "Value": "900 1900",
            "When": 
            {
                "TimeOptions |contains= FriendsWelcome, EarlySummerFriendsWelcome": true,
                "Hearts:Leah": "{{Range: 4, 7}}"
            }
        },
        {
            "Name": "LeahHouseDoorUnlockTime",
            "Value": "600 2600",
            "When": 
            {
                "TimeOptions |contains= FriendsWelcome, EarlySummerFriendsWelcome": true,
                "Hearts:Leah": "{{Range: 8, 14}}"
            }
        },

// RANCH UNLOCK CONDITIONS
        {
            "Name": "AnimalShopDoorUnlockTime",
            "Value": "900 1800",
        },
        {
            "Name": "AnimalShopDoorUnlockTime",
            "Value": "600 2600",
            "When": 
            {
                "TimeOptions |contains= AlwaysOpen": true
            }
        },
        {
            "Name": "AnimalShopDoorUnlockTime",
            "Value": "800 1800",
            "When": 
            {
                "TimeOptions |contains= OneHourEarlier": true
            }
        },
        {
            "Name": "AnimalShopDoorUnlockTime",
            "Value": "800 1900",
            "When":
            {
                "TimeOptions |contains= EarlySummer, EarlySummerFriendsWelcome": true,
                "Season |contains= summer": true
            }
        },
        {
            "Name": "AnimalShopDoorUnlockTime",
            "Value": "800 1900",
            "When": 
            {
                "TimeOptions |contains= FriendsWelcome, EarlySummerFriendsWelcome": true,
                "Query: ({{Hearts:Marnie |contains= 4, 5, 6, 7}} = true) OR ({{Hearts:Shane |contains= 4, 5, 6, 7}} = true)": true
            }
        },
        {
            "Name": "AnimalShopDoorUnlockTime",
            "Value": "600 2600",
            "When": 
            {
                "TimeOptions |contains= FriendsWelcome, EarlySummerFriendsWelcome": true,
                "Query: ({{Hearts:Marnie |contains= 8, 9, 10}} = true) OR ({{Hearts:Shane |contains= 8, 9 , 10, 11, 12, 13, 14}} = true)": true
            }
        },

// MUSEUM UNLOCK CONDITIONS
        {
            "Name": "ArchaeologyHouseDoorUnlockTime",
            "Value": "800 1800",
        },
        {
            "Name": "ArchaeologyHouseDoorUnlockTime",
            "Value": "600 2600",
            "When": 
            {
                "TimeOptions |contains= AlwaysOpen": true
            }
        },
        {
            "Name": "ArchaeologyHouseDoorUnlockTime",
            "Value": "700 1800",
            "When":
            {
                "TimeOptions |contains= OneHourEarlier": true
            }
        },
        {
            "Name": "ArchaeologyHouseDoorUnlockTime",
            "Value": "700 1900",
            "When": 
            {
                "TimeOptions |contains= EarlySummer, EarlySummerFriendsWelcome": true,
                "Season |contains= summer": true
            }
        },
        {
            "Name": "ArchaeologyHouseDoorUnlockTime",
            "Value": "700 1900",
            "When": 
            {
                "TimeOptions |contains= FriendsWelcome, EarlySummerFriendsWelcome": true,
                "Hearts:Gunther": "{{Range: 4, 7}}",
                "HasMod |contains= Wolf.Gun, Yoshimax.BefriendMarlon": true
            }
        },
        {
            "Name": "ArchaeologyHouseDoorUnlockTime",
            "Value": "600 2600",
            "When": 
            {
                "TimeOptions |contains= FriendsWelcome, EarlySummerFriendsWelcome": true,
                "Hearts:Gunther": "{{Range: 8, 14}}",
                "HasMod |contains= Wolf.Gun, Yoshimax.BefriendMarlon": true
            }
        },

// HALEY & EMILY UNLOCK CONDITIONS
        {
            "Name": "HaleyHouseDoorUnlockTime",
            "Value": "900 2000",
        },
        {
            "Name": "HaleyHouseDoorUnlockTime",
            "Value": "600 2600",
            "When": 
            {
                "TimeOptions |contains= AlwaysOpen": true
            }
        },
        {
            "Name": "HaleyHouseDoorUnlockTime",
            "Value": "800 2000",
            "When": 
            {
                "TimeOptions |contains= OneHourEarlier": true
            }
        },
        {
            "Name": "HaleyHouseDoorUnlockTime",
            "Value": "800 2100",
            "When":
            {
                "TimeOptions |contains= EarlySummer, EarlySummerFriendsWelcome": true,
                "Season |contains= summer": true
            }
        },
        {
            "Name": "HaleyHouseDoorUnlockTime",
            "Value": "800 2100",
            "When": 
            {
                "TimeOptions |contains= FriendsWelcome, EarlySummerFriendsWelcome": true,
                "Query: ({{Hearts:Haley |contains= 4, 5, 6, 7}} = true) OR ({{Hearts:Emily |contains= 4, 5, 6, 7}} = true)": true
            }
        },
        {
            "Name": "HaleyHouseDoorUnlockTime",
            "Value": "600 2600",
            "When": 
            {
                "TimeOptions |contains= FriendsWelcome, EarlySummerFriendsWelcome": true,
                "Query: ({{Hearts:Haley |contains= 8, 9 , 10, 11, 12, 13, 14}} = true) OR ({{Hearts:Emily |contains= 8, 9, 10, 11, 12, 13, 14}} = true)": true
            }
        },

// LEWIS UNLOCK CONDITIONS
        {
            "Name": "ManorHouseDoorUnlockTime",
            "Value": "830 2200",
        },
        {
            "Name": "ManorHouseDoorUnlockTime",
            "Value": "600 2600",
            "When": 
            {
                "TimeOptions |contains= AlwaysOpen": true
            }
        },
        {
            "Name": "ManorHouseDoorUnlockTime",
            "Value": "730 2200",
            "When": 
            {
                "TimeOptions |contains= OneHourEarlier": true
            }
        },
        {
            "Name": "ManorHouseDoorUnlockTime",
            "Value": "730 2300",
            "When": 
            {
                "TimeOptions |contains= EarlySummer, EarlySummerFriendsWelcome": true,
                "Season |contains= summer": true
            }
        },
        {
            "Name": "ManorHouseDoorUnlockTime",
            "Value": "730 2300",
            "When": 
            {
                "TimeOptions |contains= FriendsWelcome, EarlySummerFriendsWelcome": true,
                "Hearts:Lewis": "{{Range: 4, 7}}"
            }
        },
        {
            "Name": "ManorHouseDoorUnlockTime",
            "Value": "600 2600",
            "When": 
            {
                "TimeOptions |contains= FriendsWelcome, EarlySummerFriendsWelcome": true,
                "Hearts:Lewis": "{{Range: 8, 10}}"
            }
        },

// SAM, VINCENT, JODI & KENT UNLOCK CONDITIONS
        {
            "Name": "SamHouseDoorUnlockTime",
            "Value": "900 2000",
        },
        {
            "Name": "SamHouseDoorUnlockTime",
            "Value": "600 2600",
            "When": 
            {
                "TimeOptions |contains= AlwaysOpen": true
            }
        },
        {
            "Name": "SamHouseDoorUnlockTime",
            "Value": "800 2000",
            "When": 
            {
                "TimeOptions |contains= OneHourEarlier": true
            }
        },
        {
            "Name": "SamHouseDoorUnlockTime",
            "Value": "800 2100",
            "When":
            {
                "TimeOptions |contains= EarlySummer, EarlySummerFriendsWelcome": true,
                "Season |contains= summer": true
            }
        },
        {
            "Name": "SamHouseDoorUnlockTime",
            "Value": "800 2100",
            "When": 
            {
                "TimeOptions |contains= FriendsWelcome, EarlySummerFriendsWelcome": true,
                "Query: ({{Hearts:Sam |contains= 4, 5, 6, 7}} = true) OR ({{Hearts:Jodi |contains= 4, 5, 6, 7}} = true)": true
            }
        },
        {
            "Name": "SamHouseDoorUnlockTime",
            "Value": "800 2100",
            "When": 
            {
                "TimeOptions |contains= FriendsWelcome, EarlySummerFriendsWelcome": true,
                "Query: ({{Hearts:Sam |contains= 4, 5, 6, 7}} = true) OR ({{Hearts:Jodi |contains= 4, 5, 6, 7}} = true) OR ({{Hearts:Kent |contains= 4, 5, 6, 7}} = true)": true,
                "Year |contains= 1": false
            }
        },
        {
            "Name": "SamHouseDoorUnlockTime",
            "Value": "600 2600",
            "When": 
            {
                "TimeOptions |contains= FriendsWelcome, EarlySummerFriendsWelcome": true,
                "Query: ({{Hearts:Sam |contains= 8, 9 , 10, 11, 12, 13, 14}} = true) OR ({{Hearts:Jodi |contains= 8, 9, 10}} = true)": true
            }
        },
        {
            "Name": "SamHouseDoorUnlockTime",
            "Value": "600 2600",
            "When": 
            {
                "TimeOptions |contains= FriendsWelcome, EarlySummerFriendsWelcome": true,
                "Query: ({{Hearts:Sam |contains= 8, 9 , 10, 11, 12, 13, 14}} = true) OR ({{Hearts:Jodi |contains= 8, 9, 10}} = true) OR ({{Hearts:Kent |contains= 4, 5, 6, 7}} = true)": true,
                "Year |contains= 1": false
            }
        },

// CLINT UNLOCK CONDITIONS
        {
            "Name": "BlacksmithDoorUnlockTime",
            "Value": "900 1600",
        },
        {
            "Name": "BlacksmithDoorUnlockTime",
            "Value": "600 2600",
            "When": 
            {
                "TimeOptions |contains= AlwaysOpen": true
            }
        },
        {
            "Name": "BlacksmithDoorUnlockTime",
            "Value": "800 1600",
            "When": 
            {
                "TimeOptions |contains= OneHourEarlier": true
            }
        },
        {
            "Name": "BlacksmithDoorUnlockTime",
            "Value": "800 1700",
            "When": 
            {
                "TimeOptions |contains= EarlySummer, EarlySummerFriendsWelcome": true,
                "Season |contains= summer": true
            }
        },
        {
            "Name": "BlacksmithDoorUnlockTime",
            "Value": "800 1700",
            "When": 
            {
                "TimeOptions |contains= FriendsWelcome, EarlySummerFriendsWelcome": true,
                "Hearts:Clint": "{{Range: 4, 7}}"
            }
        },
        {
            "Name": "BlacksmithDoorUnlockTime",
            "Value": "600 2600",
            "When": 
            {
                "TimeOptions |contains= FriendsWelcome, EarlySummerFriendsWelcome": true,
                "Hearts:Clint": "{{Range: 8, 10}}"
            }
        },

// SALOON UNLOCK CONDITIONS
        {
            "Name": "SaloonDoorUnlockTime",
            "Value": "1200 2400",
        },
        {
            "Name": "SaloonDoorUnlockTime",
            "Value": "600 2600",
            "When": 
            {
                "TimeOptions |contains= AlwaysOpen": true
            }
        },
        {
            "Name": "SaloonDoorUnlockTime",
            "Value": "1100 2400",
            "When": 
            {
                "TimeOptions |contains= OneHourEarlier": true
            }
        },
        {
            "Name": "SaloonDoorUnlockTime",
            "Value": "1100 2500",
            "When": 
            {
                "TimeOptions |contains= EarlySummer, EarlySummerFriendsWelcome": true,
                "Season |contains= summer": true
            }
        },
        {
            "Name": "SaloonDoorUnlockTime",
            "Value": "1100 2500",
            "When": 
            {
                "TimeOptions |contains= FriendsWelcome, EarlySummerFriendsWelcome": true,
                "Hearts:Gus": "{{Range: 4, 7}}"
            }
        },
        {
            "Name": "SaloonDoorUnlockTime",
            "Value": "600 2600",
            "When": 
            {
                "TimeOptions |contains= FriendsWelcome, EarlySummerFriendsWelcome": true,
                "Hearts:Gus": "{{Range: 8, 10}}"
            }
        },

// PAM & PENNY UNLOCK CONDITIONS
        {
            "Name": "TrailerDoorUnlockTime",
            "Value": "900 2000",
        },
        {
            "Name": "TrailerDoorUnlockTime",
            "Value": "600 2600",
            "When": 
            {
                "TimeOptions |contains= AlwaysOpen": true
            }
        },
        {
            "Name": "TrailerDoorUnlockTime",
            "Value": "800 2000",
            "When": 
            {
                "TimeOptions |contains= OneHourEarlier": true
            }
        },
        {
            "Name": "TrailerDoorUnlockTime",
            "Value": "800 2100",
            "When":
            {
                "TimeOptions |contains= EarlySummer, EarlySummerFriendsWelcome": true,
                "Season |contains= summer": true
            }
        },
        {
            "Name": "TrailerDoorUnlockTime",
            "Value": "800 2100",
            "When": 
            {
                "TimeOptions |contains= FriendsWelcome, EarlySummerFriendsWelcome": true,
                "Query: ({{Hearts:Penny |contains= 4, 5, 6, 7}} = true) OR ({{Hearts:Pam |contains= 4, 5, 6, 7}} = true)": true
            }
        },
        {
            "Name": "TrailerDoorUnlockTime",
            "Value": "600 2600",
            "When": 
            {
                "TimeOptions |contains= FriendsWelcome, EarlySummerFriendsWelcome": true,
                "Query: ({{Hearts:Penny |contains= 8, 9 , 10, 11, 12, 13, 14}} = true) OR ({{Hearts:Pam |contains= 8, 9, 10}} = true)": true
            }
        },

// ALEX, EVELYN & GEORGE UNLOCK CONDITIONS
        {
            "Name": "JoshHouseDoorUnlockTime",
            "Value": "800 2000",
        },
        {
            "Name": "JoshHouseDoorUnlockTime",
            "Value": "600 2600",
            "When": 
            {
                "TimeOptions |contains= AlwaysOpen": true
            }
        },
        {
            "Name": "JoshHouseDoorUnlockTime",
            "Value": "700 2000",
            "When": 
            {
                "TimeOptions |contains= OneHourEarlier": true
            }
        },
        {
            "Name": "JoshHouseDoorUnlockTime",
            "Value": "700 2100",
            "When":
            {
                "TimeOptions |contains= EarlySummer, EarlySummerFriendsWelcome": true,
                "Season |contains= summer": true
            }
        },
        {
            "Name": "JoshHouseDoorUnlockTime",
            "Value": "700 2100",
            "When": 
            {
                "TimeOptions |contains= FriendsWelcome, EarlySummerFriendsWelcome": true,
                "Query: ({{Hearts:Alex |contains= 4, 5, 6, 7}} = true) OR ({{Hearts:Evelyn |contains= 4, 5, 6, 7}} = true) OR ({{Hearts:George |contains= 4, 5, 6, 7}} = true)": true
            }
        },
        {
            "Name": "JoshHouseDoorUnlockTime",
            "Value": "600 2600",
            "When": 
            {
                "TimeOptions |contains= FriendsWelcome, EarlySummerFriendsWelcome": true,
                "Query: ({{Hearts:Alex |contains= 8, 9 , 10, 11, 12, 13, 14}} = true) OR ({{Hearts:Evelyn |contains= 8, 9, 10}} = true) OR ({{Hearts:George |contains= 8, 9, 10}} = true)": true
            }
        },

// ABIGAIL, PIERRE & CAROLINE UNLOCK CONDITIONS
        {
            "Name": "SeedShopDoorUnlockTime",
            "Value": "900 2100",
        },
        {
            "Name": "SeedShopDoorUnlockTime",
            "Value": "600 2600",
            "When": 
            {
                "TimeOptions |contains= AlwaysOpen": true
            }
        },
        {
            "Name": "SeedShopDoorUnlockTime",
            "Value": "800 2100",
            "When": 
            {
                "TimeOptions |contains= OneHourEarlier": true
            }
        },
        {
            "Name": "SeedShopDoorUnlockTime",
            "Value": "800 2200",
            "When":
            {
                "TimeOptions |contains= EarlySummer, EarlySummerFriendsWelcome": true,
                "Season |contains= summer": true
            }
        },
        {
            "Name": "SeedShopDoorUnlockTime",
            "Value": "800 2200",
            "When": 
            {
                "TimeOptions |contains= FriendsWelcome, EarlySummerFriendsWelcome": true,
                "Query: ({{Hearts:Abigail |contains= 4, 5, 6, 7}} = true) OR ({{Hearts:Pierre |contains= 4, 5, 6, 7}} = true) OR ({{Hearts:Caroline |contains= 4, 5, 6, 7}} = true)": true
            }
        },
        {
            "Name": "SeedShopDoorUnlockTime",
            "Value": "600 2600",
            "When": 
            {
                "TimeOptions |contains= FriendsWelcome, EarlySummerFriendsWelcome": true,
                "Query: ({{Hearts:Abigail |contains= 8, 9 , 10, 11, 12, 13, 14}} = true) OR ({{Hearts:Pierre |contains= 8, 9, 10}} = true) OR ({{Hearts:Caroline |contains= 8, 9, 10}} = true)": true
            }
        },

// HARVEY UNLOCK CONDITIONS
        {
            "Name": "HospitalDoorUnlockTime",
            "Value": "900 1500",
        },
        {
            "Name": "HospitalDoorUnlockTime",
            "Value": "600 2600",
            "When": 
            {
                "TimeOptions |contains= AlwaysOpen": true
            }
        },
        {
            "Name": "HospitalDoorUnlockTime",
            "Value": "800 1500",
            "When": 
            {
                "TimeOptions |contains= OneHourEarlier": true
            }
        },
        {
            "Name": "HospitalDoorUnlockTime",
            "Value": "800 1600",
            "When": 
            {
                "TimeOptions |contains= EarlySummer, EarlySummerFriendsWelcome": true,
                "Season |contains= summer": true
            }
        },
        {
            "Name": "HospitalDoorUnlockTime",
            "Value": "800 1600",
            "When": 
            {
                "TimeOptions |contains= FriendsWelcome, EarlySummerFriendsWelcome": true,
                "Hearts:Harvey": "{{Range: 4, 7}}"
            }
        },
        {
            "Name": "HospitalDoorUnlockTime",
            "Value": "600 2600",
            "When": 
            {
                "TimeOptions |contains= FriendsWelcome, EarlySummerFriendsWelcome": true,
                "Hearts:Harvey": "{{Range: 8, 14}}"
            }
        },

// JOJAMART UNLOCK CONDITIONS
        {
            "Name": "JojamartDoorUnlockTime",
            "Value": "900 2300",
        },
        {
            "Name": "JojamartDoorUnlockTime",
            "Value": "600 2600",
            "When": 
            {
                "TimeOptions |contains= AlwaysOpen": true
            }
        },
        {
            "Name": "JojamartDoorUnlockTime",
            "Value": "800 2300",
            "When": 
            {
                "TimeOptions |contains= OneHourEarlier": true
            }
        },
        {
            "Name": "JojamartDoorUnlockTime",
            "Value": "800 2400",
            "When": 
            {
                "TimeOptions |contains= EarlySummer, EarlySummerFriendsWelcome": true,
                "Season |contains= summer": true
            }
        },

// MARU, SEBASTIAN, ROBIN & DEMETRIUS UNLOCK CONDITIONS
        {
            "Name": "ScienceHouseDoorUnlockTime",
            "Value": "900 2000",
        },
        {
            "Name": "ScienceHouseDoorUnlockTime",
            "Value": "600 2600",
            "When": 
            {
                "TimeOptions |contains= AlwaysOpen": true
            }
        },
        {
            "Name": "ScienceHouseDoorUnlockTime",
            "Value": "800 2000",
            "When": 
            {
                "TimeOptions |contains= OneHourEarlier": true
            }
        },
        {
            "Name": "ScienceHouseDoorUnlockTime",
            "Value": "800 2100",
            "When":
            {
                "TimeOptions |contains= EarlySummer, EarlySummerFriendsWelcome": true,
                "Season |contains= summer": true
            }
        },
        {
            "Name": "ScienceHouseDoorUnlockTime",
            "Value": "800 2100",
            "When": 
            {
                "TimeOptions |contains= FriendsWelcome, EarlySummerFriendsWelcome": true,
                "Query: ({{Hearts:Maru |contains= 4, 5, 6, 7}} = true) OR ({{Hearts:Sebastian |contains= 4, 5, 6, 7}} = true) OR ({{Hearts:Robin |contains= 4, 5, 6, 7}} = true) OR ({{Hearts:Demetrius |contains= 4, 5, 6, 7}} = true)": true
            }
        },
        {
            "Name": "ScienceHouseDoorUnlockTime",
            "Value": "600 2600",
            "When": 
            {
                "TimeOptions |contains= FriendsWelcome, EarlySummerFriendsWelcome": true,
                "Query: ({{Hearts:Maru |contains= 8, 9 , 10, 11, 12, 13, 14}} = true) OR ({{Hearts:Sebastian |contains= 8, 9 , 10, 11, 12, 13, 14}} = true) OR ({{Hearts:Robin |contains= 8, 9, 10}} = true) OR ({{Hearts:Demetrius |contains= 8, 9, 10}} = true)": true
            }
        },

// ADVENTURER'S GUILD UNLOCK CONDITIONS
        {
            "Name": "AdventureGuildDoorUnlockTime",
            "Value": "1400 2200",
        },
        {
            "Name": "AdventureGuildDoorUnlockTime",
            "Value": "600 2600",
            "When": 
            {
                "TimeOptions |contains= AlwaysOpen": true
            }
        },
        {
            "Name": "AdventureGuildDoorUnlockTime",
            "Value": "1300 2200",
            "When":
            {
                "TimeOptions |contains= OneHourEarlier": true
            }
        },
        {
            "Name": "AdventureGuildDoorUnlockTime",
            "Value": "1300 2300",
            "When": 
            {
                "TimeOptions |contains= EarlySummer, EarlySummerFriendsWelcome": true,
                "Season |contains= summer": true
            }
        },
        {
            "Name": "AdventureGuildDoorUnlockTime",
            "Value": "1300 2300",
            "When": 
            {
                "TimeOptions |contains= FriendsWelcome, EarlySummerFriendsWelcome": true,
                "Hearts:Marlon": "{{Range: 4, 7}}",
                "HasMod |contains= Wolf.Marlon, Yoshimax.BefriendMarlon": true
            }
        },
        {
            "Name": "AdventureGuildDoorUnlockTime",
            "Value": "600 2600",
            "When": 
            {
                "TimeOptions |contains= FriendsWelcome, EarlySummerFriendsWelcome": true,
                "Hearts:Gunther": "{{Range: 8, 14}}",
                "HasMod |contains= Wolf.Gun, Yoshimax.BefriendMarlon": true
            }
        },

// WILLY UNLOCK CONDITIONS
        {
            "Name": "FishShopDoorUnlockTime",
            "Value": "900 1700",
        },
        {
            "Name": "FishShopDoorUnlockTime",
            "Value": "600 2600",
            "When": 
            {
                "TimeOptions |contains= AlwaysOpen": true
            }
        },
        {
            "Name": "FishShopDoorUnlockTime",
            "Value": "800 1700",
            "When": 
            {
                "TimeOptions |contains= OneHourEarlier": true
            }
        },
        {
            "Name": "FishShopDoorUnlockTime",
            "Value": "800 1800",
            "When": 
            {
                "TimeOptions |contains= EarlySummer, EarlySummerFriendsWelcome": true,
                "Season |contains= summer": true
            }
        },
        {
            "Name": "FishShopDoorUnlockTime",
            "Value": "800 1800",
            "When": 
            {
                "TimeOptions |contains= FriendsWelcome, EarlySummerFriendsWelcome": true,
                "Hearts:Willy": "{{Range: 4, 7}}"
            }
        },
        {
            "Name": "FishShopDoorUnlockTime",
            "Value": "600 2600",
            "When": 
            {
                "TimeOptions |contains= FriendsWelcome, EarlySummerFriendsWelcome": true,
                "Hearts:Willy": "{{Range: 8, 10}}"
            }
        },

// ELLIOTT UNLOCK CONDITIONS
        {
            "Name": "ElliottHouseDoorUnlockTime",
            "Value": "1000 1800",
        },
        {
            "Name": "ElliottHouseDoorUnlockTime",
            "Value": "600 2600",
            "When": 
            {
                "TimeOptions |contains= AlwaysOpen": true
            }
        },
        {
            "Name": "ElliottHouseDoorUnlockTime",
            "Value": "900 1800",
            "When": 
            {
                "TimeOptions |contains= OneHourEarlier": true
            }
        },
        {
            "Name": "ElliottHouseDoorUnlockTime",
            "Value": "900 1900",
            "When": 
            {
                "TimeOptions |contains= EarlySummer, EarlySummerFriendsWelcome": true,
                "Season |contains= summer": true
            }
        },
        {
            "Name": "ElliottHouseDoorUnlockTime",
            "Value": "900 1900",
            "When": 
            {
                "TimeOptions |contains= FriendsWelcome, EarlySummerFriendsWelcome": true,
                "Hearts:Elliott": "{{Range: 4, 7}}"
            }
        },
        {
            "Name": "ElliottHouseDoorUnlockTime",
            "Value": "600 2600",
            "When": 
            {
                "TimeOptions |contains= FriendsWelcome, EarlySummerFriendsWelcome": true,
                "Hearts:Elliott": "{{Range: 8, 14}}"
            }
        },

// SANDY UNLOCK CONDITIONS
        {
            "Name": "SandyHouseDoorUnlockTime",
            "Value": "900 2350",
        },
        {
            "Name": "SandyHouseDoorUnlockTime",
            "Value": "600 2600",
            "When": 
            {
                "TimeOptions |contains= AlwaysOpen": true
            }
        },
        {
            "Name": "SandyHouseDoorUnlockTime",
            "Value": "800 2350",
            "When": 
            {
                "TimeOptions |contains= OneHourEarlier": true
            }
        },
        {
            "Name": "SandyHouseDoorUnlockTime",
            "Value": "800 2450",
            "When": 
            {
                "TimeOptions |contains= EarlySummer, EarlySummerFriendsWelcome": true,
                "Season |contains= summer": true
            }
        },
        {
            "Name": "SandyHouseDoorUnlockTime",
            "Value": "800 2450",
            "When": 
            {
                "TimeOptions |contains= FriendsWelcome, EarlySummerFriendsWelcome": true,
                "Hearts:Sandy": "{{Range: 4, 7}}"
            }
        },
        {
            "Name": "SandyHouseDoorUnlockTime",
            "Value": "600 2600",
            "When":
            {
                "TimeOptions |contains= FriendsWelcome, EarlySummerFriendsWelcome": true,
                "Hearts:Sandy": "{{Range: 8, 10}}"
            }
        },

    ],
    "Changes": 
    [
        {
            "LogName": "Leah Door Unlock",
            "Action": "EditMap",
            "Target": "Maps/Forest",
            "MapTiles":
            [
                {
                    "Position": 
                    {
                        "X": 104,
                        "Y": 32
                    },
                    "Layer": "Buildings",
                    "SetProperties": 
                    {
                        "Action": "LockedDoorWarp 7 9 LeahHouse {{LeahHouseDoorUnlockTime}} Leah 500"
                    }
                },
                {
                    "Position": 
                    {
                        "X": 90,
                        "Y": 15
                    },
                    "Layer": "Buildings",
                    "SetProperties": 
                    {
                        "Action": "LockedDoorWarp 13 19 AnimalShop {{AnimalShopDoorUnlockTime}}"
                    }
                }
            ],
        },
        {
            "LogName": "Ranch Door Unlock",
            "Action": "EditMap",
            "Target": "Maps/Forest",
            "MapTiles":
            [
                {
                    "Position": 
                    {
                        "X": 90,
                        "Y": 15
                    },
                    "Layer": "Buildings",
                    "SetProperties": 
                    {
                        "Action": "LockedDoorWarp 13 19 AnimalShop {{AnimalShopDoorUnlockTime}}"
                    }
                }
            ]
        },
        {
            "LogName": "Museum Door Unlock",
            "Action": "EditMap",
            "Target": "Maps/Town",
            "MapTiles":
            [
                {
                    "Position": 
                    {
                        "X": 101,
                        "Y": 89
                    },
                    "Layer": "Buildings",
                    "SetProperties": 
                    {
                        "Action": "LockedDoorWarp 3 14 ArchaeologyHouse {{ArchaeologyHouseDoorUnlockTime}}"
                    }
                }
            ]
        },
        {
            "LogName": "Haley & Emily Door Unlock",
            "Action": "EditMap",
            "Target": "Maps/Town",
            "MapTiles":
            [
                {
                    "Position": 
                    {
                        "X": 20,
                        "Y": 88
                    },
                    "Layer": "Buildings",
                    "SetProperties": 
                    {
                        "Action": "LockedDoorWarp 2 24 HaleyHouse {{HaleyHouseDoorUnlockTime}}"
                    }
                }
            ]
        },
        {
            "LogName": "Lewis Door Unlock",
            "Action": "EditMap",
            "Target": "Maps/Town",
            "MapTiles":
            [
                {
                    "Position": 
                    {
                        "X": 58,
                        "Y": 85
                    },
                    "Layer": "Buildings",
                    "SetProperties": 
                    {
                        "Action": "LockedDoorWarp 4 11 ManorHouse {{ManorHouseDoorUnlockTime}}"
                    }
                },
                {
                    "Position": 
                    {
                        "X": 59,
                        "Y": 85
                    },
                    "Layer": "Buildings",
                    "SetProperties": 
                    {
                        "Action": "LockedDoorWarp 5 11 ManorHouse {{ManorHouseDoorUnlockTime}}"
                    }
                }
            ]
        },
        {
            "LogName": "Sam & Family Door Unlock",
            "Action": "EditMap",
            "Target": "Maps/Town",
            "MapTiles":
            [
                {
                    "Position": 
                    {
                        "X": 10,
                        "Y": 85
                    },
                    "Layer": "Buildings",
                    "SetProperties": 
                    {
                        "Action": "LockedDoorWarp 4 23 SamHouse {{SamHouseDoorUnlockTime}}"
                    }
                }
            ]
        },
        {
            "LogName": "Clint Door Unlock",
            "Action": "EditMap",
            "Target": "Maps/Town",
            "MapTiles":
            [
                {
                    "Position": 
                    {
                        "X": 94,
                        "Y": 81
                    },
                    "Layer": "Buildings",
                    "SetProperties": 
                    {
                        "Action": "LockedDoorWarp 5 19 Blacksmith {{BlacksmithDoorUnlockTime}}"
                    }
                }
            ]
        },
        {
            "LogName": "Saloon Door Unlock",
            "Action": "EditMap",
            "Target": "Maps/Town",
            "MapTiles":
            [
                {
                    "Position": 
                    {
                        "X": 45,
                        "Y": 70
                    },
                    "Layer": "Buildings",
                    "SetProperties": 
                    {
                        "Action": "LockedDoorWarp 14 24 Saloon {{SaloonDoorUnlockTime}}"
                    }
                }
            ]
        },
        {
            "LogName": "Penny & Pam Door Unlock",
            "Action": "EditMap",
            "Target": "Maps/Town",
            "MapTiles":
            [
                {
                    "Position": 
                    {
                        "X": 72,
                        "Y": 68
                    },
                    "Layer": "Buildings",
                    "SetProperties": 
                    {
                        "Action": "LockedDoorWarp 12 9 Trailer {{TrailerDoorUnlockTime}}"
                    }
                }
            ],
            "When": 
            {
                "HasFlag |contains= pamHouseUpgrade": false
            }
        },
        {
            "LogName": "Penny & Pam Door Unlock",
            "Action": "EditMap",
            "Target": "Maps/Town",
            "MapTiles":
            [
                {
                    "Position": 
                    {
                        "X": 72,
                        "Y": 68
                    },
                    "Layer": "Buildings",
                    "SetProperties": 
                    {
                        "Action": "LockedDoorWarp 13 23 Trailer_big {{TrailerDoorUnlockTime}}"
                    }
                }
            ],
            "When": 
            {
                "HasFlag |contains= pamHouseUpgrade": true
            }
        },
        {
            "LogName": "Alex & Family Door Unlock",
            "Action": "EditMap",
            "Target": "Maps/Town",
            "MapTiles":
            [
                {
                    "Position": 
                    {
                        "X": 57,
                        "Y": 63
                    },
                    "Layer": "Buildings",
                    "SetProperties": 
                    {
                        "Action": "LockedDoorWarp 9 24 JoshHouse {{JoshHouseDoorUnlockTime}}"
                    }
                }
            ]
        },
        {
            "LogName": "Abigail & Family Door Unlock",
            "Action": "EditMap",
            "Target": "Maps/Town",
            "MapTiles":
            [
                {
                    "Position": 
                    {
                        "X": 43,
                        "Y": 56
                    },
                    "Layer": "Buildings",
                    "SetProperties": 
                    {
                        "Action": "LockedDoorWarp 6 29 SeedShop {{SeedShopDoorUnlockTime}}"
                    }
                },
                {
                    "Position": 
                    {
                        "X": 44,
                        "Y": 56
                    },
                    "Layer": "Buildings",
                    "SetProperties": 
                    {
                        "Action": "LockedDoorWarp 6 29 SeedShop {{SeedShopDoorUnlockTime}}"
                    }
                }
            ]
        },
        {
            "LogName": "Clinic Door Unlock",
            "Action": "EditMap",
            "Target": "Maps/Town",
            "MapTiles":
            [
                {
                    "Position": 
                    {
                        "X": 36,
                        "Y": 55
                    },
                    "Layer": "Buildings",
                    "SetProperties": 
                    {
                        "Action": "LockedDoorWarp 10 19 Hospital {{HospitalDoorUnlockTime}}"
                    }
                }
            ]
        },
        {
            "LogName": "JojaMart Door Unlock",
            "Action": "EditMap",
            "Target": "Maps/Town",
            "MapTiles":
            [
                {
                    "Position": 
                    {
                        "X": 95,
                        "Y": 50
                    },
                    "Layer": "Buildings",
                    "SetProperties": 
                    {
                        "Action": "LockedDoorWarp 13 29 JojaMart {{JojamartDoorUnlockTime}}"
                    }
                },
                {
                    "Position": 
                    {
                        "X": 96,
                        "Y": 50
                    },
                    "Layer": "Buildings",
                    "SetProperties": 
                    {
                        "Action": "LockedDoorWarp 14 29 JojaMart {{JojamartDoorUnlockTime}}"
                    }
                }
            ]
        },
        {
            "LogName": "Carpenter Door Unlock",
            "Action": "EditMap",
            "Target": "Maps/Mountain",
            "MapTiles":
            [
                {
                    "Position": 
                    {
                        "X": 12,
                        "Y": 25
                    },
                    "Layer": "Buildings",
                    "SetProperties": 
                    {
                        "Action": "LockedDoorWarp 6 24 ScienceHouse {{ScienceHouseDoorUnlockTime}}"
                    }
                },
                {
                    "Position": 
                    {
                        "X": 8,
                        "Y": 20
                    },
                    "Layer": "Buildings",
                    "SetProperties": 
                    {
                        "Action": "LockedDoorWarp 3 8 ScienceHouse {{ScienceHouseDoorUnlockTime}}"
                    }
                }
            ]
        },
        {
            "LogName": "Adventurer's Guild Door Unlock",
            "Action": "EditMap",
            "Target": "Maps/Mountain",
            "MapTiles":
            [
                {
                    "Position": 
                    {
                        "X": 76,
                        "Y": 8
                    },
                    "Layer": "Buildings",
                    "SetProperties": 
                    {
                        "Action": "LockedDoorWarp 6 19 AdventureGuild {{AdventureGuildDoorUnlockTime}}"
                    }
                }
            ]
        },
        {
            "LogName": "Willy Door Unlock",
            "Action": "EditMap",
            "Target": "Maps/Beach",
            "MapTiles":
            [
                {
                    "Position": 
                    {
                        "X": 30,
                        "Y": 33
                    },
                    "Layer": "Buildings",
                    "SetProperties": 
                    {
                        "Action": "LockedDoorWarp 5 9 FishShop {{FishShopDoorUnlockTime}}"
                    }
                }
            ]
        },
        {
            "LogName": "Elliott Door Unlock",
            "Action": "EditMap",
            "Target": "Maps/Beach",
            "MapTiles":
            [
                {
                    "Position": 
                    {
                        "X": 49,
                        "Y": 10
                    },
                    "Layer": "Buildings",
                    "SetProperties": 
                    {
                        "Action": "LockedDoorWarp 3 9 ElliottHouse {{ElliottHouseDoorUnlockTime}} Elliott 500"
                    }
                }
            ]
        },
        {
            "LogName": "Sandy Door Unlock",
            "Action": "EditMap",
            "Target": "Maps/Desert",
            "MapTiles":
            [
                {
                    "Position": 
                    {
                        "X": 6,
                        "Y": 51
                    },
                    "Layer": "Buildings",
                    "SetProperties": 
                    {
                        "Action": "LockedDoorWarp 4 9 SandyHouse {{SandyHouseDoorUnlockTime}}"
                    }
                }
            ]
        },
    ]
}