{
	"Changes": [
		{
			"Action": "EditData",
			"Target": "Strings/StringsFromMaps",
			"Entries": {
				"Renciel.Marnie1": "It's interesting to see all these rows of books about animals!",
				"Renciel.Marnie2": "A stack of pizza boxes is hidden in the back of the refrigerator along with a variety of nutritious fruits.",
				"Renciel.Marnie3": "The logs have been chopped nicely! I wonder who cuts them?",
				"Renciel.Marnie4": "This must be the hay bales Marnie uses for the ranch.",
				"Renciel.Marnie5": "It's a stack of chopped logs tied together.",
				"Renciel.Marnie6": "There's a bunch of mixed feed inside.",
				"Renciel.Marnie7": "It's a grandfather clock ticking tirelessly.",
				"Renciel.Marnie8": "There's a plushie of a smiling pink apple here, how soft!",
				"Renciel.Marnie9": "Another stool is tucked here under the table.",
				"Renciel.Clint1": "A pile of unsent letters with no address, these look pretty old.",
				"Renciel.Clint2": "Looks like good quality coal Clint uses to keep the fire going.",
				"Renciel.Clint3": "A box full of ores, perhaps these arrived recently?",
				"Renciel.Clint4": "A shovel used to bring coal to the furnace.",
				"Renciel.Clint5": "You take a glance inside the slightly ajar cabinet. It's filled with spiderwebs, and there appears to be another stack of letters tucked away in the corner.",
				"Renciel.Clint6": "There's a bunch of sticky notes full of hastily written reminders and a half eaten pizza, It looks like it's been out for awhile as ants are starting to infest it.",
				"Renciel.Clint7": "It's full of microwave-ready food and canned soda.",
				"Renciel.Clint8": "This appears to be one of Clint's older projects, based on the number of dents and nicks there I doubt he plans to finish it anytime soon.",
				"Renciel.Clint9": "It's an empty can of soda.",
				"Renciel.Haley1": "There's a big selection of books lined up neatly.",
				"Renciel.Haley2": "It's a display cabinet full of expensive looking tableware, I should be extra cautious around this.",
				"Renciel.Haley3": "Woah, these plants look pretty cool!",
				"Renciel.Haley4": "It's empty.",
				"Renciel.Haley5": "It's a healthy potted bonsai tree that appears to have been well cared for.",
				"Renciel.Haley6": "It's a corkboard full of small notes and a record of cleaning duties, looks like Haley hasn't been doing much.",
				"Renciel.Haley7": "It's a potted plant soaking up the rays. So far, it appears to be in good health!",
				"Renciel.Haley8": "It's an expensive looking crystal, it gives you a light feeling.",
				"Renciel.Haley9": "There's a stack of books titled in different languages piled neatly here.",
				"Renciel.Harvey1": "'Ways to alleviate a Wrist Fracture'",
				"Renciel.Harvey2": "There's a metal box here locked shut.",
				"Renciel.Harvey3": "It's a note written in a foreign language, you can't quite understand.",
				"Renciel.Harvey4": "'Nobody Owns the Sky: Limited Edition.'",
				"Renciel.Harvey5": "'Flight' by Bobert Rurleigh.",
				"Renciel.Harvey6": "It's a model airplane in pieces.",
				"Renciel.Harvey7": "I didn't know Harvey used a laptop, I wonder what he searches?",
				"Renciel.Harvey8": "A number of documents with various images and technical information about planes are taped to the wall.",
				"Renciel.Jodi1": "It's locked by a passcode.",
				"Renciel.Jodi2": "'The Solarion Chronicles: Part II.'",
				"Renciel.Jodi3": "There's a variety of school books aligned on the shelf, but it looks untouched.",
				"Renciel.Jodi4": "It's a sewing machine with leftover thread still hooked, looks like Jodi uses it often.",
				"Renciel.Jodi5": "It's a picture of a younger Jodi beside a young man, they look happy.",
				"Renciel.Leah1": "It's pretty clean besides a few leaves scattered about.",
				"Renciel.Leah2": "'To Remove a Thorn: Part II.'",
				"Renciel.Leah3": "'The Nature Escapade.'",
				"Renciel.Leah4": "There's an impressive selection of fresh forage stored here.",
				"Renciel.Leah5": "It's a freshly squeezed apple juice!",
				"Renciel.Leah6": "It's a stack of log piled neatly together.",
				"Renciel.Leah7": "'The Foraging Fanatic.'",
				"Renciel.Guild1": "'Firewalker Boots: This sturdy pair of boots is only available to brave adventurers who have proven themselves deserving. They can shield you from dangerous temperatures and powerful attacks.",
				"Renciel.Guild2": "'Tundra Boots: Has sufficient thickness to shield your feet from the cold and weak attacks.'",
				"Renciel.Guild3": "'Dark Boots: Solid black leather boots that are of good quality.'",
				"Renciel.Guild4": "'Silver Saber: Its blade is coated in silver to resist corrosion, making it a decent sword for an apprentice.",
				"Renciel.Guild5": "'Templar's Glaive: Once owned by an honorable knight, it's blade will give you a small sense of security.'",
				"Renciel.Guild6": "'Pirate's Sword: A light, semi-sharp blade great for the nimble footed.'",
				"Renciel.Guild7": "'Steel Falchion: It is a light, deadly blade reserved for brave adventurers who have proven themselves deserving. This weapon is ideal for swift, fatal attacks.'",
				"Renciel.Guild8": "'Elf's Blade: A blade crafted by the nimble hands of an elf, it boasts a very sharp edge good for fatal hits.'",
				"Renciel.Guild9": "It reeks of booze.",
				"Renciel.Guild10": "There's a faint foul odor coming from inside, it's probably best not to look.",
				"Renciel.Guild11": "There's rows of monster information in it's own little pamphlet lined here, cool!",
				"Renciel.Guild12": "It's a map of the world, hey there's Stardew Valley!",
				"Renciel.Guild13": "There's a small selection of booze here.",
				"Renciel.Guild14": "There's a very sharp sword wedged under the bed, best not to touch it.",
				"Renciel.Casino1": "Lady: Trying to play some CalicoJack? Go right ahead, I'm just here to spectate.",
				"Renciel.Casino2": "Guy: I'm making sure the dealer isn't doing any funny business.",
				"Renciel.Casino3": "Smug Guy: Move along kid, I'm taking a breather from all my wins.",
				"Renciel.Casino4": "Lady: I've definitely been here more than I'm supposed to.",
				"Renciel.Casino5": "Guy: Hmmm.. Maybe I should just stand once it reaches 16.",
				"Renciel.Casino6": "Tired Lady: Sigh, babe can we go home yet?",
				"Renciel.Casino7": "Cheerful Man: The merchant here is a good friend of mine, be sure to buy something from them!",
				"Renciel.Casino8": "Dealer: The table next to mine is tended by my twin brother, you should go there instead.",
				"Renciel.Hospital1": "'The Solarion Chronicles: Final Showdown.'",
				"Renciel.Hospital2": "It looks like this is where they put the patients records, I don't think I should mess with this.",
				"Renciel.Hospital3": "It's locked by a passcode.",
				"Renciel.Hospital4": "It's empty.",
				"Renciel.Hospital5": "'The Anatomy of Hope' by Gerome Jroopman.",
				"Renciel.Hospital6": "'Mountains Beyond Mountains' by Kracey T.",
				"Renciel.Hospital7": "There's a bunch of sticky notes with hastily written reminders stuck to the wall.",
				"Renciel.Hospital8": "A growing potted succulent, it looks great so far!",
				"Renciel.Hospital9": "It's a corkboard filled with heartfelt quotes and small drawings.",
				"Renciel.Hospital10": "An assortment of non-sugary sweets and flavored mints, maybe I should take one?",
				"Renciel.Hospital11": "It's a log book, you're relieved to see few entries.",
				"Renciel.Pam1": "The cupboard is full of non-perishables and instant meals from Joja.",
				"Renciel.Pam2": "It's a portrait of a young lady, I wonder who this could be?",
				"Renciel.Pam3": "There's a bunch of sticky notes posted on the wall and a book titled 'Helping in the Shadows'.",
				"Renciel.Pam4": "It's a Joja cola that's been tipped over.",
				"Renciel.Pam5": "It's a pile of letters with no address, these look pretty old.",
				"Renciel.Pam6": "It's drowning in clothes, best to not sit here.",
				"Renciel.Pam7": "A pack of Joja cola and beer cans bundled together.",
				"Renciel.Pam8": "Looks like Penny is trying to grow a plant, it looks healthy so far!",
				"Renciel.Pam9": "It's a globe with a bunch of pins stuck in various locations.",
				"Renciel.Pam10": "There's a bunch of empty beer cans piled on ripped writings inside, looks like Pam wrote these herself.",
				"Renciel.Pam11": "It's a wine bottle, it looks untouched.",
				"Renciel.Pam12": "It's a drawing from Jas and Vincent.",
				"Renciel.Robin1": "It's a beautiful life-sized sculpture of a bear, whoever made this must be an expert!",
				"Renciel.Robin2": "It looks like Demetrius has been examining these neat displays of various gems and minerals.",
				"Renciel.Robin3": "A chiller that has numerous mineral samples labeled in different containers, best not to touch any of it.",
				"Renciel.Robin4": "It kind of looks radioactive, but looking closer you notice that it is actually an unbroken Emerald node.",
				"Renciel.Robin5": "An uncracked node that has twinkling Diamonds portruding out.",
				"Renciel.Robin6": "It's a Geode that's chilly to the touch, cool!",
				"Renciel.Robin7": "Rows of documents sorted in alphabetical order, maybe I shouldn't mess with this.",
				"Renciel.Robin8": "Theres a pile of boxes filled with expensive-looking tools.",
				"Renciel.Robin9": "'Drunelleschi's Dome: How a Genius Reinvented Architecture' by Koss Ring.",
				"Renciel.Robin10": "'Sustainable Design: The Guide.'",
				"Renciel.Robin11": "'The Essence of Woodworking.'",
				"Renciel.Robin12": "'The Wooden Beams of Carpentry History'",
				"Renciel.Robin13": "'The Art of Carving the Right Wood.'",
				"Renciel.Robin14": "'The Gems of the World: Full Volume.'",
				"Renciel.Robin15": "It is very clean as though it has never been used.",
				"Renciel.Robin16": "There's a tape inside of an old Jazz song, it oddly reminds you of your childhood.",
				"Renciel.Robin17": "It's a plate of cleanly cut Sashimi, tasty!",
				"Renciel.Sandy1": "There's an assortment of various goods lined neatly.",
				"Renciel.Sandy2": "There's a small selection of fresh produce here, I wonder where Sandy sources them from?",
				"Renciel.Sandy3": "It's filled to the brim.",
				"Renciel.Sandy4": "It's a plate of freshly baked cookies, they smell divine!",
				"Renciel.Sandy5": "There's a trapdoor here that leads to a small wine cellar, it looks a little cramped inside.",
				"Renciel.Sandy6": "It's a portrait of a young brunette smiling brightly, I wonder who this is?",
				"Renciel.Sandy7": "It's a box of unopened products.",
				"Renciel.Sandy8": "Hey Sandy!^^The old bus in Pelican Town finally got back in service, I can't believe it took so long! ^^I can't wait to see you soon, I'll definitely bring you some of the best flowers from the valley.^(Ps. Make sure to have some empty pots ready!)^^ -Emily",
				"Renciel.Elliot1": "'The Art of Literature Vol I.'",
				"Renciel.Elliot2": "'The Guide to Starting your Own Book.'",
				"Renciel.Elliot3": "There's a bunch of scratched out writings.",
				"Renciel.Elliot4": "Elliot's potted rose appears to be getting healthier!",
				"Renciel.Elliot5": "'Fulfilling Ones Destiny - The Final Chapter.'",
				"Renciel.Elliot6": "'Doby Mick - The Classic.'",
				"Renciel.Elliot7": "'300 Years of Solitude.'",
				"Renciel.Elliot8": "It looks like there's a book wedged in the bottom of the box, it's titled 'How To Take Yourself Too Seriously and Other Poems.'",
				"Renciel.Elliot9": "'Where the Mild Things Are.'",
				"Renciel.Elliot10": "'A Thousand Splendid Moons.'",
				"Renciel.Elliot11": "'Two Thousand and Two Nights.'",
				"Renciel.Elliot12": "It's an empty trash bin, looks like Elliot keeps this clean.",
				"Renciel.Elliot13": "There's a small selection of foraged goods stored here.",
				"Renciel.Mayor1": "It's a high-quality Grandfather clock with incredible engravings and details etched into the wood!",
				"Renciel.Mayor2": "It looks like it hasn't been used much.",
				"Renciel.Mayor3": "'Pelican Town's Financial Records'. That's odd.. The figures doesn't seem to add up.",
				"Renciel.Alex1": "There are a bunch of old magazines and novels arranged neatly.",
				"Renciel.Alex2": "It's a very clean sink.",
				"Renciel.Alex3": "It's a pretty old model.",
				"Renciel.Gus1": "There's a full wall packed with varying images of other people here. Was this the original residents of Pelican Town? ",
				"Renciel.Gus2": "'How to Spice up your Dishes.'",
				"Renciel.Gus3": "'The Cuisines of the World: 3rd Chapter'",
				"Renciel.Gus4": "'The Cook and the Beast'",
				"Renciel.Gus5": "'The Vegetable Butcher: How the Greens turned into Gold.'",
				"Renciel.Gus6": "An old battered book titled 'Grandma's Complete Cookbook.'",
				"Renciel.Gus7": "Hello my Love,^^This may be my last letter to you; I hope you have received my previous letters. I'd like to give you something to read when you're feeling bad, as well as something to remember me by.^^I'm wondering how you are today, my love. Have you fulfilled your long-held dream of becoming a chef? Had you finally mastered those dishes who's name you struggled to say?^^I bet you did, and they must have been the most delicious food in the world.^^What I wouldn't give to taste your cooking once again, my love. Why must fate deal us a cruel hand? ^All we wanted was to be happy by each other's side and possibly settle down in a beautiful countryside where nature was abundant and the birds sang in harmony. ^Some place where the problems couldn't reach us.^^Are you happy, my love?^^I know I was at my happiest while we were together. No matter how small of a gesture you make it never has never once failed to make my heart flutter. ^Be it a romantic dinner by a fireplace or simply laying under the moonlight counting the stars as our hands clung to each other tightly. ^^Such meant the world to me, and my affection for you only grew.^^We clung to each other as if our lives depended on it, despite the fact that we both knew how this was going to end. We just couldn't face the truth.^^Stay true to your path, and be kind. These are the only advice that I hope you will remember, my love. Following these will surely help you find your rightful place in this world. ^^As for me.. This is where my path ends. Perhaps it is because I already knew where I was meant to be. Staying by your side brought such warmth that words cannot describe.^^I will wish for your happiness, my love. I hope that you will find someone new, someone who can bring out the best in you, as you did to me.^^From someone who loved you the most,^^D.",
				"Renciel.Gus8": "It's a door that leads to a small storage room.",
				"Renciel.Museum1": "It's a door that leads to a.. Hey wait a minute, how did you even get here?",
				"Renciel.Museum2": "It's an old battered book that's been given plenty of love, this must be pretty popular.",
				"Renciel.Wizard1": "An empty pot, strangely enough you see a liquid residue of some kind at the bottom.",
				"Renciel.Wizard2": "Huh, this sculpture looks familiar.",
				"Renciel.Wizard3": "There's a beautiful butterfly fluttering calmly here.",
				"Renciel.Wizard4": "It's a telescope with it's lenses removed, it's covered in dust.",
				"Renciel.Wizard5": "It's a little foggy, but you can kind of see what seems like a large purple rock.. no, boulder, in a distance.",
				"Renciel.Wizard6": "There's a fence here despite the closed off area just meters away. You can faintly see a foggy lush land from afar",
				"Renciel.Wizard7": "'....And so the day had once again dawned, whereas you stood still gazing upon a field painted with a crimson color. Pondering, could you have prevented this? Could you have stopped it all? ^^Afraid, you chose to seal off the land once promised by those who watches over us, just as you watched it fall. How cruel the cycle must be, ever unbroken and eternally ticking.^^Taunting you.^^Knowing you can do nothing but witness what had been pre-destined.^^How bitter you must feel.'^^-Epilogue, The Final Fall",
				"Renciel.Wizard8": "There's a whole heap of old battered books titled in an obscure language here, you can't quite make sense of it.",
				"Renciel.Wizard9": "'Ego maledicam tibi numquam sentire amorem alterius..'^This pile of letters give off an odd feeling, I shouldn't keep reading.",
				"Renciel.Wizard10": "'The Fellowship of the King'",
				"Renciel.Wizard11": "It's a pretty old book titled 'The Curse of The Promised Land'. Flipping through it you notice that there are numerous lines that had been highlighted. Has Ras been making notes on this?",
				"Renciel.Wizard12": "Theres a bunch of colored potions lined up in no particular order here, would Ras notice if it was missing one?",
				"Renciel.Wizard13": "'When The World Consumes You - Book II'",
				"Renciel.Wizard14": "'The Crow, The Witch, and The dancing apple.'",
				"Renciel.Wizard15": "There's a big pile of letters on the top, you have an ominous feeling about them.",
				"Renciel.Wizard16": "'...not angry anymore. I knew what I was going into when we got together, I just never expected for someone who has lived that long to do something like that. ^I apologize for how I retaliated, but only because it harmed others. I'm not saying that my actions were justified but in my eyes the reason why I did so surely was.^^I can only hope you loved me for even half as much as I did our entire time together, though at this point I wouldn't be surprised if you didn't. ^No magic in this world can replicate what I felt when I was with you, and that makes it twice as painful to learn about what had happened.^^How I long for some potion or magic to erase whatever memory I had of you, for what I've been through was a punishing experience. Knowing you now, this letter would probably be thrown in the river or burnt to a crisp the moment you received it.^^Have a good life, Ras. ^I have nothing more to say to you.'",
				"Renciel.MGarage1": "Despite the roughed-up condition of the vehicle, these headlights appear to be in decent condition.",
				"Renciel.MGarage2": "There is no way to force the broken door open with any amount of pushing or pulling.",
				"Renciel.MGarage3": "There is nothing here.",
				"Renciel.MGarage4": "There's an old tape inside with it's title scratched out.",
				"Renciel.MGarage5": "Even if the padlock appears a little rusted, it cannot be pried open.",
				"Renciel.MGarage6": "The locks on these filing cabinets are sturdy.",
				"Renciel.MGarage7": "You feel like you shouldn't find out whats inside.",
				"Renciel.MGarage8": "There's a bunch of random items stored here.",
				"Renciel.MGarage9": "The cat spares you no glances as it rests contendedly on the worn out couch.",
				"Renciel.MGarage10": "It's a pretty hefty weight.",
				"Renciel.MGarage11": "Looks like someone planned to repair the vehicle at one point but never got around to doing it.",
				"Renciel.MGarage12": "Looks like a spare part for the vehicle.",
				"Renciel.MGarage13": "The metal barrel reeks, I should probably not open this.",
				"Renciel.SCellar1": "Looks like Sandy has been brewing some home-made Wine.",
				"Renciel.SCellar2": "It's a glass of wine half full.. or is it half empty?",
				"Renciel.SCellar3": "An assortment of various exotic beverages, fancy!",
				"Renciel.Willy1": "'The River Running Through'",
				"Renciel.Willy2": "'The Young Man and The Sea'",
				"Renciel.Willy3": "'The Art of Angling - III Edition'",
				"Renciel.Willy4": "'How The Fishes Soared'",
				"Renciel.Willy5": "You are hesitant to look inside because of the strong stench emanating from this.",
				"Renciel.Willy6": "These containers are filled with various spices.",
				"Renciel.Willy7": "It's suprisingly pretty empty.",
				"Renciel.Willy8": "You're relieved to see that it's empty.",
				"Renciel.Willy9": "This looks untouched.",
				"Renciel.Willy10": "There's a beautiful overlooking view of the Sea.",
				"Renciel.Willy11": "There is a model ship on display here and it appears to be in good condition.",
				"Renciel.Willy12": "'The Total Angler Guide'",
				"Renciel.Bath1": "This locker is covered in cobwebs, looks like a spider has made it its home.",
				"Renciel.Bath2": "It's locked shut.",
				"Renciel.Bath3": "You lift the weight a few times, it fills you with determination.",
				"Renciel.Bath4": "It's surprisingly clean.",
				"Renciel.Bath5": "You turn the knob but no water comes out.",
				"Renciel.Bath6": "I wonder who placed this here?",
				"Renciel.Bath7": "Uhh.. why is this here?",
				"Renciel.Bath8": "NOTICE! Please clean up after yourselves, littering is strictly prohibited.",
				"Renciel.Seb1": "The fridge is stocked with junk food and soda.",
				"Renciel.Seb2": "Now, where is the remote..?",
				"Renciel.Special1": "What makes an adventurer? ^^Is it the tenacity to reach the greatest treasures?^The bravery to fight through the fiercest  monsters?^Perhaps it is the ability to find excitement in the mundane.^^Although there are no incorrect answers, I've witnessed an ordinary man glow brilliantly in his element.^^To the one who breathed life to the unmoving^To the one who wrote the tales of many beings^To the one who Seeked the Lore of the valley, and perhaps one even beyond that.^^May your next adventure bring you many tales of the fascinating, and stories of the untold, so you may explore the hidden wonders to your hearts desire once more.^^A fellow adventurer. A friend of many. A devoted husband.^^Long live the king.",
				"Renciel.WB1": "There's a dusty book here titled 'The Robbit'.",
				"Renciel.WB2": "There's a fairly thick book with a large sword etched into it's cover titled 'The Silver Thread', it looks untouched.",
				"Renciel.WB3": "An old book with a colorful cover is sitting here titled 'The Towers Alchemist', it looks like it's been opened recently.",
				"Renciel.WB4": "'The Worlds Fate'.. strange, the book cover seems to be ever so slightly moving.. Perhaps my imagination?",
				"Renciel.WB5": "'The Sorcerers c // i // e.. The letters have been mangled, perhaps by a small blade?",
				"Renciel.WB6": "..-0 foolishly stuck to your own //e/i/. Is it that pride of yours? Perhaps the need to b// reno//ed?^No one is going to condemn you for making a mistake so stop being so stubborn.^If you do not stop this empty ideal of yours you will witness your own d//nfall.^^Heed my words. -Signed, //a/e/",
				"Renciel.Extra1": "It's a beautiful fireplace, though looks like it hasn't been used in awhile.",
				"Renciel.Extra2": "There's a bunch of sticky notes with hastily written reminders stuck here.",
				"Renciel.Extra3": "It's a wall full of heartfelt messages and drawings, it warms you to see it.",
				"Renciel.Extra4": "Don't forget about the rainbow at the end of a storm!",
				"Renciel.Extra5": "There's a couple of random polaroid pictures and sheets of music taped here.",
				"Renciel.Extra6": "There is a list of orders here, some marked 'Completed' and 'In Progress'. Looks like Robin has been busy!",
				"Renciel.Extra7": "It's a telescope! It looks very expensive, maybe I shouldn't touch this.."
			}
		}
	]
}