{
  "Name": "Winterstar Fruit (Joja)",
  "Description": "A homegrown winterstar, perfect for showing friends and family how much you care this holiday season.",
  "Category": "Fruit",
  "CategoryTextOverride": "Joja Fruit",
  
  "Edibility": 60,
  "EdibleIsDrink": false,
  "EdibleBuffs": {
    "Farming": 0,
    "Fishing": 0,
    "Mining": 0,
    "Luck": 2,
	"Foraging": 0,
	"MaxStamina": 0,
    "MagnetRadius": 0,
	"Speed": 0,
	"Defense": 0,
	"Attack": 0,
    "Duration": 180,
  },
  
  "Price": 800,
  
  "IsColored": false,
  "Recipe": null,
  
  "GiftTastes": 
		{
		"Love": [  "Alex", "Demetrius", "Elliott", "Emily", "Evelyn", "Gus", "Haley", "Jas", "Jodi", "Lewis", "Linus", "Marnie", "Maru", "Morris", "Pam", "Penny", "Robin", "Sam", "Sandy", "Vincent", "Willy", "Jasper",],
		"Like": [ "Abigail", "Caroline", "Harvey", "Kent", "Leah", "Leo", ],
		"Dislike": [ "Clint", "Sebastian", "Shane", ],
		"Hate": [  "Pierre", "George", ],	
		},
  
  
  "ContextTags": 
        [
        "color_purple",
        "dye_strong",
		"fruit_item",
		"season_winter",
        ],

}