{
  "Name": "Heirloom Carrot",
  "Description": "A beautiful heirloom carrot. CRUNCH!",
  "Category": "Vegetable",
  "CategoryTextOverride": "Heirloom Vegetable",
  
  "Edibility": 20,
  "EdibleIsDrink": false,
  "EdibleBuffs": {
    "Farming": 0,
    "Fishing": 0,
    "Mining": 0,
    "Luck": 0,
	"Foraging": 0,
	"MaxStamina": 0,
    "MagnetRadius": 0,
	"Speed": 0,
	"Defense": 0,
	"Attack": 0,
    "Duration": 0,
  },
  
  "Price": 165,
  
  "IsColored": true,
  "Recipe": null,
  
  "GiftTastes": 
		{
		"Love": [ "Dwarf", "Harvey", "Leah", "Linus", "Marnie", "Pierre", "Wizard" ],
		"Like": [  ],
		"Dislike": [ "Sebastian", ],
		"Hate": [  "Morris", "Robin", ],	
		},
  
  
  "ContextTags": 
        [
		"season_spring",
		"season_fall",
        "dye_medium",
        ],

}