﻿{
	"Format": "2.0.0",
	"Changes": [
		{
			// This example will modify the existing default Fall blackberry
			// schedule to guarantee blooming if the spirites are very happy
			"Action": "EditData",
			"Target": "NCarigon.BushBloomMod/Schedules",
			"Fields": {
				// Entry ID from BBM content packs will be formatted as:
				//     ModDirectoryName/StartSeason_ShakeOff
				// unless given specific Id within their configuration
				"default/fall_410": {
					"Chance": 1.0
				}
			},
			"When": {
				// Can use CP Tokens to dynamically modify schedules too.
				// REF: https://github.com/Pathoschild/StardewMods/blob/develop/ContentPatcher/docs/author-guide/tokens.md
				"Query: {{DailyLuck}} > 0.07": true // spirits are very happy today
			}
		},
		{
			// This example will change the default Fall blackberry blooming berry image
			"Action": "EditImage",
			"Target": "NCarigon.BushBloomMod/Textures/default/fall_410",
			// Change the blooming to a different image
			"FromFile": "assets/berry.png"
		}
	]
}