{
  "Name": "Cauliflower (Joja)",
  "Description": "A cauliflower grown from JojaCo seeds.",
  "Category": "Vegetable",
  "CategoryTextOverride": "Joja Vegetable",
  
  "Edibility": 30,
  "EdibleIsDrink": false,
  "EdibleBuffs": {
    "Farming": 0,
    "Fishing": 0,
    "Mining": 0,
    "Luck": 0,
	"Foraging": 0,
	"MaxStamina": 0,
    "MagnetRadius": 0,
	"Speed": 0,
	"Defense": 0,
	"Attack": 0,
    "Duration": 0,
  },
  
  "Price": 150,
  
  "IsColored": false,
  "Recipe": null,
  
  "GiftTastes": 
		{
		"Love": [  ],
		"Like": [ "Maru", "Demetrius", "Morris", ],
		"Dislike": [ "Abigail", "Caroline", "Wizard", "Leah" ],
		"Hate": [  "Pierre", ],	
		},
  
  
  "ContextTags": 
        [
        "color_white",
        "dye_medium",
        ],

}