﻿{
	"Format": "2.0.0",
	"Changes": [
		{
			"Action": "EditData",
			"Target": "NCarigon.BushBloomMod/Schedules",
			"Entries": {
				// Id here *should* match the default of 'ModDirectoryName/StartSeason_ShakeOff'
				// but can technically be anything you want. Can also overwrite existing
				// schedules by using the same id.
				"CPExampleBBM/spring_0": {
					// === Full configuration example ===

					// Optional; Default is true if missing
					"Enabled": true,

					// Excluded: Will match the Id provided above
					//"Id": "",

					// Required; Value can be the item ID or Name, but must exist
					"ShakeOff": 0,

					// Required; Value must be 'spring', 'summer', 'fall', or 'winter'
					"StartSeason": "spring",

					// Required; Value must be from 1 to 28
					"StartDay": 1,

					// Optional; Default is StartSeason value if missing
					"EndSeason": "winter",

					// Optional; Default is StartDay value if missing
					"EndDay": 28,

					// Optional; Default is first year
					"StartYear": 1,

					// Optional: Default is no year
					"EndYear": 2,

					// Excluded; Must use the CP EditImage entry below
					//"Texture": "",

					// Optional; Default is 0.2 if missing; Values between 0.0 and 1.0 (inclusive)
					//           determine the overall probability. A value greater than 1.0 will
					//           guarantee that item will bloom, regardless of any existing bloom
					//           or other possible schedules unless they are also greater than 1.0.
					"Chance": 0.2,

					// Optional; Default is all locations if missing or empty
					"Locations": [ "Forest", "Mountain" ],

					// Optional: Default is no locations if missing or empty
					"ExcludeLocations": [ "Town" ],

					// Optional; Default is all weather if missing or empty
					"Weather": [ "Rain", "GreenRain", "Sun", "Wind" ],

					// Optional: Default is no weather if missing or empty
					"ExcludeWeather": [ "Storm", "Festival", "Wedding" ],

					// Optional: Default is no weather if missing or empty
					"DestroyWeather": [ "Snow" ],

					// Optional: Restrict blooming to only bushes with the given tile locations.
					//           Most effective when combined with a specific "Locations" setting
					//           in order to bloom a *very* specific set of bushes.
					"Tiles": [
						{
							"X": 10,
							"Y": 20
						},
						{
							"X": 23,
							"Y": 32
						}
					]
				}
			}
		},
		{
			"Action": "EditImage",
			"Target": "NCarigon.BushBloomMod/Textures/CPExampleBBM/spring_0",
			"FromFile": "assets/berry.png"
		}
	]
}