{
    "Name": "Winterstar Fruit (Joja)",
    "Product": "Winterstar Fruit (Joja)",
    "SeedName": "Winterstar Fruit (Joja) Seeds",
	
    "SeedDescription": "Show them you love them this winter with a homegrown Winterstar! Takes 20 days to mature.",
	
    "Type": "Fruit",

    "Seasons": ["winter",],
    "Phases": [ 3, 4, 4, 5, 4 ],
    "RegrowthPhase": 112,
    "HarvestWithScythe": false,
    "TrellisCrop": false,
    "Colors": null,
	
    "Bonus": {
        "MinimumPerHarvest": 1,
        "MaximumPerHarvest": 2,
        "MaxIncreasePerFarmLevel": 0,
        "ExtraChance": 0.05,
    },
		
	"SeedPurchaseFrom": "Joja",

    "SeedPurchasePrice": 500,
	"SeedSellPrice": 100,
	
}
