{
  "Name": "Radish (Joja)",
  "Description": "A radish grown from JojaCo seeds.",
  "Category": "Vegetable",
  "CategoryTextOverride": "Joja Vegetable",
  
  "Edibility": 15,
  "EdibleIsDrink": false,
  "EdibleBuffs": {
    "Farming": 0,
    "Fishing": 0,
    "Mining": 0,
    "Luck": 0,
	"Foraging": 0,
	"MaxStamina": 0,
    "MagnetRadius": 0,
	"Speed": 0,
	"Defense": 0,
	"Attack": 0,
    "Duration": 0,
  },
  
  "Price": 80,
  
  "IsColored": false,
  "Recipe": null,
  
  "GiftTastes": 
		{
		"Love": [  ],
		"Like": [ "Demetrius", "Morris", ],
		"Dislike": [ "Abigail", "Caroline", "Wizard", "Leah" ],
		"Hate": [  "Pierre", ],	
		},
  
  
  "ContextTags": 
        [
        "color_red",
        "dye_medium",
		"season_spring",
		"season_summer",
        ],

}