{
  "Name": "Corn (Joja)",
  "Description": "Corn grown from JojaCo seeds. Produces coal in a charcoal kiln and oil in an oil maker.",
  "Category": "Vegetable",
  "CategoryTextOverride": "Joja Vegetable",
  
  "Edibility": 10,
  "EdibleIsDrink": false,
  "EdibleBuffs": {
    "Farming": 0,
    "Fishing": 0,
    "Mining": 0,
    "Luck": 0,
	"Foraging": 0,
	"MaxStamina": 0,
    "MagnetRadius": 0,
	"Speed": 0,
	"Defense": 0,
	"Attack": 0,
    "Duration": 0,
  },
  
  "Price": 45,
  
  "IsColored": false,
  "Recipe": null,
  
  "GiftTastes": 
		{
		"Love": [  ],
		"Like": [ "Demetrius", "Morris", ],
		"Dislike": [ "Abigail", "Caroline", "Wizard", "Leah" ],
		"Hate": [  "Pierre", ],	
		},
  
  
  "ContextTags": 
        [
		"season_summer",
		"season_fall",
        "color_yellow",
        "dye_medium",
        ],

}