{"Format": "2.0.0",
"Changes":[{
"Action": "EditData",
"Target": "Data/Furniture",
"Entries":{

"OB7.WallSconce": "ob7.WallSconce/sconce/-1/-1/1/000/-1/Wall Sconce/14/Tilesheets\\OBedF_bedroomFurniture/false/collection_ob7Furniture",

"OB7.DoubleBed": "ob7.BedDouble/bed double/3 4/3 3/1/5000/-1/Double Bed/0/Tilesheets\\OBedF_bedroomFurniture/false/collection_ob7Furniture",
"OB7.BedSingle": "ob7.BedSingle/bed/2 4/2 3/1/5000/-1/Single Bed/266/Tilesheets\\OBedF_bedroomFurniture/false/collection_ob7Furniture",

"OB7.EndTable1": "ob7.EndTable1/table/1 2/1 1/-1/500/2/Wooden End Table/6/Tilesheets\\OBedF_bedroomFurniture/false/collection_ob7Furniture",
"OB7.EndTable2": "ob7.EndTable2/table/1 2/1 1/-1/500/2/Glass End Table/38/Tilesheets\\OBedF_bedroomFurniture/false/collection_ob7Furniture",

"OB7.HousePlant1": "ob7.HousePlant1/decor/1 2/1 1/1/250/-1/Baby's Breath on a Vase/8/Tilesheets\\OBedF_bedroomFurniture/false/collection_ob7Furniture",
"OB7.HousePlant2": "ob7.HousePlant2/decor/1 2/1 1/1/250/-1/Carnations on a Vase/40/Tilesheets\\OBedF_bedroomFurniture/false/collection_ob7Furniture",

"OB7.WallDeco1": "ob7.WallDeco1/painting/3 2/3 2/1/1750/-1/Wall Shelf/9/Tilesheets\\OBedF_bedroomFurniture/false/collection_ob7Furniture",
"OB7.WallDeco2": "ob7.WallDeco2/painting/3 2/3 2/1/1750/-1/Abstract Painting/41/Tilesheets\\OBedF_bedroomFurniture/false/collection_ob7Furniture",
"OB7.WallDeco3": "ob7.WallDeco3/painting/1 2/1 2/1/1750/-1/Hanged Summer Dress/236/Tilesheets\\OBedF_bedroomFurniture/false/collection_ob7Furniture",

"OB7.Lamp1": "ob7.Lamp1/lamp/-1/-1/1/750/-1/Candle Lamp/12/Tilesheets\\OBedF_bedroomFurniture/false/collection_ob7Furniture",
"OB7.Lamp2": "ob7.Lamp2/lamp/-1/-1/1/750/-1/Wooden End Table Lamp v1/140/Tilesheets\\OBedF_bedroomFurniture/false/collection_ob7Furniture",
"OB7.Lamp3": "ob7.Lamp3/lamp/-1/-1/1/750/-1/Glass End Table Lamp v1/142/Tilesheets\\OBedF_bedroomFurniture/false/collection_ob7Furniture",
"OB7.Lamp4": "ob7.Lamp4/lamp/-1/-1/1/750/-1/Wooden End Table Lamp v2/222/Tilesheets\\OBedF_bedroomFurniture/false/collection_ob7Furniture",
"OB7.Lamp5": "ob7.Lamp5/lamp/-1/-1/1/750/-1/Glass End Table Lamp v2/270/Tilesheets\\OBedF_bedroomFurniture/false/collection_ob7Furniture",
"OB7.Lamp6": "ob7.Lamp6/lamp/-1/-1/1/750/-1/Orb Floor Lamp/188/Tilesheets\\OBedF_bedroomFurniture/false/collection_ob7Furniture",

"OB7.Wardrobe1A": "ob7.Wardrobe1A/dresser/1 3/1 1/2/750/-1/Edge Wardrobe Closed/64/Tilesheets\\OBedF_bedroomFurniture/false/collection_ob7Furniture",
"OB7.Wardrobe1B": "ob7.Wardrobe1B/dresser/1 3/1 1/2/750/-1/Edge Mirror/66/Tilesheets\\OBedF_bedroomFurniture/false/collection_ob7Furniture",
"OB7.Wardrobe1C": "ob7.Wardrobe1C/dresser/1 3/1 1/2/750/-1/Edge Wardrobe Open/68/Tilesheets\\OBedF_bedroomFurniture/false/collection_ob7Furniture",
"OB7.Wardrobe1D": "ob7.Wardrobe1D/dresser/2 3/2 1/1/750/-1/Double Wardrobe Closed/70/Tilesheets\\OBedF_bedroomFurniture/false/collection_ob7Furniture",
"OB7.Wardrobe1E": "ob7.Wardrobe1E/dresser/2 3/2 1/1/750/-1/Double Wardrobe Open/72/Tilesheets\\OBedF_bedroomFurniture/false/collection_ob7Furniture",
"OB7.Wardrobe1F": "ob7.Wardrobe1F/decor/1 4/1 2/1/750/-1/Corner Wardrobe Left/74/Tilesheets\\OBedF_bedroomFurniture/false/collection_ob7Furniture",
"OB7.Wardrobe1G": "ob7.Wardrobe1G/decor/1 4/1 2/1/750/-1/Corner Wardrobe Right/75/Tilesheets\\OBedF_bedroomFurniture/false/collection_ob7Furniture",
"OB7.Wardrobe1H": "ob7.Wardrobe1H/decor/1 4/1 1/1/750/-1/Corner Wardrobe Extension Left/76/Tilesheets\\OBedF_bedroomFurniture/false/collection_ob7Furniture",
"OB7.Wardrobe1I": "ob7.Wardrobe1I/decor/1 4/1 1/1/750/-1/Corner Wardrobe Extension Right/77/Tilesheets\\OBedF_bedroomFurniture/false/collection_ob7Furniture",


"OB7.Mirror": "ob7.Mirror/decor/1 3/1 1/1/750/-1/Mirror/78/Tilesheets\\OBedF_bedroomFurniture/false/collection_ob7Furniture",

"OB7.Hamper": "ob7.Hamper/decor/1 2/1 1/1/750/-1/Hamper/95/Tilesheets\\OBedF_bedroomFurniture/false/collection_ob7Furniture",

"OB7.StoolCushion": "ob7.StoolCushionA/chair/-1/-1/4/350/-1/Pillowed Ottoman/320/Tilesheets\\OBedF_bedroomFurniture/false/collection_ob7Furniture",
"OB7.StoolWood": "ob7.StoolWoodA/chair/-1/-1/4/350/-1/Wooden Ottoman/324/Tilesheets\\OBedF_bedroomFurniture/false/collection_ob7Furniture",

"OB7.Rug1A": "ob7.rug1A/rug/3 3/3 3/1/1250/-1/3x3 Flower Rug/0/Tilesheets\\OBedF_bedroomRugs/false/collection_ob7Furniture",
"OB7.Rug1B": "ob7.rug1B/rug/4 3/4 3/1/1750/-1/4x3 Flower Rug/48/Tilesheets\\OBedF_bedroomRugs/false/collection_ob7Furniture",
"OB7.Rug1C": "ob7.rug1C/rug/5 4/5 4/1/2000/-1/5x4 Flower Square Rug/96/Tilesheets\\OBedF_bedroomRugs/false/collection_ob7Furniture",
"OB7.Rug1D": "ob7.rug1D/rug/5 4/5 4/1/2500/-1/5x4 Flower Rectangle Rug/165/Tilesheets\\OBedF_bedroomRugs/false/collection_ob7Furniture",

"OB7.Rug2A": "ob7.rug2A/rug/3 3/3 3/1/1250/-1/3x3 Another Flower Rug/3/Tilesheets\\OBedF_bedroomRugs/false/collection_ob7Furniture",
"OB7.Rug2B": "ob7.rug2B/rug/4 3/4 3/1/1750/-1/4x3 Another Flower Rug/52/Tilesheets\\OBedF_bedroomRugs/false/collection_ob7Furniture",
"OB7.Rug2C": "ob7.rug2C/rug/5 4/5 4/1/2000/-1/5x4 Another Flower Square Rug/101/Tilesheets\\OBedF_bedroomRugs/false/collection_ob7Furniture",
"OB7.Rug2D": "ob7.rug2D/rug/5 4/5 4/1/2500/-1/5x4 Another Flower Rectangle Rug/170/Tilesheets\\OBedF_bedroomRugs/false/collection_ob7Furniture",

"OB7.Rug3A": "ob7.rug3A/rug/3 3/3 3/1/1250/-1/3x3 Diagonal Rug/6/Tilesheets\\OBedF_bedroomRugs/false/collection_ob7Furniture",
"OB7.Rug3B": "ob7.rug3B/rug/4 3/4 3/1/1750/-1/4x3 Diagonal Rug/56/Tilesheets\\OBedF_bedroomRugs/false/collection_ob7Furniture",
"OB7.Rug3C": "ob7.rug3C/rug/5 4/5 4/1/2000/-1/5x4 Diagonal Square Rug/106/Tilesheets\\OBedF_bedroomRugs/false/collection_ob7Furniture",
"OB7.Rug3D": "ob7.rug3D/rug/5 4/5 4/1/2500/-1/5x4 Diagonal Rectangle Rug/224/Tilesheets\\OBedF_bedroomRugs/false/collection_ob7Furniture",

"OB7.Rug4A": "ob7.rug4A/rug/3 3/3 3/1/1250/-1/3x3 Diamond Rug/9/Tilesheets\\OBedF_bedroomRugs/false/collection_ob7Furniture",
"OB7.Rug4B": "ob7.rug4B/rug/4 3/4 3/1/1750/-1/4x3 Diamond Rug/60/Tilesheets\\OBedF_bedroomRugs/false/collection_ob7Furniture",
"OB7.Rug4C": "ob7.rug4C/rug/5 4/5 4/1/2000/-1/5x4 Diamond Square Rug/160/Tilesheets\\OBedF_bedroomRugs/false/collection_ob7Furniture",
"OB7.Rug4D": "ob7.rug4D/rug/5 4/5 4/1/2500/-1/5x4 Diamond Rectangle Rug/229/Tilesheets\\OBedF_bedroomRugs/false/collection_ob7Furniture",
}
},

{"Action": "Load","Target": "Tilesheets/OBedF_bedroomFurniture","FromFile": "assets/OBedF_bedroomFurniture.png"},
{"Action": "Load","Target": "Tilesheets/OBedF_bedroomRugs","FromFile": "assets/OBedF_bedroomRugs.png"}

]}