{
  "Name": "Heirloom Corn",
  "Description": "Beautiful rainbow heirloom corn. A feast for your eyes and your stomach!",
  "Category": "Vegetable",
  "CategoryTextOverride": "Heirloom Vegetable",
  
  "Edibility": 15,
  "EdibleIsDrink": false,
  "EdibleBuffs": {
    "Farming": 0,
    "Fishing": 0,
    "Mining": 0,
    "Luck": 0,
	"Foraging": 0,
	"MaxStamina": 0,
    "MagnetRadius": 0,
	"Speed": 0,
	"Defense": 0,
	"Attack": 0,
    "Duration": 0,
  },
  
  "Price": 145,
  
  "IsColored": true,
  "Recipe": null,
  
  "GiftTastes": 
		{
		"Love": [ "Emily", "Leah", "Linus", "Wizard",  ],
		"Like": [  ],
		"Neutral": [ "Pierre" ],
		"Dislike": [ ],
		"Hate": [  "Morris", ],	
		},
  
  
  "ContextTags": 
        [
		"season_summer",
		"season_fall",
        "dye_medium",
        ],

}