{
  "Name": "Heirloom Potato",
  "Description": "A beautiful heirloom potato.",
  "Category": "Vegetable",
  "CategoryTextOverride": "Heirloom Vegetable",
  
  "Edibility": 15,
  "EdibleIsDrink": false,
  "EdibleBuffs": {
    "Farming": 0,
    "Fishing": 0,
    "Mining": 0,
    "Luck": 0,
	"Foraging": 0,
	"MaxStamina": 0,
    "MagnetRadius": 0,
	"Speed": 0,
	"Defense": 0,
	"Attack": 0,
    "Duration": 0,
  },
  
  "Price": 150,
  
  "IsColored": true,
  "Recipe": null,
  
  "GiftTastes": 
		{
		"Love": [ "Emily", "Leah", "Linus", "Pierre", "Wizard" ],
		"Like": [  ],
		"Dislike": [  ],
		"Hate": [  "Morris", ],	
		},
  
  
  "ContextTags": 
        [
		"season_spring",
        "dye_medium",
        ],

}