{
    "Changes": [

//////////////
// ADD MAIL //
//////////////

        {
            "Action": "EditData",
            "Target": "Data/Mail",
                "Entries": {
                    "wildflour.gourmetpantry_MortarRecipe": "{{i18n: gourmetpantry_MortarRecipe.text}} %item craftingRecipe wildflour.gourmetpantry_KitchenMortar %%[#]{{i18n: gourmetpantry_MortarRecipe.name}}",
                    "wildflour.gourmetpantry_BlenderRecipe": "{{i18n: gourmetpantry_BlenderRecipe.text}} %item craftingRecipe wildflour.gourmetpantry_KitchenBlender %%[#]{{i18n: gourmetpantry_BlenderRecipe.name}}",
                    "wildflour.gourmetpantry_harveygift": "{{i18n: gourmetpantry_harvey.text}} %item id (O)wildflour.ateliercrops_pistachio 3 %%[#]{{i18n: gourmetpantry_harvey.name}}",
                    "wildflour.gourmetpantry_jodigift": "{{i18n: gourmetpantry_jodi.text}} %item id (O)wildflour.ateliercrops_almond 3 %%[#]{{i18n: gourmetpantry_jodi.name}}",
                    "wildflour.gourmetpantry_marniegift": "{{i18n: gourmetpantry_marnie.text}} %item id (O)wildflour.gourmetpantry_cream 3 %%[#]{{i18n: gourmetpantry_marnie.name}}",
                    "wildflour.gourmetpantry_SO2_reward": "{{i18n: gourmetpantry_SO2_reward.text}} %item id (O)wildflour.ateliercrops_pistachiosapling 1 %%[#]{{i18n: gourmetpantry_SO2_reward.name}}",     
                    "wildflour.gourmetpantry_SO3_reward": "{{i18n: gourmetpantry_SO3_reward.text}} %item id (O)wildflour.ateliercrops_cashewsapling 1 %%[#]{{i18n: gourmetpantry_SO3_reward.name}}", 
                    "wildflour.gourmetpantry_SO4_reward": "{{i18n: gourmetpantry_SO4_reward.text}} %item id (O)wildflour.ateliercrops_olivesapling 1 %%[#]{{i18n: gourmetpantry_SO4_reward.name}}", 
                    "wildflour.gourmetpantry_SO5_reward": "{{i18n: gourmetpantry_SO5_reward.text}} %item id (O)StardropTea 3 %%[#]{{i18n: gourmetpantry_SO5_reward.name}}" 
                     
                }
            },


///////////////
// SEND MAIL //
///////////////

        {
            "Action": "EditData",
            "Target": "Data/Events/Farm",
        
            "Entries": {	
                "wildflour.gourmetpantry_harveymail/f Harvey 1000/G {{HasCraftingRecipe: wildflour.gourmetpantry_KitchenBlender}}/x wildflour.gourmetpantry_harveygift": "null",
                "wildflour.gourmetpantry_jodimail/f Jodi 1000/G {{HasCraftingRecipe: wildflour.gourmetpantry_KitchenMortar}}/x wildflour.gourmetpantry_jodigift": "null",
                "wildflour.gourmetpantry_marniemail/f Marnie 1000/G {{HasCraftingRecipe: wildflour.gourmetpantry_KitchenBlender}}/x wildflour.gourmetpantry_marniegift": "null",
                "wildflour.gourmetpantry_SO2mail/n wildflour.gourmetpantry_SO2_complete/x wildflour.gourmetpantry_SO2_reward": "null",
                "wildflour.gourmetpantry_SO3mail/n wildflour.gourmetpantry_SO3_complete/x wildflour.gourmetpantry_SO3_reward": "null",
                "wildflour.gourmetpantry_SO4mail/n wildflour.gourmetpantry_SO4_complete/x wildflour.gourmetpantry_SO4_reward": "null",			
                "wildflour.gourmetpantry_SO5mail/n wildflour.gourmetpantry_SO5_complete/x wildflour.gourmetpantry_SO5_reward": "null"		
            
            }
            },         
        
        {
            "Action": "EditData",
            "Target": "Data/Events/Farm",
            "Entries": {
                "wildflour.gourmetpantry_MortarRecipe/f Pierre 500/x wildflour.gourmetpantry_MortarRecipe": "null",
                "wildflour.gourmetpantry_BlenderRecipe/f Gus 500/x wildflour.gourmetpantry_BlenderRecipe": "null"					
            },
            "When": {"EasyRecipes": false}
            }       

]
}