{
	"Format": "2.0.0",
	
	"ConfigSchema": {
		"PriceMultiplier":{
			"Default": "0.1",
			"AllowValues": "0.01, 0.1, 0.25, 0.5, 0.75, 1.0",
			"Description": "Multiplier applied to price for pets from Marnie.",
			"Section": "PetAdoption"
		},
		"Cost":{
			"Default": "1000",
			"AllowValues": "10, 1000, 2500",
			"Description": "Cost to build Pet Bowl",
			"Section": "PetBowl"
		},
		"Material":{
			"AllowValues": "Wood, Stone, Hardwood",
			"Default": "Wood",
			"Description": "Material (25) required to build Pet Bowl",
			"Section": "PetBowl"
		}
	},
	"Changes": [
		// Pet Bowl Cost
		{
			"Action": "EditData",
			"Target": "Data/Buildings",
			"Fields": {
				"Pet Bowl": {
					"BuildCost": "{{Cost}}",
				}
			}
		},
		// Pet Bowl Material
		{
			"Action": "EditData",
			"Target": "Data/Buildings",
			"Fields": {
				"Pet Bowl": {
					"BuildMaterials": [
					{
						"Id": "(O)388",
						"ItemId": "(O)388",
						"Amount": 25
					}],
				}
			},
			"When": {
				"Material": "Wood"
			}
		},
		{
			"Action": "EditData",
			"Target": "Data/Buildings",
			"Fields": {
				"Pet Bowl": {
					"BuildMaterials": [
					{
						"Id": "(O)709",
						"ItemId": "(O)709",
						"Amount": 25
					}],
				}
			},
			"When": {
				"Material": "Hardwood"
			}
		},
		{
			"Action": "EditData",
			"Target": "Data/Buildings",
			"Fields": {
				"Pet Bowl": {
					"BuildMaterials": [
					{
						"Id": "(O)390",
						"ItemId": "(O)390",
						"Amount": 25
					}],
				}
			},
			"When": {
				"Material": "Stone"
			}
		},
		// Pets
		{
			"Action": "EditData",
			"Target": "Data/Shops",
			"TargetField": ["PetAdoption"],
			"Entries": {
                "PriceModifiers": [
                    {
                        "Modification": "Multiply",
                        "Amount": "{{PriceMultiplier}}",
                    },
				],
			},
		},
	]
}