{
	"Format": "2.0.0",
	"ConfigSchema": {
		//Farm
		"ShippingBin Style": {
			"AllowValues": "Wood01, Wood02, Metal01, Metal02, Stone01, Stone02",
			"Default": "Wood01",
			"Section": "ShippingBin"
		},
		"Color": {
			"AllowValues": "Classic, NonClassic, Light, Medium, Dark",
			"Default": "Classic",
			"Section": "ShippingBin"
		},
		//Other
		"NoSeasonal": {
			"AllowValues": "true, false",
			"Default": false,
			"Section": "Other"
		}
	},

	//DynamicTokens
	"DynamicTokens": [
		{
			"Name": "Style",
			"Value": "{{ShippingBin Style}}"
		},
		{
			"Name": "Texture",
			"Value": "{{Color}}"
		},
		{
			"Name": "Seasonal Off",
			"Value": "{{NoSeasonal}}"
		}
	],
	//End DynamicTokens

	"Changes": [
		{
			"Action": "EditImage",
			"Target": "Buildings/Shipping Bin",
			"FromFile": "Assets/ShippingBin/Buildings/ShippingBin_{{Style}}_{{Texture}}_{{Season}}.png",
			"FromArea": {
				"X": 0,
				"Y": 0,
				"Width": 32,
				"Height": 32
			},
			"ToArea": {
				"X": 0,
				"Y": 0,
				"Width": 32,
				"Height": 32
			},
			"When": {
				"NoSeasonal": "false"
			}
		},
		{
			"Action": "EditImage",
			"Target": "Buildings/Shipping Bin",
			"FromFile": "Assets/ShippingBin/Buildings/ShippingBin_{{Style}}_{{Texture}}_NoSeasonal.png",
			"FromArea": {
				"X": 0,
				"Y": 0,
				"Width": 32,
				"Height": 32
			},
			"ToArea": {
				"X": 0,
				"Y": 0,
				"Width": 32,
				"Height": 32
			},
			"When": {
				"NoSeasonal": "true"
			}
		},
		{
			"Action": "EditImage",
			"Target": "LooseSprites/Cursors",
			"FromFile": "Assets/ShippingBin/LooseSprites/ShippingBin_{{Style}}_{{Texture}}_NoSeasonal.png",
			"FromArea": {
				"X": 0,
				"Y": 0,
				"Width": 390,
				"Height": 32
			},
			"ToArea": {
				"X": 134,
				"Y": 224,
				"Width": 390,
				"Height": 32
			},
			"When": {
				"NoSeasonal": "true,false"
			}
		},
		{
			"Action": "EditImage",
			"Target": "LooseSprites/Cursors",
			"FromFile": "Assets/ShippingBin/LooseSprites2/ShippingBin_{{Style}}_{{Texture}}_NoSeasonal.png",
			"PatchMode": "Replace",
			"FromArea": {
				"X": 0,
				"Y": 0,
				"Width": 102,
				"Height": 22
			},
			"ToArea": {
				"X": 524,
				"Y": 218,
				"Width": 102,
				"Height": 22
			},
			"When": {
				"NoSeasonal": "true,false"
			}
		},
		//Island
		{
			"Action": "EditImage",
			"Target": "Maps/island_tilesheet_1",
			"FromFile": "Assets/ShippingBin/IslandBuildings/IslandShippingBin_{{Style}}_{{Texture}}.png",
			"FromArea": {
				"X": 0,
				"Y": 0,
				"Width": 32,
				"Height": 32
			},
			"ToArea": {
				"X": 193,
				"Y": 720,
				"Width": 32,
				"Height": 32
			},
			"When": {
				"NoSeasonal": "false"
			}
		},
		{
			"Action": "EditImage",
			"Target": "Maps/island_tilesheet_1",
			"FromFile": "Assets/ShippingBin/IslandBuildings/IslandShippingBin_{{Style}}_{{Texture}}_NoSeasonal.png",
			"FromArea": {
				"X": 0,
				"Y": 0,
				"Width": 32,
				"Height": 32
			},
			"ToArea": {
				"X": 193,
				"Y": 720,
				"Width": 32,
				"Height": 32
			},
			"When": {
				"NoSeasonal": "true"
			}
		}
	]
}
