{
    "Name": "Tomato (Joja)",
    "Product": "Tomato (Joja)",
    "SeedName": "Tomato (Joja) Seeds",
	
    "SeedDescription": "This summer FRUIT can be harvested more frequently thanks to JojaCo bioengineering! Takes 11 days to mature.",
	
    "Type": "Fruit",

    "Seasons": ["summer", ],
    "Phases": [ 2, 2, 2, 2, 3, ],
    "RegrowthPhase": 3,
    "HarvestWithScythe": false,
    "TrellisCrop": false,
    "Colors": null,
	
    "Bonus": {
        "MinimumPerHarvest": 1,
        "MaximumPerHarvest": 2,
        "MaxIncreasePerFarmLevel": 0,
        "ExtraChance": 0.1,
    },
		
	"SeedPurchaseFrom": "Joja",

    "SeedPurchasePrice": 50,
	"SeedSellPrice": 15,

}
