{
		
    "Format": "2.0.0",
	
	"ConfigSchema":
	{},

	


"Changes": [


//tilesheets load 



	{
        "Action": "Load",
        "Target": "Maps/z_spring_LemonadeShop",
        "FromFile": "assets/tilesheets/z_spring_LemonadeShop.png"
    },
	{
        "Action": "Load",
        "Target": "Maps/z_lemonadeshop_indoors",
        "FromFile": "assets/tilesheets/z_lemonadeshop_indoors.png"
    },
	{
        "Action": "Load",
        "Target": "Maps/z_Lemonadeshop_trader_sprite",
        "FromFile": "assets/tilesheets/z_Lemonadeshop_trader_sprite.png"
    },
	{
        "Action": "Load",
        "Target": "Maps/z_Lemonadeshop_traderportrait",
        "FromFile": "assets/tilesheets/z_Lemonadeshop_traderportrait.png"
    },
	{
		"Action": "EditImage",
		"PatchMode": "Replace",
		"Target": "Maps/z_spring_LemonadeShop",
		"FromFile": "assets/tilesheets/z_{{season}}_LemonadeShop.png",
      },
	  
	  
	  //indoors map load

 {
        "Action": "Load",
        "Target": "Maps/{{ModId}}_LemonadeShop",
        "FromFile": "assets/LemonadeShopIndoor.tmx"
    },
	{
        "Action": "EditData",
        "Target": "Data/Locations",
        "Entries": {
            "{{ModId}}_LemonadeShop": {
					"DisplayName": "Lemonade Shop",
				"DefaultArrivalTile": { "X": 3, "Y": 9 },
                "CreateOnLoad": { "MapPath": "Maps/{{ModId}}_LemonadeShop" },
            },
			
        }
    },
	  
	  
								
		{ //vanilla map shop add
    	"Action": "EditMap",
    	"Target": "Maps/Town", 
    	"FromFile": "assets/LemonadeShop.tmx",
		"PatchMode": "Overlay",
    	"ToArea": {
        		"X": 64,
        		"Y": 94,
        		"Width": 11,
        		"Height": 7
    			},
		
		},						

//warps
	
		{
        "Action": "EditMap",
        "Target": "Maps/Town",
        "MapTiles": [
          {
            "Position": {"X": 68, "Y": 99},
            "Layer": "Buildings",
            "SetProperties": {"Action": "Warp 3 9 {{ModId}}_LemonadeShop"}
          }
        ],
        },
		//cave exit touchaction warp 
			{
        "Action": "EditMap",
        "Target": "Maps/{{ModId}}_LemonadeShop",
        "MapTiles": [
          {
            "Position": {"X": 3, "Y": 10},
            "Layer": "Back",
            "SetProperties": {"TouchAction": "Warp Town 68 100"}
          }
        ],
        },
						
					



//Shop

//adds the Action shop tile property in the cafe

		{
        "Action": "EditMap",
        "Target": "Maps/{{ModId}}_LemonadeShop",
        "MapTiles": [
          {
            "Position": {"X": 10, "Y": 6},
            "Layer": "Buildings",
            "SetProperties": {"Action": "OpenShop {{ModId}}_LemonadeShop down 0900 1800"}
          }
        ],
        },
	//shop entry
	
		{
            "Action": "EditData",
            "Target": "Data/Shops",
            "Entries": {
                "{{ModId}}_LemonadeShop": {
                    "Owners": [
                        {
                            "Name": "AnyOrNone",
							"Portrait": "Maps/z_Lemonadeshop_traderportrait",
                            "Dialogues": [
                                // dialogue on sunny summer days
                                {
                                    "Id": "{{ModId}}_LemonadeShop",
                                    //"Condition": "SEASON Summer, WEATHER Here Sun",
                                   // "Dialogue": "Ice-cream is perfect for a day like this.",
								   "RandomDialogue": [
									"What a nice day for some fresh ice cold lemonade, right?",
									"Hello, what would you like for today?", 
									]
								

                                },

                            ]
                        }
                    ],
					
					//--------------------------

                    "Items": [
                       

                        // 
                        {
                            "Id": "yourdorkbrains.CP.lemonadedrinks_Lemonbar_recipe",
                            "ItemId": "yourdorkbrains.CP.lemonadedrinks_Lemonbar",  
							"IsRecipe": true, 
                            "Price": 500,
                            //"AvailableStock": 1,
                            "AvailableStockLimit": "Player",
							// "ActionsOnPurchase": "MarkCookingRecipeKnown Current Lemonbar true",
							
                        },
                       {
                            "Id": "{{ModId}}_Lemonbar",
                            "ItemId": "(O)yourdorkbrains.CP.lemonadedrinks_Lemonbar",  
 
                            "Price": 150,
                        },
                       {
                            "Id": "{{ModId}}_Panini",
                            "ItemId": "(O)yourdorkbrains.CP.lemonadedrinks_Panini",  
 
                            "Price": 250,
                        },
						{
                            "Id": "{{ModId}}_lemonade",
                            "ItemId": "(O)yourdorkbrains.CP.lemonadedrinks_lemonade",  
                            "Price": 150,
                            //"AvailableStock": 1,
                            //"AvailableStockLimit": "Player"
                        },
                       {
                            "Id": "{{ModId}}_DandelionTea",
                            "ItemId": "(O)yourdorkbrains.CP.lemonadedrinks_DandelionTea",  
 
                            "Price": 650,
                        },
                        {
                            "Id": "{{ModId}}_orangelemonade",
                            "ItemId": "(O)yourdorkbrains.CP.lemonadedrinks_orangelemonade",  
                            "Price": 200,
                            //"AvailableStock": 1,
                            //"AvailableStockLimit": "Player"
                        },
						{
                            "Id": "{{ModId}}_pinklemonade",
                            "ItemId": "(O)yourdorkbrains.CP.lemonadedrinks_pinklemonade",  
                            "Price": 225,
                            //"AvailableStock": 1,
                            //"AvailableStockLimit": "Player"
                        },
						{
                            "Id": "{{ModId}}_IcedPeachTea",
                            "ItemId": "(O)yourdorkbrains.CP.lemonadedrinks_IcedPeachTea",  
                            "Price": 775,
                            //"AvailableStock": 1,
                            //"AvailableStockLimit": "Player"
                        },
						{
                            "Id": "{{ModId}}_limeade",
                            "ItemId": "(O)yourdorkbrains.CP.lemonadedrinks_limeade",  
                            "Price": 150,
                            //"AvailableStock": 1,
                            //"AvailableStockLimit": "Player"
                        },
						{
                            "Id": "{{ModId}}_PlumIcedTea",
                            "ItemId": "(O)yourdorkbrains.CP.lemonadedrinks_PlumIcedTea",  
                            "Price": 580,
                            //"AvailableStock": 1,
                            //"AvailableStockLimit": "Player"
                        },
						{
                            "Id": "{{ModId}}_Cherrylimeade",
                            "ItemId": "(O)yourdorkbrains.CP.lemonadedrinks_Cherrylimeade",  
                            "Price": 200,
                            //"AvailableStock": 1,
                            //"AvailableStockLimit": "Player"
                        },
						{
                            "Id": "{{ModId}}_SalmonberryLemonade",
                            "ItemId": "(O)yourdorkbrains.CP.lemonadedrinks_SalmonberryLemonade",  
                            "Price": 75,
                            //"AvailableStock": 1,
                            //"AvailableStockLimit": "Player"
                        },
						{
                            "Id": "{{ModId}}_BlackberryIcedTea",
                            "ItemId": "(O)yourdorkbrains.CP.lemonadedrinks_BlackberryIcedTea",  
                            "Price": 620,
                            //"AvailableStock": 1,
                            //"AvailableStockLimit": "Player"
                        },
						{
                            "Id": "{{ModId}}_blueberrylemonade",
                            "ItemId": "(O)yourdorkbrains.CP.lemonadedrinks_blueberrylemonade",  
                            "Price": 200,
                            //"AvailableStock": 1,
                            //"AvailableStockLimit": "Player"
                        },
						{
                            "Id": "{{ModId}}_InstantIcedCoffee",
                            "ItemId": "(O)yourdorkbrains.CP.lemonadedrinks_InstantIcedCoffee",  
                            "Price": 200,
                            //"AvailableStock": 1,
                            //"AvailableStockLimit": "Player"
                        },							
						{
                            "Id": "{{ModId}}_IcedTea",
                            "ItemId": "(O)yourdorkbrains.CP.lemonadedrinks_IcedTea",  
                            "Price": 500,
                            //"AvailableStock": 1,
                            //"AvailableStockLimit": "Player"
                        },
						{
                            "Id": "{{ModId}}_IcedGreenTea",
                            "ItemId": "(O)yourdorkbrains.CP.lemonadedrinks_IcedGreenTea",  
                            "Price": 600,
                            //"AvailableStock": 1,
                            //"AvailableStockLimit": "Player"
                        },						
						{
                            "Id": "{{ModId}}_ArnoldPalmer",
                            "ItemId": "(O)yourdorkbrains.CP.lemonadedrinks_ArnoldPalmer",  
                            "Price": 325,
                            //"AvailableStock": 1,
                            //"AvailableStockLimit": "Player"
                        },	
						{
                            "Id": "{{ModId}}_Lemonadedispenser",
                            "ItemId": "yourdorkbrains.cp_Lemonadedispenser",  
                            "Price": 150,
                            //"AvailableStock": 1,
                            //"AvailableStockLimit": "Player"
                        },	
						{
                            "Id": "{{ModId}}_lemon",
                            "ItemId": "(O)yourdorkbrains.CP.lemonadedrinks_lemon",  
                            "Price": 30,
                            //"AvailableStock": 1,
                            //"AvailableStockLimit": "Player"
                        },	
						{
                            "Id": "{{ModId}}_lime",
                            "ItemId": "(O)yourdorkbrains.CP.lemonadedrinks_lime",  
                            "Price": 30,
                            //"AvailableStock": 1,
                            //"AvailableStockLimit": "Player"
                        },	
						{
                            "Id": "{{ModId}}_decodispenser",
                            "ItemId": "yourdorkbrains.CP_decolemonadedispenser",  
                            "Price": 1000,
                            //"AvailableStock": 1,
                            //"AvailableStockLimit": "Player"
                        },						
				
                    ]
                },
			},
	
		},
	
	]
	
}