{
  "Name": "Tulip (Joja)",
  "Description": "A beautiful tulip grown from JojaCo seeds.",
  "Category": "Flower",
  "CategoryTextOverride": "Joja Flower",
  
  "Edibility": 5,
  "EdibleIsDrink": false,
  "EdibleBuffs": {
    "Farming": 0,
    "Fishing": 0,
    "Mining": 0,
    "Luck": 0,
	"Foraging": 0,
	"MaxStamina": 0,
    "MagnetRadius": 0,
	"Speed": 0,
	"Defense": 0,
	"Attack": 0,
    "Duration": 0,
  },
  
  "Price": 35,
  
  "IsColored": true,
  "Recipe": null,
  
  "GiftTastes": 
		{
		"Love": [ "Morris", "Sandy", ],
		"Like": [  ],
		"Dislike": [ ],
		"Hate": [  "Pierre", ],	
		},
  
  
  "ContextTags": 
        [
		"flower_item",
        "dye_medium",
		"season_spring",
		"color_pink",
        ],

}