{
    "Format": "2.0.0",
	"ConfigSchema": {
		"Enable Extended Crops Pack": {
			"AllowValues": "true, false",
			"Default": "true",
			"Description": "(Recommended) Adds a large variety of 40+ crops and bushes in addition to the essential pack."
		},
		"Enable Extended Trees Pack": {
			"AllowValues": "true, false",
			"Default": "true",
			"Description": "(Recommended) Adds a large variety of 30+ fruit trees in addition to the essential pack."
		},
		"Enable Herbs Pack": {
			"AllowValues": "true, false",
			"Default": "true",
			"Description": "Adds 20+ new herbs as crops and trees."
		},
		"Category Overrides": {
			"AllowValues": "true, false",
			"Default": "true",
			"Description": "Enables turning some items into the 'Nut' and 'Mushroom' categories. No mechanical effect."
		},
		"Vanilla Category Overrides": {
			"AllowValues": "true, false",
			"Default": "true",
			"Description": "Enables turning some vanilla items into the 'Nut' and 'Mushroom' categories. No mechanical effect."
		},
		"Disable Grape Bushes": {
			"AllowValues": "true, false",
			"Default": "false",
			"Description": "Disables grapes and/or white grapes as bushes and reinstates them as standard trellis crops."
		},
		"Enhanced Mixed Seeds": {
			"AllowValues": "true, false",
			"Default": "true",
			"Description": "With Item Extensions Framework, adds some Cornucopia crops to vanilla mixed seeds."
		},
		"Rename Cheese Press": {
			"AllowValues": "true, false",
			"Default": "false",
			"Description": "Changes the name of the Cheese Press to 'Press', and the description to include tofu."
		},
		"Retexture Cheese Press": {
			"AllowValues": "true, false",
			"Default": "false",
			"Description": "Changes the image of the Cheese Press to remove the cheese icon."
		},
		"Map Edits": {
			"AllowValues": "true, false",
			"Default": "true",
			"Description": "Enable small map edits (currently just adds sapodilla trees to Ginger Island)."
		},
	},
	"DynamicTokens": [
		//crop ExtraHarvestChance values for later testing
		{
			"Name": "10Percent",
			"Value": "0.1"
		},
		{
			"Name": "25Percent",
			"Value": "0.2"
		},
		{
			"Name": "50Percent",
			"Value": "0.33"
		},
		{
			"Name": "75Percent",
			"Value": "0.33"
		},
		{
			"Name": "90Percent",
			"Value": "0.36"
		},
	],
    "Changes": [	
		//set mail flags
		{
            "Action": "EditData",
            "Target": "Data/TriggerActions",
            "Entries": {
                "Cornucopia.MoreCrops_RemoveConfigFlags": { 
                    "Id": "Cornucopia.MoreCrops_RemoveConfigFlags",
                    "Trigger": "DayStarted DayEnding", 
                    "HostOnly": true,
                    "Action": null,
                    "Actions": [
						"MarkActionApplied All Cornucopia.MoreCrops_RepeatConfigFlags false",
						"MarkActionApplied All Cornucopia.MoreCrops_SetHerbsPackFlags false",
						"MarkActionApplied All Cornucopia.MoreCrops_SetExtendedCropsPackFlags false",
						"MarkActionApplied All Cornucopia.MoreCrops_SetExtendedTreesPackFlags false",
                        "RemoveMail All Cornucopia.MoreCrops_HerbsPackEnabled all",
						"RemoveMail All Cornucopia.MoreCrops_ExtendedCropsPackEnabled all",
						"RemoveMail All Cornucopia.MoreCrops_ExtendedTreesPackEnabled all",
                    ]
                },
				//Entries to set flags based on config
				"Cornucopia.MoreCrops_SetExtendedCropsPackFlags": {
                    "Id": "Cornucopia.MoreCrops_SetExtendedCropsPackFlags",
                    "Trigger": "DayStarted",
                    "Condition": "{{Enable Extended Crops Pack}}",
                    "HostOnly": true,
                    "Action": "AddMail All Cornucopia.MoreCrops_ExtendedCropsPackEnabled received",
                    "Actions": null
                },
				"Cornucopia.MoreCrops_SetExtendedTreesPackFlags": {
                    "Id": "Cornucopia.MoreCrops_SetExtendedTreesPackFlags",
                    "Trigger": "DayStarted",
                    "Condition": "{{Enable Extended Trees Pack}}",
                    "HostOnly": true,
                    "Action": "AddMail All Cornucopia.MoreCrops_ExtendedTreesPackEnabled received",
                    "Actions": null
                },
				"Cornucopia.MoreCrops_SetHerbsPackFlags": { 
                    "Id": "Cornucopia.MoreCrops_SetHerbsPackFlags",
                    "Trigger": "DayStarted",
                    "Condition": "{{Enable Herbs Pack}}", //Config name, true/false
                    "HostOnly": true,
                    "Action": "AddMail All Cornucopia.MoreCrops_HerbsPackEnabled received", //Mailflag that will be checked by other mod
                    "Actions": null
                },
				"Cornucopia.MoreCrops_RepeatConfigFlags": { 
                    "Id": "Cornucopia.MoreCrops_RepeatConfigFlags",
                    "Trigger": "DayStarted DayEnding", 
                    "HostOnly": true,
                    "Action": null,
                    "Actions": [
						"MarkActionApplied All Cornucopia.MoreCrops_RemoveConfigFlags false",
                    ]
                },
            }
        },
        // add item + crop images
        {
            "Action": "Load",
            "Target": "Cornucopia.MoreCrops/Crops, Cornucopia.MoreCrops/GiantCrops, Cornucopia.MoreCrops/Objects, Cornucopia.MoreCrops/Objects-Artisan, Cornucopia.MoreCrops/FruitTrees, Cornucopia.MoreCrops/Furniture, , Cornucopia.MoreCrops/teabushes_indoors, Cornucopia.MoreCrops/FruitTrees_Custom1",
            "FromFile": "assets/{{TargetWithoutPath}}.png" // assets/Crops.png, assets/Objects.png
        },
		
		// add teabushes and wild trees images
        {
            "Action": "Load",
            "Target": "Cornucopia.MoreCrops/teabushes",
            "FromFile": "assets/teabushes_{{season}}.png"
        },
		{
            "Action": "Load",
            "Target": "Cornucopia.MoreCrops/treesapodilla_spring, Cornucopia.MoreCrops/treesapodilla_summer, Cornucopia.MoreCrops/treesapodilla_fall, Cornucopia.MoreCrops/treesapodilla_winter",
            "FromFile": "assets/{{TargetWithoutPath}}.png"
        },
		
		// add subfiles
		{
			"Action": "Include",
			"FromFile": "data/shop_dwarf.json, data/shop_joja.json, data/shop_marnie.json, data/shop_islandtrader.json, data/shop_oasis.json, data/shop_pierre.json, data/shop_festivals.json, data/shop_travelingcart.json"
		},
		{
			"Action": "Include",
			"FromFile": "data/crops.json, data/forage.json, data/fruittrees.json, data/furniture.json, data/giantcrops.json, data/gifttastes.json, data/letters.json, data/multiyieldcrops.json, data/objectcontexttags.json, data/objects.json, data/teabushes.json, data/wildtrees.json, data/objectreplacements.json, data/mapedits.json"
		},
		{
			"Action": "Include",
			"FromFile": "machines/cask.json, machines/cheesepress.json, machines/keg.json, machines/loom.json, machines/mill.json, machines/oilmaker.json"
		},
		{
			"Action": "Include",
			//"When": {"HasMod |contains=spacechase0.SpaceCore": true},
			"FromFile": "data/objectcategories.json, data/multiyieldcrops.json",
		},
		{
			"Action": "Include",
			"When": {"HasMod |contains=mistyspring.ItemExtensions": true},
			"FromFile": "data/mixedseeds.json",
		}
    ]
}