{
    "Name": "Potato (Joja)",
    "Product": "Potato (Joja)",
    "SeedName": "Potato (Joja) Seeds",
	
    "SeedDescription": "Plant in spring or winter thanks to JojaCo bioengineering! Takes 6 days to mature.",
	
    "Type": "Vegetable",

    "Seasons": ["spring", "winter"],
    "Phases": [ 1, 1, 1, 2, 1, ],
    "RegrowthPhase": -1,
    "HarvestWithScythe": false,
    "TrellisCrop": false,
    "Colors": null,
	
    "Bonus": {
        "MinimumPerHarvest": 1,
        "MaximumPerHarvest": 3,
        "MaxIncreasePerFarmLevel": 0,
        "ExtraChance": 0.25,
    },
		
	"SeedPurchaseFrom": "Joja",

    "SeedPurchasePrice": 50,
	"SeedSellPrice": 15,

}
