{
    "Name": "Wheat (Joja)",
    "Product": "Wheat (Joja)",
    "SeedName": "Wheat (Joja) Seeds",
	
    "SeedDescription": "Plant in spring, summer, or fall thanks to JojaCo bioengineering! Takes 4 days to mature.",
	
    "Type": "Vegetable",

    "Seasons": ["spring", "summer", "fall",],
    "Phases": [ 1, 1, 1, 1 ],
    "RegrowthPhase": -1,
    "HarvestWithScythe": true,
    "TrellisCrop": false,
    "Colors": null,
	
    "Bonus": {
        "MinimumPerHarvest": 1,
        "MaximumPerHarvest": 1,
        "MaxIncreasePerFarmLevel": 0,
        "ExtraChance": 0.0,
    },
		
	"SeedPurchaseFrom": "Joja",

    "SeedPurchasePrice": 15,
	"SeedSellPrice": 5,

}
