{
  "Name": "Smothered Garlic Potatoes",
  "Description": "A heap of fried potatoes smothered in garlic, cheese, and mayo. Mmmm! (Recipe makes 2 servings.)",
  "Category": "Cooking",
  
  "Edibility": 40,
  "EdibleIsDrink": false,
  "EdibleBuffs": {
    "Farming": 1,
    "Fishing": 0,
    "Mining": 0,
    "Luck": 0,
	"Foraging": 0,
	"MaxStamina": 0,
    "MagnetRadius": 0,
	"Speed": 0,
	"Defense": 0,
	"Attack": 0,
    "Duration": 180,
  },
  
  "Price": 340,
  
  "IsColored": false,
  
  "Recipe": {
			  "ResultCount": 2,
			  "Ingredients": [
				{
				   "Object": "Cheese",
				   "Count": 1,
				},
				{
				   "Object": "Potato (Joja)",
				   "Count": 4,
				},
				{
				   "Object": "Oil",
				   "Count": 1,
				},
				{
				   "Object": "Garlic",
				   "Count": 1,
				},
				{
				   "Object": "Mayonnaise",
				   "Count": 1,
				},
			      ],
			   "IsDefault": "False",
			   "CanPurchase": "True",
			   "PurchaseFrom": "Joja",
			   "PurchasePrice": 1000,
			   "PurchaseRequirements": null,
			},
  
  "GiftTastes": 
		{
		"Love": [  "Jas", "Vincent", "Leo", "Morris", "Sam", "George", "Shane", ],
		"Like": [   "Clint",  "Evelyn",  "Gus", "Haley",  "Jodi", "Kent", "Lewis", "Linus", "Marnie", "Maru", "Pam", "Willy", "Jasper",  ],
		"Neutral": [ "Alex", "Demetrius", "Elliott", "Emily", "Penny", "Robin", "Sandy", "Sebastian",],
		"Dislike": [ "Abigail", "Caroline", "Linus", "Dwarf", "Harvey", "Krobus", ],
		"Hate": [  "Pierre", "Leah", "Wizard",],	
		},
  

}