{
    "Name": "Heirloom Carrot",
    "Product": "Heirloom Carrot",
    "SeedName": "Heirloom Carrot Seeds",
	
    "SeedDescription": "Plant in spring or fall for a rainbow crunch full of carroty sweetness! Takes 8 days to mature.",
	
    "Type": "Vegetable",

    "Seasons": ["spring", "fall", ],
    "Phases": [ 1, 3, 2, 2, ],
    "RegrowthPhase": -1,
    "HarvestWithScythe": false,
    "TrellisCrop": false,
    "Colors": [
        "245, 130, 7, 1",
        "217, 153, 17, 1",
		"164, 19, 232, 1",
		"194, 74, 134, 1",
		"244, 247, 190, 1",
		"222, 207, 2, 1",
		"224, 94, 18, 1",
		"247, 49, 70, 1",
    ],
	
    "Bonus": {
        "MinimumPerHarvest": 1,
        "MaximumPerHarvest": 1,
        "MaxIncreasePerFarmLevel": 0,
        "ExtraChance": 0.05,
    },
		
	"SeedPurchaseFrom": "handledinSTF",

    "SeedPurchasePrice": 90,
	"SeedSellPrice": 40,

}
