{
  "White Cow Default": "SpottedSilver",
  "White Cow Skins": "SolidCream, SolidBlonde, SolidFawn, SolidBrown, SolidRed, SolidMidnight, SolidBlack, SolidGrey, SolidSilver, SolidWhite, SpottedBlonde, SpottedFawn, SpottedBrown, SpottedRed, SpottedMidnight, SpottedBlack, SpottedGrey, SpottedSilver, HerefordBlonde, HerefordFawn, HerefordBrown, HerefordRed, HerefordMidnight, HerefordBlack, HerefordGrey, HerefordSilver, BeltedBlonde, BeltedFawn, BeltedBrown, BeltedRed, BeltedMidnight, BeltedBlack, BeltedGrey, BeltedSilver, HighlandCream, HighlandBlonde, HighlandFawn, HighlandBrown, HighlandRed, HighlandMidnight, HighlandBlack, HighlandGrey, HighlandSilver, HighlandWhite, SolidVoid, SpottedVoid, HerefordVoid, BeltedVoid",
  "Brown Cow Default": "HerefordFawn",
  "Brown Cow Skins": "SolidCream, SolidBlonde, SolidFawn, SolidBrown, SolidRed, SolidMidnight, SolidBlack, SolidGrey, SolidSilver, SolidWhite, SpottedBlonde, SpottedFawn, SpottedBrown, SpottedRed, SpottedMidnight, SpottedBlack, SpottedGrey, SpottedSilver, HerefordBlonde, HerefordFawn, HerefordBrown, HerefordRed, HerefordMidnight, HerefordBlack, HerefordGrey, HerefordSilver, BeltedBlonde, BeltedFawn, BeltedBrown, BeltedRed, BeltedMidnight, BeltedBlack, BeltedGrey, BeltedSilver, HighlandCream, HighlandBlonde, HighlandFawn, HighlandBrown, HighlandRed, HighlandMidnight, HighlandBlack, HighlandGrey, HighlandSilver, HighlandWhite, SolidVoid, SpottedVoid, HerefordVoid, BeltedVoid",
  "Goat Default": "SolidBlonde",
  "Goat Skins": "SolidCream, SolidBlonde, SolidFawn, SolidBrown, SolidRed, SolidMidnight, SolidBlack, SolidGrey, SolidSilver, SolidWhite, SocksBlonde, SocksFawn, SocksBrown, SocksRed, SocksMidnight, SocksBlack, SocksGrey, SocksSilver, SpottedBlonde, SpottedFawn, SpottedBrown, SpottedRed, SpottedMidnight, SpottedBlack, SpottedGrey, SpottedSilver, BeltedBlonde, BeltedFawn, BeltedBrown, BeltedRed, BeltedMidnight, BeltedBlack, BeltedGrey, BeltedSilver, LongSolidCream, LongSolidBlonde, LongSolidFawn, LongSolidBrown, LongSolidRed, LongSolidMidnight, LongSolidBlack, LongSolidGrey, LongSolidSilver, LongSolidWhite, LongSocksBlonde, LongSocksFawn, LongSocksBrown, LongSocksRed, LongSocksMidnight, LongSocksBlack, LongSocksGrey, LongSocksSilver, LongSpottedBlonde, LongSpottedFawn, LongSpottedBrown, LongSpottedRed, LongSpottedMidnight, LongSpottedBlack, LongSpottedGrey, LongSpottedSilver, LongBeltedBlonde, LongBeltedFawn, LongBeltedBrown, LongBeltedRed, LongBeltedMidnight, LongBeltedBlack, LongBeltedGrey, LongBeltedSilver, SolidVoid, SpottedVoid, BeltedVoid, SocksVoid, LongSolidVoid, LongSpottedVoid, LongBeltedVoid, LongSocksVoid",
  "Sheep Default": "SolidCream",
  "Sheep Skins": "SolidCream, SolidBlonde, SolidFawn, SolidBrown, SolidRed, SolidMidnight, SolidBlack, SolidGrey, SolidSilver, SolidWhite, SpottedBlonde, SpottedFawn, SpottedBrown, SpottedRed, SpottedMidnight, SpottedBlack, SpottedGrey, SpottedSilver, SocksBlonde, SocksFawn, SocksBrown, SocksRed, SocksMidnight, SocksBlack, SocksGrey, SocksSilver, AlpacaSolidCream, AlpacaSolidBlonde, AlpacaSolidFawn, AlpacaSolidBrown, AlpacaSolidRed, AlpacaSolidMidnight, AlpacaSolidBlack, AlpacaSolidGrey, AlpacaSolidSilver, AlpacaSolidWhite, AlpacaSpottedBlonde, AlpacaSpottedFawn, AlpacaSpottedBrown, AlpacaSpottedRed, AlpacaSpottedMidnight, AlpacaSpottedBlack, AlpacaSpottedGrey, AlpacaSpottedSilver, AlpacaSocksBlonde, AlpacaSocksFawn, AlpacaSocksBrown, AlpacaSocksRed, AlpacaSocksMidnight, AlpacaSocksBlack, AlpacaSocksGrey, AlpacaSocksSilver, SolidVoid, SpottedVoid, SocksVoid, AlpacaSolidVoid, AlpacaSpottedVoid, AlpacaSocksVoid",
  "Pig Default": "SolidPink",
  "Pig Skins": "SolidPink, SolidCream, SolidBlonde, SolidFawn, SolidBrown, SolidRed, SolidMidnight, SolidBlack, SolidGrey, SolidSilver, SolidWhite, SocksBlonde, SocksFawn, SocksBrown, SocksRed, SocksMidnight, SocksBlack, SocksGrey, SocksSilver, SpottedPink, SpottedBlonde, SpottedFawn, SpottedBrown, SpottedRed, SpottedMidnight, SpottedBlack, SpottedGrey, SpottedSilver, BeltedPink, BeltedBlonde, BeltedFawn, BeltedBrown, BeltedRed, BeltedMidnight, BeltedBlack, BeltedGrey, BeltedSilver, DeerBlonde, DeerFawn, DeerBrown, DeerRed, DeerMidnight, DeerBlack, DeerGrey, DeerSilver, DeerVoid, SolidVoid, SpottedVoid, BeltedVoid, SocksVoid",
  "Ostrich Default": "Black",
  "Ostrich Skins": "Blonde, Fawn, Brown, Red, Midnight, Black, Grey, Silver, Void",
  "Wool Recolor": "Cream",
  "Cloth Recolor": "Cream"
}