{
    "Name": "Heirloom Corn",
    "Product": "Heirloom Corn",
    "SeedName": "Heirloom Corn Seeds",
	
    "SeedDescription": "Plant in summer or fall for a rainbow harvest. Grows in 11 days. (Does not regrow.)",
	
    "Type": "Vegetable",

    "Seasons": [ "summer", "fall"],
    "Phases": [ 2, 2, 2, 3, 2],
    "RegrowthPhase": -1,
    "HarvestWithScythe": false,
    "TrellisCrop": false,
    "Colors": [
        "243, 244, 203, 1",
        "96, 86, 173, 1",
		"252, 240, 5, 1",
		"239, 237, 86, 1",
		"247, 173, 14, 1",
		"247, 72, 14, 1",
		"216, 13, 13, 1",
		"255, 255, 1, 1",
    ],
	
    "Bonus": {
        "MinimumPerHarvest": 1,
        "MaximumPerHarvest": 2,
        "MaxIncreasePerFarmLevel": 0,
        "ExtraChance": 0.10,
    },
		
	"SeedPurchaseFrom": "handledinSTF",

    "SeedPurchasePrice": 70,
	"SeedSellPrice": 30,

}
