{
    "Name": "Cranberries (Joja)",
    "Product": "Cranberries (Joja)",
    "SeedName": "Cranberry (Joja) Seeds",
	
    "SeedDescription": "Plant in fall for a veritable cornucopia of berries! Takes 7 days to mature.",
	
    "Type": "Fruit",

    "Seasons": ["fall",],
    "Phases": [ 1, 2, 1, 1, 2 ],
    "RegrowthPhase": 5,
    "HarvestWithScythe": false,
    "TrellisCrop": false,
    "Colors": null,
	
    "Bonus": {
        "MinimumPerHarvest": 1,
        "MaximumPerHarvest": 5,
        "MaxIncreasePerFarmLevel": 0,
        "ExtraChance": 0.2,
    },
		
	"SeedPurchaseFrom": "Joja",

    "SeedPurchasePrice": 300,
	"SeedSellPrice": 50,

}
