﻿[
	{
		//WILD RASPBERRY
	
		"Enabled": true,
		"ShakeOff": "wildflour.ateliercrops_raspberry",
		"StartSeason": "summer",
		"StartDay": 1,
		"EndSeason": "summer",
		"EndDay": 7,
		"Texture": "assets/raspberry.png", 
		"Chance": 0.2,
		"Locations":["Backwoods","Mountain"],
		"ExcludeWeather": [ "Rain", "GreenRain","Storm"]
	},
	
	{
		//WILD STRAWBERRY
	
		"Enabled": true,
		"ShakeOff": "wildflour.ateliercrops_strawberry",
		"StartSeason": "spring",
		"StartDay": 1,
		"EndSeason": "spring",
		"EndDay": 7,
		"Texture": "assets/strawberry.png", 
		"Chance": 0.2,
		"Locations":["Backwoods","Mountain"],
		"ExcludeWeather": [ "Rain", "GreenRain","Storm"]
	},
	
	{
		//SAKURA PETALS
	
		"Enabled": true,
		"ShakeOff": "wildflour.ateliercrops_cherryblossoms",
		"StartSeason": "spring",
		"StartDay": 14,
		"EndSeason": "spring",
		"EndDay": 28,
		"Texture": "assets/sakurapetals.png", 
		"Chance": 0.2,
		"Locations":["BusStop","Town"],
		"Weather":["Wind"]
	},
	{
		//AMBER MOONDROP

		"Enabled": true,
		"ShakeOff": "wildflour.ateliercrops_amber_moondrop",
		"StartSeason": "summer",
		"StartDay": 1,
		"EndSeason": "summer",
		"EndDay": 28,
		"Locations":["Forest"],
		"Texture": "assets/amber.png", 
		"Chance": 0.2,
		"Weather": [ "Storm" ]
	},

	

	{
		//JADE MOONDROP

		"Enabled": true,
		"ShakeOff": "wildflour.ateliercrops_jade_moondrop",
		"StartSeason": "spring",
		"StartDay": 1,
		"EndSeason": "fall",
		"EndDay": 28,
		"Texture": "assets/jade.png", 
		"Chance": 0.1,
		"Weather": [ "GreenRain" ]
	},

	{
		//LAPIS MOONDROP

		"Enabled": true,
		"ShakeOff": "wildflour.ateliercrops_lapis_moondrop",
		"StartSeason": "summer",
		"StartDay": 1,
		"EndSeason": "summer",
		"EndDay": 28,
		"Texture": "assets/lapis.png", 
		"Chance": 0.2,
		"Weather": [ "Rain" ],
		"Locations":["Forest"],
		"ExcludeWeather": [ "Sun", "Wind"]
	},

	{
		//PEARL MOONDROP

		"Enabled": true,
		"ShakeOff": "wildflour.ateliercrops_pearl_moondrop",
		"StartSeason": "winter",
		"StartDay": 1,
		"EndSeason": "winter",
		"EndDay": 28,
		"Texture": "assets/pearl.png", 
		"Chance": 0.2,
		"Locations":["Forest"],
		"Weather": [ "Snow" ],
		"ExcludeWeather": [ "Sun", "Wind"]
	},

	{
		// CAKE BLOSSOM

		"Enabled": true,
		"ShakeOff": "wildflour.ateliercrops_cake_blossom",
		"StartSeason": "spring",
		"StartDay": 1,
		"EndSeason": "spring",
		"EndDay": 1,
		"Locations":["Woods"],
		"Texture": "assets/cake.png", 
		"Chance": 0.2
	},

	{
		// CARAMEL BLOSSOM

		"Enabled": true,
		"ShakeOff": "wildflour.ateliercrops_caramel_blossom",
		"StartSeason": "fall",
		"StartDay": 1,
		"EndSeason": "fall",
		"EndDay": 1,
		"Locations":["Woods"],
		"Texture": "assets/caramel.png", 
		"Chance": 0.2
	},

	{
		// CREAMSICLE BLOSSOM

		"Enabled": true,
		"ShakeOff": "wildflour.ateliercrops_creamsicle_blossom",
		"StartSeason": "summer",
		"StartDay": 28,
		"EndSeason": "summer",
		"EndDay": 28,
		"Locations":["Woods"],
		"Texture": "assets/creamsicle.png", 
		"Chance": 0.2
	},

	{
		// CUSTARD BLOSSOM

		"Enabled": true,
		"ShakeOff": "wildflour.ateliercrops_custard_blossom",
		"StartSeason": "summer",
		"StartDay": 14,
		"EndSeason": "summer",
		"EndDay": 14,
		"Locations":["Woods"],
		"Texture": "assets/custard.png", 
		"Chance": 0.2
	},

	{
		// GUMDROP BLOSSOM

		"Enabled": true,
		"ShakeOff": "wildflour.ateliercrops_gumdrop_blossom",
		"StartSeason": "winter",
		"StartDay": 14,
		"EndSeason": "winter",
		"EndDay": 14,
		"Locations":["Woods"],
		"Texture": "assets/gumdrop.png", 
		"Chance": 0.2
	},

	{
		// MACARON BLOSSOM

		"Enabled": true,
		"ShakeOff": "wildflour.ateliercrops_macaron_blossom",
		"StartSeason": "spring",
		"StartDay": 14,
		"EndSeason": "spring",
		"EndDay": 14,
		"Locations":["Woods"],
		"Texture": "assets/macaron.png", 
		"Chance": 0.2
	},

	{
		// PIE BLOSSOM

		"Enabled": true,
		"ShakeOff": "wildflour.ateliercrops_pie_blossom",
		"StartSeason": "fall",
		"StartDay": 14,
		"EndSeason": "fall",
		"EndDay": 14,
		"Locations":["Woods"],
		"Texture": "assets/pie.png", 
		"Chance": 0.2
	},

	{
		// SHORTCAKE BLOSSOM

		"Enabled": true,
		"ShakeOff": "wildflour.ateliercrops_shortcake_blossom",
		"StartSeason": "summer",
		"StartDay": 1,
		"EndSeason": "summer",
		"EndDay": 1,
		"Locations":["Woods"],
		"Texture": "assets/shortcake.png", 
		"Chance": 0.2
	},

	{
		// SUGAR BLOSSOM

		"Enabled": true,
		"ShakeOff": "wildflour.ateliercrops_sugar_blossom",
		"StartSeason": "winter",
		"StartDay": 1,
		"EndSeason": "winter",
		"EndDay": 1,
		"Locations":["Woods"],
		"Texture": "assets/sugar.png", 
		"Chance": 0.2
	},

	{
		// SPRINKLE BLOSSOM

		"Enabled": true,
		"ShakeOff": "wildflour.ateliercrops_sprinkle_blossom",
		"StartSeason": "summer",
		"StartDay": 28,
		"EndSeason": "summer",
		"EndDay": 28,
		"Locations":["Woods"],
		"Texture": "assets/sprinkle.png", 
		"Chance": 0.2
	}

]