{
    "Changes": 
    [
        {
			"LogName": "Basic Fertilizer",
			"Action": "EditImage",
			"Target": "Maps/springobjects",
			"FromFile": "Assets/{{SaturationToggle}}/Fertilizer/BasicFertilizer.png",
			"ToArea": { "X": 128, "Y": 240, "Width": 16, "Height": 16 },
			"When": 
			{
				"Fertilizer |contains= Basic Fertilizer": true
			}
		},
        {
			"LogName": "Quality Fertilizer",
			"Action": "EditImage",
			"Target": "Maps/springobjects",
			"FromFile": "Assets/{{SaturationToggle}}/Fertilizer/QualityFertilizer.png",
			"ToArea": { "X": 144, "Y": 240, "Width": 16, "Height": 16 },
			"When": 
			{
				"Fertilizer |contains= Quality Fertilizer": true
			}
		},
        {
			"LogName": "Deluxe Fertilizer",
			"Action": "EditImage",
			"Target": "Maps/springobjects",
			"FromFile": "Assets/{{SaturationToggle}}/Fertilizer/DeluxeFertilizer.png",
			"ToArea": { "X": 112, "Y": 608, "Width": 16, "Height": 16 },
			"When": 
			{
				"Fertilizer |contains= Deluxe Fertilizer": true
			}
		},
        {
			"LogName": "Basic Retaining Soil",
			"Action": "EditImage",
			"Target": "Maps/springobjects",
			"FromFile": "Assets/{{SaturationToggle}}/Fertilizer/BasicRetainingSoil.png",
			"ToArea": { "X": 160, "Y": 240, "Width": 16, "Height": 16 },
			"When": 
			{
				"Fertilizer |contains= Basic Retaining Soil": true
			}
		},
        {
			"LogName": "Quality Retaining Soil",
			"Action": "EditImage",
			"Target": "Maps/springobjects",
			"FromFile": "Assets/{{SaturationToggle}}/Fertilizer/QualityRetainingSoil.png",
			"ToArea": { "X": 176, "Y": 240, "Width": 16, "Height": 16 },
			"When": 
			{
				"Fertilizer |contains= Quality Retaining Soil": true
			}
		},
        {
			"LogName": "Deluxe Retaining Soil",
			"Action": "EditImage",
			"Target": "Maps/springobjects",
			"FromFile": "Assets/{{SaturationToggle}}/Fertilizer/DeluxeRetainingSoil.png",
			"ToArea": { "X": 128, "Y": 608, "Width": 16, "Height": 16 },
			"When": 
			{
				"Fertilizer |contains= Deluxe Retaining Soil": true
			}
		},
        {
			"LogName": "Speed-Gro",
			"Action": "EditImage",
			"Target": "Maps/springobjects",
			"FromFile": "Assets/{{SaturationToggle}}/Fertilizer/SpeedGro.png",
			"ToArea": { "X": 144, "Y": 304, "Width": 16, "Height": 16 },
			"When": 
			{
				"Fertilizer |contains= Speed-Gro": true
			}
		},
        {
			"LogName": "Deluxe Speed-Gro",
			"Action": "EditImage",
			"Target": "Maps/springobjects",
			"FromFile": "Assets/{{SaturationToggle}}/Fertilizer/DeluxeSpeedGro.png",
			"ToArea": { "X": 160, "Y": 304, "Width": 16, "Height": 16 },
			"When": 
			{
				"Fertilizer |contains= Deluxe Speed-Gro": true
			}
		},
        {
			"LogName": "Hyper Speed-Gro",
			"Action": "EditImage",
			"Target": "Maps/springobjects",
			"FromFile": "Assets/{{SaturationToggle}}/Fertilizer/HyperSpeedGro.png",
			"ToArea": { "X": 96, "Y": 608, "Width": 16, "Height": 16 },
			"When": 
			{
				"Fertilizer |contains= Hyper Speed-Gro": true
			}
		},
        {
			"LogName": "Tree Fertilizer",
			"Action": "EditImage",
			"Target": "Maps/springobjects",
			"FromFile": "Assets/{{SaturationToggle}}/Fertilizer/TreeFertilizer.png",
			"ToArea": { "X": 208, "Y": 528, "Width": 16, "Height": 16 },
			"When": 
			{
				"Fertilizer |contains= Tree Fertilizer": true
			}
		}
    ]
}