{
  "Name": "Broccoflower (Joja)",
  "Description": "The green vegetable that makes dinnertime fun!",
  "Category": "Vegetable",
  "CategoryTextOverride": "Joja Vegetable",
  
  "Edibility": 30,
  "EdibleIsDrink": false,
  "EdibleBuffs": {
    "Farming": 0,
    "Fishing": 0,
    "Mining": 0,
    "Luck": 0,
	"Foraging": 0,
	"MaxStamina": 0,
    "MagnetRadius": 0,
	"Speed": 0,
	"Defense": 0,
	"Attack": 0,
    "Duration": 0,
  },
  
  "Price": 170,
  
  "IsColored": false,
  "Recipe": null,
  
  "GiftTastes": 
		{
		"Love": [ "Jasper", ],
		"Like": [ "Maru", "Demetrius", "Morris", "Jas", "Vincent", "Leo",],
		"Dislike": [ "Abigail", "Caroline", "Linus", ],
		"Hate": [  "Pierre", "Leah", "Wizard",],	
		},
  
  
  "ContextTags": 
        [
        "color_green",
        "dye_medium",
        ],

}