{
  "Name": "Cheese Broccoflower",
  "Description": "Broccoflower smothered in delicious, processed cheese.",
  "Category": "Cooking",
  
  "Edibility": 50,
  "EdibleIsDrink": false,
  "EdibleBuffs": {
    "Farming": 0,
    "Fishing": 0,
    "Mining": 0,
    "Luck": 0,
	"Foraging": 1,
	"MaxStamina": 0,
    "MagnetRadius": 0,
	"Speed": 0,
	"Defense": 0,
	"Attack": 0,
    "Duration": 180,
  },
  
  "Price": 420,
  
  "IsColored": false,
  
  "Recipe": {
			  "ResultCount": 1,
			  "Ingredients": [
				{
				   "Object": "Cheese",
				   "Count": 1,
				},
				{
				   "Object": "Broccoflower (Joja)",
				   "Count": 1,
				},
			      ],
			   "IsDefault": "False",
			   "CanPurchase": "True",
			   "PurchaseFrom": "Joja",
			   "PurchasePrice": 1000,
			   "PurchaseRequirements": null,
			},
  
  "GiftTastes": 
		{
		"Love": [  "Jas", "Vincent", "Leo", "Morris", "Jasper",  ],
		"Like": [  ],
		"Dislike": [ "Abigail", "Caroline", "Linus", ],
		"Hate": [  "Pierre", "Leah", "Wizard",],	
		},
  

}