{
	"Format": "2.0.0",
	
	"ConfigSchema": {
		"Abigail": { "AllowValues": "true, false", "Default": "true" },
		"Alex": { "AllowValues": "true, false", "Default": "true" },
		"Babies": { "AllowValues": "true, false", "Default": "true" },
		"Bear": { "AllowValues": "true, false", "Default": "true" },
		"Birdie": { "AllowValues": "true, false", "Default": "true" },
		"Bouncer": { "AllowValues": "true, false", "Default": "true" },
		"Caroline": { "AllowValues": "true, false", "Default": "true" },
		"Clint": { "AllowValues": "true, false", "Default": "true" },
		"ClothesTherapy": { "AllowValues": "true, false", "Default": "true" },
		"Demetrius": { "AllowValues": "true, false", "Default": "true" },
		"Dwarf": { "AllowValues": "true, false", "Default": "true" },
		"Elliott": { "AllowValues": "true, false", "Default": "true" },
		"Emily": { "AllowValues": "true, false", "Default": "true" },
		"Evelyn": { "AllowValues": "true, false", "Default": "true" },
		"Fishermen": { "AllowValues": "true, false", "Default": "true" },
		"Fizz": { "AllowValues": "true, false", "Default": "true" },
		"George": { "AllowValues": "true, false", "Default": "true" },
		"Gourmand": { "AllowValues": "true, false", "Default": "true" },
		"Governor": { "AllowValues": "true, false", "Default": "true" },
		"Gunther": { "AllowValues": "true, false", "Default": "true" },
		"Gus": { "AllowValues": "true, false", "Default": "true" },
		"Haley": { "AllowValues": "true, false", "Default": "true" },
		"Harvey": { "AllowValues": "true, false", "Default": "true" },
		"Henchman": { "AllowValues": "true, false", "Default": "true" },
		"IslandParrot": { "AllowValues": "true, false", "Default": "true" },
		"Jas": { "AllowValues": "true, false", "Default": "true" },
		"Jodi": { "AllowValues": "true, false", "Default": "true" },
		"Kel": { "AllowValues": "true, false", "Default": "true" },
		"Kent": { "AllowValues": "true, false", "Default": "true" },
		"Krobus": { "AllowValues": "true, false", "Default": "true" },
		"Leah": { "AllowValues": "true, false", "Default": "true" },
		"Lewis": { "AllowValues": "true, false", "Default": "true" },
		"Linus": { "AllowValues": "true, false", "Default": "true" },
		"Marcello": { "AllowValues": "true, false", "Default": "true" },
		"MarILDA": { "AllowValues": "true, false", "Default": "true" },
		"Mariner": { "AllowValues": "true, false", "Default": "true" },
		"Marlon": { "AllowValues": "true, false", "Default": "true" },
		"Marnie": { "AllowValues": "true, false", "Default": "true" },
		"Maru": { "AllowValues": "true, false", "Default": "true" },
		"Morris": { "AllowValues": "true, false", "Default": "true" },
		"MrQi": { "AllowValues": "true, false", "Default": "true" },
		"Pam": { "AllowValues": "true, false", "Default": "true" },
		"ParrotBoy": { "AllowValues": "true, false", "Default": "true" },
		"Penny": { "AllowValues": "true, false", "Default": "true" },
		"Pierre": { "AllowValues": "true, false", "Default": "true" },
		"Raccoon": { "AllowValues": "true, false", "Default": "true" },
		"Robin": { "AllowValues": "true, false", "Default": "true" },
		"SafariGuy": { "AllowValues": "true, false", "Default": "true" },
		"Sam": { "AllowValues": "true, false", "Default": "true" },
		"Sandy": { "AllowValues": "true, false", "Default": "true" },
		"Sebastian": { "AllowValues": "true, false", "Default": "true" },
		"Shane": { "AllowValues": "true, false", "Default": "true" },
		"Toddlers": { "AllowValues": "true, false", "Default": "true" },
		"TrashBear": { "AllowValues": "true, false", "Default": "true" },
		"Vincent": { "AllowValues": "true, false", "Default": "true" },
		"Willy": { "AllowValues": "true, false", "Default": "true" },
		"Wizard": { "AllowValues": "true, false", "Default": "true" },
	},
	
	"Changes": [
		{
			// Abigail
			"Action": "EditImage",
			"Target": "Characters/Abigail",
			"FromFile": "assets/Abigail.png",
			"When": {
				"Abigail": "true"
			}
		},
		
		{
			// Abigail Beach
			"Action": "EditImage",
			"Target": "Characters/Abigail_Beach",
			"FromFile": "assets/Abigail_Beach.png",
			"When": {
				"Abigail": "true"
			}
		},

		{
			// Abigail Winter
			"Action": "EditImage",
			"Target": "Characters/Abigail_Winter",
			"FromFile": "assets/Abigail_Winter.png",
			"When": {
				"Abigail": "true"
			}
		},
		
		{
			// Alex
			"Action": "EditImage",
			"Target": "Characters/Alex",
			"FromFile": "assets/Alex.png",
			"When": {
				"Alex": "true"
			}
		},
		
		{
			// Alex Beach
			"Action": "EditImage",
			"Target": "Characters/Alex_Beach",
			"FromFile": "assets/Alex_Beach.png",
			"When": {
				"Alex": "true"
			}
		},

		{
			// Alex Winter
			"Action": "EditImage",
			"Target": "Characters/Alex_Winter",
			"FromFile": "assets/Alex_Winter.png",
			"When": {
				"Alex": "true"
			}
		},

		{
			// Assorted Fisherman
			"Action": "EditImage",
			"Target": "Characters/Assorted_Fishermen",
			"FromFile": "assets/Assorted_Fishermen.png",
			"When": {
				"Fishermen": "true"
			}
		},
		
		{
			// Baby
			"Action": "EditImage",
			"Target": "Characters/Baby",
			"FromFile": "assets/Baby.png",
			"When": {
				"Babies": "true"
			}
		},
		
		{
			// Dark Baby
			"Action": "EditImage",
			"Target": "Characters/Baby_dark",
			"FromFile": "assets/Baby_dark.png",
			"When": {
				"Babies": "true"
			}
		},
		
		{
			// Bear
			"Action": "EditImage",
			"Target": "Characters/Bear",
			"FromFile": "assets/Bear.png",
			"When": {
				"Bear": "true"
			}
		},
		
		{
			// Birdie
			"Action": "EditImage",
			"Target": "Characters/Birdie",
			"FromFile": "assets/Birdie.png",
			"When": {
				"Birdie": "true"
			}
		},
		
		{
			// Bouncer
			"Action": "EditImage",
			"Target": "Characters/Bouncer",
			"FromFile": "assets/Bouncer.png",
			"When": {
				"Bouncer": "true"
			}
		},
		
		{
			// Caroline
			"Action": "EditImage",
			"Target": "Characters/Caroline",
			"FromFile": "assets/Caroline.png",
			"When": {
				"Caroline": "true"
			}
		},
		
		{
			// Caroline Beach
			"Action": "EditImage",
			"Target": "Characters/Caroline_Beach",
			"FromFile": "assets/Caroline_Beach.png",
			"When": {
				"Caroline": "true"
			}
		},

		{
			// Caroline Winter
			"Action": "EditImage",
			"Target": "Characters/Caroline_Winter",
			"FromFile": "assets/Caroline_Winter.png",
			"When": {
				"Caroline": "true"
			}
		},
		
		{
			// Clint
			"Action": "EditImage",
			"Target": "Characters/Clint",
			"FromFile": "assets/Clint.png",
			"When": {
				"Clint": "true"
			}
		},
		
		{
			// Clint Beach
			"Action": "EditImage",
			"Target": "Characters/Clint_Beach",
			"FromFile": "assets/Clint_Beach.png",
			"When": {
				"Clint": "true"
			}
		},

		{
			// Clint Winter
			"Action": "EditImage",
			"Target": "Characters/Clint_Winter",
			"FromFile": "assets/Clint_Winter.png",
			"When": {
				"Clint": "true"
			}
		},
		
		{
			// Clothes Therapy
			"Action": "EditImage",
			"Target": "Characters/ClothesTherapyCharacters",
			"FromFile": "assets/ClothesTherapyCharacters.png",
			"When": {
				"ClothesTherapy": "true"
			}
		},
		
		{
			// Demetrius
			"Action": "EditImage",
			"Target": "Characters/Demetrius",
			"FromFile": "assets/Demetrius.png",
			"When": {
				"Demetrius": "true"
			}
		},
		
		{
			// Demetrius Beach
			"Action": "EditImage",
			"Target": "Characters/Demetrius_Beach",
			"FromFile": "assets/Demetrius_Beach.png",
			"When": {
				"Demetrius": "true"
			}
		},

		{
			// Demetrius Winter
			"Action": "EditImage",
			"Target": "Characters/Demetrius_Winter",
			"FromFile": "assets/Demetrius_Winter.png",
			"When": {
				"Demetrius": "true"
			}
		},
		
		{
			// Dwarf
			"Action": "EditImage",
			"Target": "Characters/Dwarf",
			"FromFile": "assets/Dwarf.png",
			"When": {
				"Dwarf": "true"
			}
		},
		
		{
			// Elliott
			"Action": "EditImage",
			"Target": "Characters/Elliott",
			"FromFile": "assets/Elliott.png",
			"When": {
				"Elliott": "true"
			}
		},
		
		{
			// Elliott Beach
			"Action": "EditImage",
			"Target": "Characters/Elliott_Beach",
			"FromFile": "assets/Elliott_Beach.png",
			"When": {
				"Elliott": "true"
			}
		},

		{
			// Elliott Winter
			"Action": "EditImage",
			"Target": "Characters/Elliott_Winter",
			"FromFile": "assets/Elliott_Winter.png",
			"When": {
				"Elliott": "true"
			}
		},
		
		{
			// Emily
			"Action": "EditImage",
			"Target": "Characters/Emily",
			"FromFile": "assets/Emily.png",
			"When": {
				"Emily": "true"
			}
		},
		
		{
			// Emily Beach
			"Action": "EditImage",
			"Target": "Characters/Emily_Beach",
			"FromFile": "assets/Emily_Beach.png",
			"When": {
				"Emily": "true"
			}
		},

		{
			// Emily Winter
			"Action": "EditImage",
			"Target": "Characters/Emily_Winter",
			"FromFile": "assets/Emily_Winter.png",
			"When": {
				"Emily": "true"
			}
		},
		
		{
			// Evelyn
			"Action": "EditImage",
			"Target": "Characters/Evelyn",
			"FromFile": "assets/Evelyn.png",
			"When": {
				"Evelyn": "true"
			}
		},

		{
			// Evelyn
			"Action": "EditImage",
			"Target": "Characters/Evelyn_Winter",
			"FromFile": "assets/Evelyn_Winter.png",
			"When": {
				"Evelyn": "true"
			}
		},

		{
			// Fizz
			"Action": "EditImage",
			"Target": "Characters/Fizz",
			"FromFile": "assets/Fizz.png",
			"When": {
				"Fizz": "true"
			}
		},
		
		{
			// George
			"Action": "EditImage",
			"Target": "Characters/George",
			"FromFile": "assets/George.png",
			"When": {
				"George": "true"
			}
		},

		{
			// George Winter
			"Action": "EditImage",
			"Target": "Characters/George_Winter",
			"FromFile": "assets/George_Winter.png",
			"When": {
				"George": "true"
			}
		},
		
		{
			// Gourmand
			"Action": "EditImage",
			"Target": "Characters/Gourmand",
			"FromFile": "assets/Gourmand.png",
			"When": {
				"Gourmand": "true"
			}
		},
		
		{
			// Governor
			"Action": "EditImage",
			"Target": "Characters/Governor",
			"FromFile": "assets/Governor.png",
			"When": {
				"Governor": "true"
			}
		},
		
		{
			// Gunther
			"Action": "EditImage",
			"Target": "Characters/Gunther",
			"FromFile": "assets/Gunther.png",
			"When": {
				"Gunther": "true"
			}
		},
		
		{
			// Gus
			"Action": "EditImage",
			"Target": "Characters/Gus",
			"FromFile": "assets/Gus.png",
			"When": {
				"Gus": "true"
			}
		},

		{
			// Gus Winter
			"Action": "EditImage",
			"Target": "Characters/Gus_Winter",
			"FromFile": "assets/Gus_Winter.png",
			"When": {
				"Gus": "true"
			}
		},
		
		{
			// Haley
			"Action": "EditImage",
			"Target": "Characters/Haley",
			"FromFile": "assets/Haley.png",
			"When": {
				"Haley": "true"
			}
		},
		
		{
			// Haley Beach
			"Action": "EditImage",
			"Target": "Characters/Haley_Beach",
			"FromFile": "assets/Haley_Beach.png",
			"When": {
				"Haley": "true"
			}
		},

		{
			// Haley Winter
			"Action": "EditImage",
			"Target": "Characters/Haley_Winter",
			"FromFile": "assets/Haley_Winter.png",
			"When": {
				"Haley": "true"
			}
		},
		
		{
			// Harvey
			"Action": "EditImage",
			"Target": "Characters/Harvey",
			"FromFile": "assets/Harvey.png",
			"When": {
				"Harvey": "true"
			}
		},
		
		{
			// Harvey Beach
			"Action": "EditImage",
			"Target": "Characters/Harvey_Beach",
			"FromFile": "assets/Harvey_Beach.png",
			"When": {
				"Harvey": "true"
			}
		},

		{
			// Harvey Winter
			"Action": "EditImage",
			"Target": "Characters/Harvey_Winter",
			"FromFile": "assets/Harvey_Winter.png",
			"When": {
				"Harvey": "true"
			}
		},
		
		{
			// Henchman
			"Action": "EditImage",
			"Target": "Characters/Henchman",
			"FromFile": "assets/Henchman.png",
			"When": {
				"Henchman": "true"
			}
		},
		
		{
			// Island Parrot
			"Action": "EditImage",
			"Target": "Characters/IslandParrot",
			"FromFile": "assets/IslandParrot.png",
			"When": {
				"IslandParrot": "true"
			}
		},
		
		{
			// Jas
			"Action": "EditImage",
			"Target": "Characters/Jas",
			"FromFile": "assets/Jas.png",
			"When": {
				"Jas": "true"
			}
		},

		{
			// Jas Winter
			"Action": "EditImage",
			"Target": "Characters/Jas_Winter",
			"FromFile": "assets/Jas_Winter.png",
			"When": {
				"Jas": "true"
			}
		},
		
		{
			// Jodi
			"Action": "EditImage",
			"Target": "Characters/Jodi",
			"FromFile": "assets/Jodi.png",
			"When": {
				"Jodi": "true"
			}
		},
		
		{
			// Jodi Beach
			"Action": "EditImage",
			"Target": "Characters/Jodi_Beach",
			"FromFile": "assets/Jodi_Beach.png",
			"When": {
				"Jodi": "true"
			}
		},

		{
			// Jodi Winter
			"Action": "EditImage",
			"Target": "Characters/Jodi_Winter",
			"FromFile": "assets/Jodi_Winter.png",
			"When": {
				"Jodi": "true"
			}
		},
		
		{
			// Kel Female
			"Action": "EditImage",
			"Target": "Characters/LeahExFemale",
			"FromFile": "assets/LeahExFemale.png",
			"When": {
				"Kel": "true"
			}
		},
		
		{
			// Kel Male
			"Action": "EditImage",
			"Target": "Characters/LeahExMale",
			"FromFile": "assets/LeahExMale.png",
			"When": {
				"Kel": "true"
			}
		},
		
		{
			// Kent
			"Action": "EditImage",
			"Target": "Characters/Kent",
			"FromFile": "assets/Kent.png",
			"When": {
				"Kent": "true"
			}
		},

		{
			// Kent Winter
			"Action": "EditImage",
			"Target": "Characters/Kent_Winter",
			"FromFile": "assets/Kent_Winter.png",
			"When": {
				"Kent": "true"
			}
		},
		
		{
			// Krobus
			"Action": "EditImage",
			"Target": "Characters/Krobus",
			"FromFile": "assets/Krobus.png",
			"When": {
				"Krobus": "true"
			}
		},
		
		{
			// Krobus Trenchcoat
			"Action": "EditImage",
			"Target": "Characters/Krobus_Trenchcoat",
			"FromFile": "assets/Krobus_Trenchcoat.png",
			"When": {
				"Krobus": "true"
			}
		},
		
		{
			// Krobus Raven
			// I genuinely have no idea when these are used. If someone could tell me I'd love to know!
			"Action": "EditImage",
			"Target": "Characters/KrobusRaven",
			"FromFile": "assets/KrobusRaven.png",
			"When": {
				"Krobus": "true"
			}
		},
		
		{
			// Krobus & Sea Monster
			"Action": "EditImage",
			"Target": "Characters/SeaMonsterKrobus",
			"FromFile": "assets/SeaMonsterKrobus.png",
			"When": {
				"Krobus": "true"
			}
		},
		
		{
			// Leah
			"Action": "EditImage",
			"Target": "Characters/Leah",
			"FromFile": "assets/Leah.png",
			"When": {
				"Leah": "true"
			}
		},
		
		{
			// Leah Beach
			"Action": "EditImage",
			"Target": "Characters/Leah_Beach",
			"FromFile": "assets/Leah_Beach.png",
			"When": {
				"Leah": "true"
			}
		},

		{
			// Leah Winter
			"Action": "EditImage",
			"Target": "Characters/Leah_Winter",
			"FromFile": "assets/Leah_Winter.png",
			"When": {
				"Leah": "true"
			}
		},
		
		{
			// Lewis
			"Action": "EditImage",
			"Target": "Characters/Lewis",
			"FromFile": "assets/Lewis.png",
			"When": {
				"Lewis": "true"
			}
		},
		
		{
			// Lewis Beach
			"Action": "EditImage",
			"Target": "Characters/Lewis_Beach",
			"FromFile": "assets/Lewis_Beach.png",
			"When": {
				"Lewis": "true"
			}
		},

		{
			// Lewis Winter
			"Action": "EditImage",
			"Target": "Characters/Lewis_Winter",
			"FromFile": "assets/Lewis_Winter.png",
			"When": {
				"Lewis": "true"
			}
		},
		
		{
			// Linus
			"Action": "EditImage",
			"Target": "Characters/Linus",
			"FromFile": "assets/Linus.png",
			"When": {
				"Linus": "true"
			}
		},

		{
			// Linus Winter
			"Action": "EditImage",
			"Target": "Characters/Linus_Winter",
			"FromFile": "assets/Linus_Winter.png",
			"When": {
				"Linus": "true"
			}
		},
		
		{
			// Marcello
			// Used in Harvey's events
			"Action": "EditImage",
			"Target": "Characters/Marcello",
			"FromFile": "assets/Marcello.png",
			"When": {
				"Marcello": "true"
			}
		},
		
		{
			// MarILDA
			"Action": "EditImage",
			"Target": "Characters/robot",
			"FromFile": "assets/robot.png",
			"When": {
				"MarILDA": "true"
			}
		},
		
		{
			// Mariner
			"Action": "EditImage",
			"Target": "Characters/Mariner",
			"FromFile": "assets/Mariner.png",
			"When": {
				"Mariner": "true"
			}
		},
		
		{
			// Marlon
			"Action": "EditImage",
			"Target": "Characters/Marlon",
			"FromFile": "assets/Marlon.png",
			"When": {
				"Marlon": "true"
			}
		},
		
		{
			// Marnie
			"Action": "EditImage",
			"Target": "Characters/Marnie",
			"FromFile": "assets/Marnie.png",
			"When": {
				"Marnie": "true"
			}
		},
		
		{
			// Marnie Beach
			"Action": "EditImage",
			"Target": "Characters/Marnie_Beach",
			"FromFile": "assets/Marnie_Beach.png",
			"When": {
				"Marnie": "true"
			}
		},

		{
			// Marnie Winter
			"Action": "EditImage",
			"Target": "Characters/Marnie_Winter",
			"FromFile": "assets/Marnie_Winter.png",
			"When": {
				"Marnie": "true"
			}
		},
		
		{
			// Maru
			"Action": "EditImage",
			"Target": "Characters/Maru",
			"FromFile": "assets/Maru.png",
			"When": {
				"Maru": "true"
			}
		},
		
		{
			// Maru Beach
			"Action": "EditImage",
			"Target": "Characters/Maru_Beach",
			"FromFile": "assets/Maru_Beach.png",
			"When": {
				"Maru": "true"
			}
		},
		
		{
			// Maru Hospital
			"Action": "EditImage",
			"Target": "Characters/Maru_Hospital",
			"FromFile": "assets/Maru_Hospital.png",
			"When": {
				"Maru": "true"
			}
		},

		{
			// Maru Winter
			"Action": "EditImage",
			"Target": "Characters/Maru_Winter",
			"FromFile": "assets/Maru_Winter.png",
			"When": {
				"Maru": "true"
			}
		},
		
		{
			// Morris
			"Action": "EditImage",
			"Target": "Characters/Morris",
			"FromFile": "assets/Morris.png",
			"When": {
				"Morris": "true"
			}
		},
		
		{
			// Mr. Qi
			"Action": "EditImage",
			"Target": "Characters/MrQi",
			"FromFile": "assets/MrQi.png",
			"When": {
				"MrQi": "true"
			}
		},
		
		{
			// Pam
			"Action": "EditImage",
			"Target": "Characters/Pam",
			"FromFile": "assets/Pam.png",
			"When": {
				"Pam": "true"
			}
		},
		
		{
			// Pam Beach
			"Action": "EditImage",
			"Target": "Characters/Pam_Beach",
			"FromFile": "assets/Pam_Beach.png",
			"When": {
				"Pam": "true"
			}
		},

		{
			// Pam Winter
			"Action": "EditImage",
			"Target": "Characters/Pam_Winter",
			"FromFile": "assets/Pam_Winter.png",
			"When": {
				"Pam": "true"
			}
		},
		
		{
			// Parrot Boy / Leo
			"Action": "EditImage",
			"Target": "Characters/ParrotBoy",
			"FromFile": "assets/ParrotBoy.png",
			"When": {
				"ParrotBoy": "true"
			}
		},

		{
			// Parrot Boy / Leo Winter
			"Action": "EditImage",
			"Target": "Characters/ParrotBoy_Winter",
			"FromFile": "assets/ParrotBoy_Winter.png",
			"When": {
				"ParrotBoy": "true"
			}
		},
		
		{
			// Penny
			"Action": "EditImage",
			"Target": "Characters/Penny",
			"FromFile": "assets/Penny.png",
			"When": {
				"Penny": "true"
			}
		},
		
		{
			// Penny Beach
			"Action": "EditImage",
			"Target": "Characters/Penny_Beach",
			"FromFile": "assets/Penny_Beach.png",
			"When": {
				"Penny": "true"
			}
		},

		{
			// Penny Winter
			"Action": "EditImage",
			"Target": "Characters/Penny_Winter",
			"FromFile": "assets/Penny_Winter.png",
			"When": {
				"Penny": "true"
			}
		},
		
		{
			// Pierre
			"Action": "EditImage",
			"Target": "Characters/Pierre",
			"FromFile": "assets/Pierre.png",
			"When": {
				"Pierre": "true"
			}
		},
		
		{
			// Pierre Beach
			"Action": "EditImage",
			"Target": "Characters/Pierre_Beach",
			"FromFile": "assets/Pierre_Beach.png",
			"When": {
				"Pierre": "true"
			}
		},

		{
			// Pierre Winter
			"Action": "EditImage",
			"Target": "Characters/Pierre_Winter",
			"FromFile": "assets/Pierre_Winter.png",
			"When": {
				"Pierre": "true"
			}
		},

		{
			// Raccoon
			"Action": "EditImage",
			"Target": "Characters/raccoon",
			"FromFile": "assets/raccoon.png",
			"When": {
				"Raccoon": "true"
			}
		},
		
		{
			// Robin
			"Action": "EditImage",
			"Target": "Characters/Robin",
			"FromFile": "assets/Robin.png",
			"When": {
				"Robin": "true"
			}
		},
		
		{
			// Robin Beach
			"Action": "EditImage",
			"Target": "Characters/Robin_Beach",
			"FromFile": "assets/Robin_Beach.png",
			"When": {
				"Robin": "true"
			}
		},

		{
			// Robin Winter
			"Action": "EditImage",
			"Target": "Characters/Robin_Winter",
			"FromFile": "assets/Robin_Winter.png",
			"When": {
				"Robin": "true"
			}
		},
		
		{
			// Safari Guy
			"Action": "EditImage",
			"Target": "Characters/SafariGuy",
			"FromFile": "assets/SafariGuy.png",
			"When": {
				"SafariGuy": "true"
			}
		},
		
		{
			// Sam
			"Action": "EditImage",
			"Target": "Characters/Sam",
			"FromFile": "assets/Sam.png",
			"When": {
				"Sam": "true"
			}
		},
		
		{
			// Sam Beach
			"Action": "EditImage",
			"Target": "Characters/Sam_Beach",
			"FromFile": "assets/Sam_Beach.png",
			"When": {
				"Sam": "true"
			}
		},

		{
			// Sam Winter
			"Action": "EditImage",
			"Target": "Characters/Sam_Winter",
			"FromFile": "assets/Sam_Winter.png",
			"When": {
				"Sam": "true"
			}
		},
		
		{
			// Sandy
			"Action": "EditImage",
			"Target": "Characters/Sandy",
			"FromFile": "assets/Sandy.png",
			"When": {
				"Sandy": "true"
			}
		},
		
		{
			// Sebastian
			"Action": "EditImage",
			"Target": "Characters/Sebastian",
			"FromFile": "assets/Sebastian.png",
			"When": {
				"Sebastian": "true"
			}
		},
		
		{
			// Sebastian Beach
			"Action": "EditImage",
			"Target": "Characters/Sebastian_Beach",
			"FromFile": "assets/Sebastian_Beach.png",
			"When": {
				"Sebastian": "true"
			}
		},

		{
			// Sebastian Winter
			"Action": "EditImage",
			"Target": "Characters/Sebastian_Winter",
			"FromFile": "assets/Sebastian_Winter.png",
			"When": {
				"Sebastian": "true"
			}
		},
		
		{
			// Shane
			"Action": "EditImage",
			"Target": "Characters/Shane",
			"FromFile": "assets/Shane.png",
			"When": {
				"Shane": "true"
			}
		},
		
		{
			// Shane Beach
			"Action": "EditImage",
			"Target": "Characters/Shane_Beach",
			"FromFile": "assets/Shane_Beach.png",
			"When": {
				"Shane": "true"
			}
		},
		
		{
			// Shane Joja Mart
			"Action": "EditImage",
			"Target": "Characters/Shane_JojaMart",
			"FromFile": "assets/Shane_JojaMart.png",
			"When": {
				"Shane": "true"
			}
		},

		{
			// Shane Winter
			"Action": "EditImage",
			"Target": "Characters/Shane_Winter",
			"FromFile": "assets/Shane_Winter.png",
			"When": {
				"Shane": "true"
			}
		},
		
		{
			// Toddler Male
			"Action": "EditImage",
			"Target": "Characters/Toddler",
			"FromFile": "assets/Toddler.png",
			"When": {
				"Toddlers": "true"
			}
		},
		
		{
			// Dark Toddler Male
			"Action": "EditImage",
			"Target": "Characters/Toddler_dark",
			"FromFile": "assets/Toddler_dark.png",
			"When": {
				"Toddlers": "true"
			}
		},
		
		{
			// Toddler Female
			"Action": "EditImage",
			"Target": "Characters/Toddler_girl",
			"FromFile": "assets/Toddler_girl.png",
			"When": {
				"Toddlers": "true"
			}
		},
		
		{
			// Dark Toddler Female
			"Action": "EditImage",
			"Target": "Characters/Toddler_girl_dark",
			"FromFile": "assets/Toddler_girl_dark.png",
			"When": {
				"Toddlers": "true"
			}
		},
		
		{
			// Trash Bear
			"Action": "EditImage",
			"Target": "Characters/TrashBear",
			"FromFile": "assets/TrashBear.png",
			"When": {
				"TrashBear": "true"
			}
		},
		
		{
			// Vincent
			"Action": "EditImage",
			"Target": "Characters/Vincent",
			"FromFile": "assets/Vincent.png",
			"When": {
				"Vincent": "true"
			}
		},

		{
			// Vincent Winter
			"Action": "EditImage",
			"Target": "Characters/Vincent_Winter",
			"FromFile": "assets/Vincent_Winter.png",
			"When": {
				"Vincent": "true"
			}
		},
		
		{
			// Willy
			"Action": "EditImage",
			"Target": "Characters/Willy",
			"FromFile": "assets/Willy.png",
			"When": {
				"Willy": "true"
			}
		},

		{
			// Willy Winter
			"Action": "EditImage",
			"Target": "Characters/Willy_Winter",
			"FromFile": "assets/Willy_Winter.png",
			"When": {
				"Willy": "true"
			}
		},
		
		{
			// Wizard
			"Action": "EditImage",
			"Target": "Characters/Wizard",
			"FromFile": "assets/Wizard.png",
			"When": {
				"Wizard": "true"
			}
		},
	]
}