{
  "Name": "Poppy (Joja)",
  "Description": "A beautiful red poppy grown from JojaCo seeds. We support our veterans!",
  "Category": "Flower",
  "CategoryTextOverride": "Joja Flower",
  
  "Edibility": 5,
  "EdibleIsDrink": false,
  "EdibleBuffs": {
    "Farming": 0,
    "Fishing": 0,
    "Mining": 0,
    "Luck": 0,
	"Foraging": 0,
	"MaxStamina": 0,
    "MagnetRadius": 0,
	"Speed": 0,
	"Defense": 0,
	"Attack": 0,
    "Duration": 0,
  },
  
  "Price": 150,
  
  "IsColored": true,
  "Recipe": null,
  
  "GiftTastes": 
		{
		"Love": [ "Morris", "Kent", "Jodi", "Sandy", ],
		"Like": [ "Sam", "Vincent", ],
		"Dislike": [ "Pierre", "George", ],
		"Hate": [   ],	
		},
  
  
  "ContextTags": 
        [
		"color_red",
		"flower_item",
        "dye_medium",
		"season_fall",
        ],

}