{
    "Name": "Melon (Joja)",
    "Product": "Melon (Joja)",
    "SeedName": "Melon (Joja) Seeds",
	
    "SeedDescription": "Plant in summer. Takes 10 days to mature thanks to JojaCo bioengineering!",
	
    "Type": "Fruit",

    "Seasons": ["summer",],
    "Phases": [ 1, 2, 2, 3, 2 ],
    "RegrowthPhase": -1,
    "HarvestWithScythe": false,
    "TrellisCrop": false,
    "Colors": null,
	
    "Bonus": {
        "MinimumPerHarvest": 1,
        "MaximumPerHarvest": 1,
        "MaxIncreasePerFarmLevel": 0,
        "ExtraChance": 0.0,
    },
		
	"SeedPurchaseFrom": "Joja",

    "SeedPurchasePrice": 80,
	"SeedSellPrice": 20,

}
