{
  "White Chicken Default": "BrahmaWhite",
  "White Chicken Skins": "BrahmaCream, BrahmaBlonde, BrahmaFawn, BrahmaBrown, BrahmaRed, BrahmaMidnight, BrahmaBlack, BrahmaGrey, BrahmaSilver, BrahmaWhite, BrahmaVoid, SilkieCream, SilkieBlonde, SilkieFawn, SilkieBrown, SilkieRed, SilkieMidnight, SilkieBlack, SilkieGrey, SilkieSilver, SilkieWhite, SilkieVoid, BantamCream, BantamBlonde, BantamFawn, BantamBrown, BantamRed, BantamMidnight, BantamBlack, BantamGrey, BantamSilver, BantamWhite, BantamVoid",
  "Brown Chicken Default": "SilkieBrown",
  "Brown Chicken Skins": "BrahmaCream, BrahmaBlonde, BrahmaFawn, BrahmaBrown, BrahmaRed, BrahmaMidnight, BrahmaBlack, BrahmaGrey, BrahmaSilver, BrahmaWhite, BrahmaVoid, SilkieCream, SilkieBlonde, SilkieFawn, SilkieBrown, SilkieRed, SilkieMidnight, SilkieBlack, SilkieGrey, SilkieSilver, SilkieWhite, SilkieVoid, BantamCream, BantamBlonde, BantamFawn, BantamBrown, BantamRed, BantamMidnight, BantamBlack, BantamGrey, BantamSilver, BantamWhite, BantamVoid",
  "Void Chicken Default": "Grey",
  "Void Chicken Skins": "White, Silver, Grey, Black, Midnight",
  "Blue Chicken Default": "LightBlue",
  "Blue Chicken Skins": "White, Turquoise, FullTurquoise, LightBlue, FullLightBlue, DarkBlue, FullDarkBlue, Void",
  "Golden Chicken Default": "Golden",
  "Golden Chicken Skins": "Golden, Iridium, White, Void",
  "Duck Default": "MallardMale",
  "Duck Skins": "Cream, Blonde, Fawn, Brown, Red, Midnight, Black, Grey, Silver, White, MallardMale, MallardFemale, Void",
  "Rabbit Default": "SolidBlonde",
  "Rabbit Skins": "SolidCream, SolidBlonde, SolidFawn, SolidBrown, SolidRed, SolidMidnight, SolidBlack, SolidGrey, SolidSilver, SolidWhite, PointedBlonde, PointedFawn, PointedBrown, PointedRed, PointedMidnight, PointedBlack, PointedGrey, PointedSilver, DutchBlonde, DutchFawn, DutchBrown, DutchRed, DutchMidnight, DutchBlack, DutchGrey, DutchSilver, BeltedBlonde, BeltedFawn, BeltedBrown, BeltedRed, BeltedMidnight, BeltedBlack, BeltedGrey, BeltedSilver, LopSolidCream, LopSolidBlonde, LopSolidFawn, LopSolidBrown, LopSolidRed, LopSolidMidnight, LopSolidBlack, LopSolidGrey, LopSolidSilver, LopSolidWhite, LopPointedBlonde, LopPointedFawn, LopPointedBrown, LopPointedRed, LopPointedMidnight, LopPointedBlack, LopPointedGrey, LopPointedSilver, LopDutchBlonde, LopDutchFawn, LopDutchBrown, LopDutchRed, LopDutchMidnight, LopDutchBlack, LopDutchGrey, LopDutchSilver, LopBeltedBlonde, LopBeltedFawn, LopBeltedBrown, LopBeltedRed, LopBeltedMidnight, LopBeltedBlack, LopBeltedGrey, LopBeltedSilver, SolidVoid, BeltedVoid, DutchVoid, PointedVoid, LopSolidVoid, LopBeltedVoid, LopDutchVoid, LopPointedVoid",
  "Dinosaur Default": "Green",
  "Dinosaur Skins": "Green, LightBlue, DarkBlue, Iridium, Red, Orange, Grey, White, Void",
  "Duck Feather Recolor": "MallardMale",
  "Rabbit Foot Recolor": "Blonde",
  "Dinosaur Egg Recolor": "Green"
}