{
  "Name": "Sweet Joja Berry",
  "Description": "The sweetest taste money can buy! Run through a mill for pure sugar goodness.",
  "Category": "Fruit",
  "CategoryTextOverride": "Joja Fruit",
  
  "Edibility": 70,
  "EdibleIsDrink": false,
  "EdibleBuffs": {
    "Farming": 0,
    "Fishing": 0,
    "Mining": 0,
    "Luck": 0,
	"Foraging": 0,
	"MaxStamina": 25,
    "MagnetRadius": 0,
	"Speed": 1,
	"Defense": 0,
	"Attack": 0,
    "Duration": 120,
  },
  
  "Price": 640,
  
  "IsColored": false,
  "Recipe": null,
  
  "GiftTastes": 
		{
		"Love": [ "Jas", "Vincent", "Haley", "Sam", "Leo", "Lucikiel", ],
		"Like": [ "Abigail", "Maru", "Demetrius", "Morris", ],
		"Dislike": [ "Caroline", "Wizard", "Leah" ],
		"Hate": [  "Pierre", "Clint", "George" ],	
		},
  
  
  "ContextTags": 
        [
        "color_blue",
        "dye_strong",
		"season_summer",
	"fruit_item",
        ],

}