{
  "Name": "Void Garlic Potatoes",
  "Description": "A heap of fried potatoes smothered in garlic, goat cheese, and void mayo. Hmmm... (Recipe makes 2 servings.)",
  "Category": "Cooking",
  
  "Edibility": 35,
  "EdibleIsDrink": false,
  "EdibleBuffs": {
    "Farming": 0,
    "Fishing": 0,
    "Mining": 0,
    "Luck": 0,
	"Foraging": 0,
	"MaxStamina": 0,
    "MagnetRadius": 0,
	"Speed": 0,
	"Defense": 1,
	"Attack": 0,
    "Duration": 180,
  },
  
  "Price": 400,
  
  "IsColored": false,
  
  "Recipe": {
			  "ResultCount": 2,
			  "Ingredients": [
				{
				   "Object": "Goat Cheese",
				   "Count": 1,
				},
				{
				   "Object": "Potato (Joja)",
				   "Count": 4,
				},
				{
				   "Object": "Oil",
				   "Count": 1,
				},
				{
				   "Object": "Garlic",
				   "Count": 1,
				},
				{
				   "Object": "Void Mayonnaise",
				   "Count": 1,
				},
			      ],
			   "IsDefault": "False",
			   "CanPurchase": "True",
			   "PurchaseFrom": "Joja",
			   "PurchasePrice": 1500,
			   "PurchaseRequirements": null,
			},
  
  "GiftTastes": 
		{
		"Love": [ "Krobus", "Sebastian", ],
		"Like": [  "Dwarf", "Wizard", "Marlon", "Juliet", ],
		"Neutral": [ "Morris", ],
		"Dislike": [  ],
		"Hate": [  "Abigail", "Alex", "Caroline", "Clint", "Demetrius",  "Elliott", "Emily", "Evelyn", "George", "Gus", "Haley", "Harvey", "Jas", "Jodi", "Kent", "Leah", "Leo", "Lewis", "Linus", "Marnie", "Maru", "Pam", "Penny", "Pierre", "Robin", "Sam", "Sandy", "Shane", "Vincent", "Willy", ],	
		},
  

}