{
    "Name": "Radish (Joja)",
    "Product": "Radish (Joja)",
    "SeedName": "Radish (Joja) Seeds",
	
    "SeedDescription": "Plant in spring or summer thanks to JojaCo bioengineering! Takes 6 days to mature.",
	
    "Type": "Vegetable",

    "Seasons": ["spring", "summer"],
    "Phases": [ 2, 1, 2, 1 ],
    "RegrowthPhase": -1,
    "HarvestWithScythe": false,
    "TrellisCrop": false,
    "Colors": null,
	
    "Bonus": {
        "MinimumPerHarvest": 1,
        "MaximumPerHarvest": 1,
        "MaxIncreasePerFarmLevel": 0,
        "ExtraChance": 0.0,
    },
		
	"SeedPurchaseFrom": "Joja",

    "SeedPurchasePrice": 40,
	"SeedSellPrice": 10,

}
