{
    "Changes": [

{
    "LogName":"Faerie Garden Seeds",
    "Action": "EditData",
    "Target": "Data/Crops",
    "Entries": {
        "wildflour.ateliercrops_amber_moondrop_seeds": {
            "Seasons": [ "spring", "summer" ],
            "DaysInPhase": [4, 4, 4, 4, 5],
            "RegrowDays": 4,
            "HarvestMinStack": 1,
            "HarvestMaxStack": 1,
            "HarvestMaxIncreasePerFarmingLevel":0.2,
            "ExtraHarvestChance": 0.05,
            "HarvestItemId": "wildflour.ateliercrops_amber_moondrop",
            "Texture": "Mods/wildflour.ateliercrops/CropsFG",
            "SpriteIndex": 0
    },
        "wildflour.ateliercrops_arctic_fox_seeds": {
            "Seasons": [ "spring","summer" ],
            "DaysInPhase": [2, 3, 3, 3, 3],
            "RegrowDays": -1,
            "HarvestMinStack": 1,
            "HarvestMaxStack": 1,
            "HarvestMaxIncreasePerFarmingLevel":0.2,
            "ExtraHarvestChance": 0.05,
            "HarvestItemId": "wildflour.ateliercrops_arctic_fox",
            "Texture": "Mods/wildflour.ateliercrops/CropsFG",
            "TintColors":["#ff6d77", "#ef8f55", "#e9b425", "#ffc6aa"],
            "SpriteIndex": 2
    },    
        "wildflour.ateliercrops_avalune_seeds": {
            "Seasons": [ "spring", "summer" ],
            "DaysInPhase": [2, 2, 2, 3, 3],
            "RegrowDays": -1,
            "HarvestMinStack": 1,
            "HarvestMaxStack": 1,
            "HarvestMaxIncreasePerFarmingLevel":0.2,
            "ExtraHarvestChance": 0.05,
            "HarvestItemId": "wildflour.ateliercrops_avalune",
            "Texture": "Mods/wildflour.ateliercrops/CropsFG",
            "TintColors":["#a87dff", "#cd5f98", "#4cbdca", "#42bfe8"],
            "SpriteIndex": 1
    },    
        "wildflour.ateliercrops_puffball_seeds": {
            "Seasons": [ "spring" ],
            "DaysInPhase": [3, 3, 2, 2, 2],
            "RegrowDays": 5,
            "HarvestMinStack": 1,
            "HarvestMaxStack": 1,
            "HarvestMaxIncreasePerFarmingLevel":0.2,
            "ExtraHarvestChance": 0.05,
            "HarvestItemId": "wildflour.ateliercrops_puffball",
            "Texture": "Mods/wildflour.ateliercrops/CropsFG",
            "SpriteIndex": 3
    },    
        "wildflour.ateliercrops_jade_moondrop_seeds": {
            "Seasons": [ "summer","fall" ],
            "DaysInPhase": [3, 3, 3, 3, 1],
            "RegrowDays": 4,
            "HarvestMinStack": 1,
            "HarvestMaxStack": 1,
            "HarvestMaxIncreasePerFarmingLevel":0.2,
            "ExtraHarvestChance": 0.05,
            "HarvestItemId": "wildflour.ateliercrops_jade_moondrop",
            "Texture": "Mods/wildflour.ateliercrops/CropsFG",
            "SpriteIndex": 4
    },    
        "wildflour.ateliercrops_lapis_moondrop_seeds": {
            "Seasons": [ "summer","fall" ],
            "DaysInPhase": [4, 4, 4, 4, 5],
            "RegrowDays": 4,
            "HarvestMinStack": 1,
            "HarvestMaxStack": 1,
            "HarvestMaxIncreasePerFarmingLevel":0.2,
            "ExtraHarvestChance": 0.05,
            "HarvestItemId": "wildflour.ateliercrops_lapis_moondrop",
            "Texture": "Mods/wildflour.ateliercrops/CropsFG",
            "SpriteIndex": 5
    },    
        "wildflour.ateliercrops_mandrake_seeds": {
            "Seasons": [ "fall" ],
            "DaysInPhase": [2, 2, 2, 2, 2],
            "RegrowDays": -1,
            "HarvestMinStack": 1,
            "HarvestMaxStack": 1,
            "HarvestMaxIncreasePerFarmingLevel":0.2,
            "ExtraHarvestChance": 0.05,
            "HarvestItemId": "wildflour.ateliercrops_mandrake",
            "Texture": "Mods/wildflour.ateliercrops/CropsFG",
            "SpriteIndex": 6
    },    
        "wildflour.ateliercrops_maiden_seeds": {
            "Seasons": [ "spring" ],
            "DaysInPhase": [1, 1, 1, 1, 1],
            "RegrowDays": -1,
            "HarvestMinStack": 1,
            "HarvestMaxStack": 1,
            "HarvestMaxIncreasePerFarmingLevel":0.2,
            "ExtraHarvestChance": 0.05,
            "HarvestItemId": "wildflour.ateliercrops_maiden",
            "Texture": "Mods/wildflour.ateliercrops/CropsFG",
            "SpriteIndex": 8
    },    
        "wildflour.ateliercrops_mugwort_seeds": {
            "Seasons": [ "summer","fall" ],
            "DaysInPhase": [2, 3, 2, 3, 2],
            "RegrowDays": 4,
            "HarvestMinStack": 1,
            "HarvestMaxStack": 1,
            "HarvestMaxIncreasePerFarmingLevel":0.2,
            "ExtraHarvestChance": 0.05,
            "HarvestItemId": "wildflour.ateliercrops_mugwort",
            "Texture": "Mods/wildflour.ateliercrops/CropsFG",
            "SpriteIndex": 9
    },    
        "wildflour.ateliercrops_pearl_moondrop_seeds": {
            "Seasons": [ "spring", "winter" ],
            "DaysInPhase": [4, 4, 4, 4, 5],
            "RegrowDays": 4,
            "HarvestMinStack": 1,
            "HarvestMaxStack": 1,
            "HarvestMaxIncreasePerFarmingLevel":0.2,
            "ExtraHarvestChance": 0.05,
            "HarvestItemId": "wildflour.ateliercrops_pearl_moondrop",
            "Texture": "Mods/wildflour.ateliercrops/CropsFG",
            "SpriteIndex": 10
    },    
        "wildflour.ateliercrops_pixies_breath_seeds": {
            "Seasons": [ "fall" ],
            "DaysInPhase": [3, 3, 3, 3, 2],
            "RegrowDays": 3,
            "HarvestMinStack": 1,
            "HarvestMaxStack": 1,
            "HarvestMaxIncreasePerFarmingLevel":0.2,
            "ExtraHarvestChance": 0.05,
            "HarvestItemId": "wildflour.ateliercrops_pixies_breath",
            "Texture": "Mods/wildflour.ateliercrops/CropsFG",
            "SpriteIndex": 11
    },    
        "wildflour.ateliercrops_rose_flax_seeds": {
            "Seasons": [ "spring","summer","fall", "winter" ],
            "DaysInPhase": [1, 1, 1, 1],
            "RegrowDays": -1,
            "HarvestMinStack": 1,
            "HarvestMaxStack": 1,
            "HarvestMethod":"Scythe",
            "HarvestMaxIncreasePerFarmingLevel":0.2,
            "ExtraHarvestChance": 0.05,
            "HarvestItemId": "wildflour.ateliercrops_rose_flax",
            "Texture": "Mods/wildflour.ateliercrops/CropsFG",
            "SpriteIndex": 12
    },      
        "wildflour.ateliercrops_thistle_seeds": {
            "Seasons": [ "summer","fall" ],
            "DaysInPhase": [2, 2, 2, 2, 2],
            "RegrowDays": 5,
            "HarvestMinStack": 1,
            "HarvestMaxStack": 1,
            "HarvestMaxIncreasePerFarmingLevel":0.2,
            "ExtraHarvestChance": 0.05,
            "HarvestItemId": "wildflour.ateliercrops_thistle",
            "Texture": "Mods/wildflour.ateliercrops/CropsFG",
            "SpriteIndex": 14
    },    
        "wildflour.ateliercrops_valerian_seeds": {
            "Seasons": [ "summer" ],
            "DaysInPhase": [2, 3, 3, 3, 2],
            "RegrowDays": 5,
            "HarvestMinStack": 1,
            "HarvestMaxStack": 1,
            "HarvestMaxIncreasePerFarmingLevel":0.2,
            "ExtraHarvestChance": 0.05,
            "HarvestItemId": "wildflour.ateliercrops_valerian",
            "Texture": "Mods/wildflour.ateliercrops/CropsFG",
            "SpriteIndex": 15
    },    
        "wildflour.ateliercrops_violet_flax_seeds": {
            "Seasons": [ "spring","summer","fall", "winter" ],
            "DaysInPhase": [1, 1, 1],
            "RegrowDays": -1,
            "HarvestMethod":"Scythe",
            "HarvestMinStack": 1,
            "HarvestMaxStack": 1,
            "HarvestMaxIncreasePerFarmingLevel":0.2,
            "ExtraHarvestChance": 0.05,
            "HarvestItemId": "wildflour.ateliercrops_violet_flax",
            "Texture": "Mods/wildflour.ateliercrops/CropsFG",
            "SpriteIndex": 16
    },    
        "wildflour.ateliercrops_yarrow_seeds": {
            "Seasons": [ "spring","summer" ],
            "DaysInPhase": [3, 3, 2, 2],
            "RegrowDays": -1,
            "HarvestMinStack": 1,
            "HarvestMaxStack": 1,
            "HarvestMaxIncreasePerFarmingLevel":0.2,
            "ExtraHarvestChance": 0.05,
            "HarvestItemId": "wildflour.ateliercrops_yarrow",
            "Texture": "Mods/wildflour.ateliercrops/CropsFG",
            "TintColors":["#fff29c", "#f0b5a8", "#dd7764", "#f7e1c6", "#ffc1e1"],
            "SpriteIndex": 17
    }
}
}





    ]
}