{
    "Changes": [

//////////////
// ADD MAIL //
//////////////

        {
            "Action": "EditData",
            "Target": "Data/Mail",
                "Entries": {
                    "wildflour.ateliercrops_SO2_reward": "{{i18n:ateliercrops_SO2_reward.text}} %item id (O)wildflour.ateliercrops_strawberryseeds 10 %%[#]{{i18n:ateliercrops_SO2_reward.name}}",     
                    "wildflour.ateliercrops_SO3_reward": "{{i18n:ateliercrops_SO3_reward.text}} %item id (O)wildflour.ateliercrops_chickenwoodsseeds 5 %%[#]{{i18n:ateliercrops_SO3_reward.name}}", 
                    "wildflour.ateliercrops_SO4_reward": "{{i18n:ateliercrops_SO4_reward.text}} %item id (O)MixedFlowerSeeds 10 %%[#]{{i18n:ateliercrops_SO4_reward.name}}", 
                    "wildflour.ateliercrops_SO5_reward": "{{i18n:ateliercrops_SO5_reward.text}} %item id (O)275 20 %%[#]{{i18n:ateliercrops_SO5_reward.name}}" 
                }
            },

///////////////
// SEND MAIL //
///////////////

        {
            "Action": "EditData",
            "Target": "Data/Events/Farm",
        
            "Entries": {	
                "wildflour.ateliercrops_SO2mail/n wildflour.ateliercrops_SO2_complete/x wildflour.ateliercrops_SO2_reward": "null",
                "wildflour.ateliercrops_SO3mail/n wildflour.ateliercrops_SO3_complete/x wildflour.ateliercrops_SO3_reward": "null",
                "wildflour.ateliercrops_SO4mail/n wildflour.ateliercrops_SO4_complete/x wildflour.ateliercrops_SO4_reward": "null",			
                "wildflour.ateliercrops_SO5mail/n wildflour.ateliercrops_SO5_complete/x wildflour.ateliercrops_SO5_reward": "null"		
            }
            },         
        
        
            
]
}