{
	"Changes":
	[
		// add custom machine goods
		{
			"Action": "EditData",
			"Target": "Data/Machines",
			"TargetField": [ "(BC)19", "OutputRules" ],
			"Entries": {
				"Cornucopia_CanolaFlowerOil": {
					"Id": "Cornucopia_CanolaFlowerOil",
					"Triggers": 
						[
							{
								"RequiredItemId": "(O)Cornucopia_CanolaFlower",
							},
						],
					"OutputItem":
						[
							{
								"ItemId": "(O)247",
							}
						],
					"MinutesUntilReady": 60,
				},
				"Cornucopia_PeanutOil": {
					"Id": "Cornucopia_PeanutOil",
					"Triggers": 
						[
							{
								"RequiredItemId": "(O)Cornucopia_Peanut",
							}
						],
					"OutputItem":
						[
							{
								"ItemId": "(O)247",
							}
						],
					"MinutesUntilReady": 360,
				},
				"Cornucopia_SeedsOil": {
					"Id": "Cornucopia_SeedsOil",
					"Triggers": 
						[
							{
								"RequiredItemId": "(O)Cornucopia_CanolaFlowerSeeds",
							},
						],
					"OutputItem":
						[
							{
								"ItemId": "(O)247",
							}
						],
					"MinutesUntilReady": 3200,
				},
				"Cornucopia_OliveOil": {
					"Id": "Cornucopia_OliveOil",
					"Triggers": 
						[
							{
								"RequiredItemId": "(O)Cornucopia_Olive",
							}
						],
					"OutputItem":
						[
							{
								"ItemId": "(O)Cornucopia_OliveOil",
							}
						],
					"MinutesUntilReady": 960,
				}
			}
		}
    ]
}