{
    "Name": "Sweet Joja Berry",
    "Product": "Sweet Joja Berry",
    "SeedName": "Sweet Joja Berry Seeds",
	
    "SeedDescription": "This summer fruit has the sweetest taste on the market! Grows in just 18 days.",
	
    "Type": "Fruit",

    "Seasons": ["summer",],
    "Phases": [ 2, 4, 4, 4, 4 ],
    "RegrowthPhase": -1,
    "HarvestWithScythe": false,
    "TrellisCrop": false,
    "Colors": null,
	
    "Bonus": {
        "MinimumPerHarvest": 1,
        "MaximumPerHarvest": 2,
        "MaxIncreasePerFarmLevel": 0,
        "ExtraChance": 0.05,
    },
		
	"SeedPurchaseFrom": "Joja",

    "SeedPurchasePrice": 250,
	"SeedSellPrice": 75,

}
