{
    "Name": "Heirloom Potato",
    "Product": "Heirloom Potato",
    "SeedName": "Heirloom Potato Seeds",
	
    "SeedDescription": "Plant these rainbow potatoes in spring for a tasty vegetable just like grandma used to grow! Takes 6 days to mature.",
	
    "Type": "Vegetable",

    "Seasons": ["spring", ],
    "Phases": [ 1, 1, 1, 2, 1, ],
    "RegrowthPhase": -1,
    "HarvestWithScythe": false,
    "TrellisCrop": false,
    "Colors": [
        "198, 190, 35, 1",
        "206, 145, 53, 1",
		"104, 48, 147, 1",
		"135, 101, 39, 1",
		"163, 105, 4, 1",
		"163, 36, 4, 1",
		"226, 38, 69, 1",
		"105, 72, 130, 1",
    ],
	
    "Bonus": {
        "MinimumPerHarvest": 1,
        "MaximumPerHarvest": 2,
        "MaxIncreasePerFarmLevel": 0,
        "ExtraChance": 0.2,
    },
		
	"SeedPurchaseFrom": "handledinSTF",

    "SeedPurchasePrice": 80,
	"SeedSellPrice": 30,

}
